{
  "average_frame_build_time_millis": 1.3078809523809523,
  "90th_percentile_frame_build_time_millis": 1.551,
  "99th_percentile_frame_build_time_millis": 5.536,
  "worst_frame_build_time_millis": 7.945,
  "missed_frame_build_budget_count": 0,
  "average_frame_rasterizer_time_millis": 4.9093253968253965,
  "90th_percentile_frame_rasterizer_time_millis": 16.567,
  "99th_percentile_frame_rasterizer_time_millis": 18.062,
  "worst_frame_rasterizer_time_millis": 42.341,
  "missed_frame_rasterizer_budget_count": 22,
  "frame_count": 126,
  "frame_rasterizer_count": 126,
  "frame_build_times": [
    836,
    449,
    616,
    575,
    835,
    808,
    788,
    1147,
    1056,
    284,
    304,
    323,
    339,
    471,
    427,
    401,
    430,
    543,
    436,
    432,
    407,
    360,
    5536,
    1099,
    911,
    1196,
    1518,
    1460,
    1415,
    1516,
    1515,
    1483,
    1456,
    1348,
    1483,
    1569,
    956,
    788,
    1052,
    976,
    986,
    1047,
    997,
    934,
    999,
    995,
    950,
    3772,
    5328,
    1479,
    778,
    524,
    263,
    423,
    431,
    932,
    1034,
    1166,
    1021,
    1177,
    1585,
    1024,
    1072,
    1013,
    1004,
    1148,
    1021,
    985,
    1064,
    808,
    1006,
    838,
    4069,
    5135,
    1550,
    1120,
    1539,
    1389,
    1429,
    1551,
    1438,
    1413,
    1398,
    1567,
    1438,
    1431,
    1424,
    787,
    1003,
    968,
    958,
    774,
    967,
    959,
    1003,
    987,
    967,
    1005,
    4254,
    817,
    7945,
    2542,
    1504,
    1458,
    1501,
    1239,
    1465,
    1494,
    1498,
    1489,
    1493,
    1452,
    1525,
    1119,
    1065,
    1069,
    1093,
    1136,
    1048,
    1059,
    991,
    1062,
    1063,
    1067,
    974,
    4754
  ],
  "frame_rasterizer_times": [
    16528,
    16266,
    16573,
    16736,
    16574,
    16314,
    16595,
    16097,
    16884,
    16530,
    16691,
    16651,
    18062,
    15541,
    16273,
    16567,
    17150,
    16112,
    16609,
    16504,
    16404,
    16901,
    1635,
    1865,
    1659,
    1977,
    3516,
    2310,
    2204,
    2545,
    2234,
    2312,
    2239,
    1954,
    2270,
    2199,
    2205,
    1988,
    2182,
    2109,
    2285,
    2317,
    2211,
    2148,
    2399,
    2235,
    2247,
    1433,
    1791,
    42341,
    870,
    526,
    486,
    774,
    729,
    1514,
    1553,
    1874,
    1676,
    1886,
    2046,
    2587,
    2450,
    3377,
    2304,
    2601,
    2376,
    2338,
    2306,
    2047,
    2368,
    1787,
    2279,
    1608,
    1934,
    2533,
    2481,
    2989,
    2234,
    2443,
    2413,
    2325,
    2344,
    2241,
    2265,
    2236,
    2358,
    2018,
    2148,
    2171,
    2155,
    2186,
    2223,
    2272,
    2295,
    2317,
    2212,
    2240,
    1827,
    1345,
    1371,
    1812,
    1829,
    2136,
    2310,
    1650,
    2000,
    1874,
    2047,
    2157,
    2002,
    1999,
    2149,
    2058,
    1971,
    2010,
    2237,
    2019,
    1989,
    1959,
    1794,
    2044,
    1883,
    1997,
    1563,
    1776
  ],
  "frame_begin_times": [
    0,
    16650,
    33298,
    50005,
    66657,
    83366,
    100068,
    116708,
    133342,
    150309,
    167004,
    183711,
    200275,
    217369,
    233890,
    250366,
    267047,
    284035,
    300397,
    317039,
    333654,
    350321,
    416713,
    433479,
    450200,
    466958,
    483726,
    500295,
    517002,
    533846,
    550298,
    566955,
    583643,
    600464,
    617042,
    633659,
    650331,
    666918,
    683677,
    700345,
    716963,
    733701,
    750363,
    766936,
    783788,
    800382,
    816990,
    833692,
    866710,
    883579,
    900128,
    933427,
    950069,
    966708,
    983354,
    1000293,
    1016884,
    1033549,
    1050247,
    1066875,
    1083645,
    1100400,
    1117072,
    1133633,
    1150313,
    1167184,
    1183702,
    1200359,
    1217034,
    1233843,
    1250293,
    1266908,
    1283675,
    1316813,
    1333565,
    1350137,
    1366975,
    1383627,
    1400275,
    1417102,
    1433568,
    1450332,
    1467035,
    1483762,
    1500322,
    1516955,
    1533667,
    1550462,
    1566940,
    1583597,
    1600255,
    1616884,
    1633706,
    1650277,
    1666913,
    1683653,
    1700342,
    1716987,
    1733815,
    1766776,
    1783611,
    1800277,
    1816952,
    1833586,
    1850250,
    1867205,
    1883624,
    1900237,
    1916992,
    1933706,
    1950243,
    1966962,
    1983614,
    2000329,
    2016976,
    2033579,
    2050379,
    2067038,
    2083608,
    2100313,
    2117239,
    2133723,
    2150236,
    2166983,
    2183699,
    2200202
  ],
  "frame_rasterizer_begin_times": [
    0,
    16617,
    33125,
    49770,
    66632,
    83405,
    100082,
    117058,
    133537,
    150485,
    167061,
    183806,
    200515,
    218645,
    234313,
    250648,
    267287,
    284544,
    300749,
    317444,
    334049,
    350520,
    421117,
    433728,
    450307,
    467281,
    484441,
    500967,
    517642,
    534523,
    551030,
    567638,
    584310,
    600969,
    617649,
    634441,
    650496,
    666876,
    683813,
    700527,
    717157,
    733958,
    750565,
    767081,
    784018,
    800588,
    817150,
    836641,
    870966,
    884265,
    926704,
    933120,
    949514,
    966279,
    982980,
    1000387,
    1017077,
    1033864,
    1050507,
    1067178,
    1084452,
    1100636,
    1117327,
    1133835,
    1150526,
    1167528,
    1183976,
    1200554,
    1217281,
    1233838,
    1250511,
    1266860,
    1286474,
    1320957,
    1334273,
    1350453,
    1367726,
    1384240,
    1400913,
    1417855,
    1434215,
    1450982,
    1467670,
    1484542,
    1500975,
    1517557,
    1534301,
    1550405,
    1567165,
    1583787,
    1600447,
    1616848,
    1633883,
    1650448,
    1667066,
    1683882,
    1700541,
    1717187,
    1737247,
    1766758,
    1790469,
    1801953,
    1817671,
    1834210,
    1850962,
    1867633,
    1884267,
    1900899,
    1917678,
    1934393,
    1950947,
    1967627,
    1984355,
    2000682,
    2017251,
    2033864,
    2050721,
    2067397,
    2083863,
    2100583,
    2117415,
    2133990,
    2150513,
    2167276,
    2183846,
    2203753
  ],
  "average_vsync_transitions_missed": 1.04,
  "90th_percentile_vsync_transitions_missed": 1.0,
  "99th_percentile_vsync_transitions_missed": 2.0
}