{
  "average_frame_build_time_millis": 1.1634796747967475,
  "90th_percentile_frame_build_time_millis": 1.523,
  "99th_percentile_frame_build_time_millis": 6.442,
  "worst_frame_build_time_millis": 8.039,
  "missed_frame_build_budget_count": 0,
  "average_frame_rasterizer_time_millis": 1.9983114754098361,
  "90th_percentile_frame_rasterizer_time_millis": 2.418,
  "99th_percentile_frame_rasterizer_time_millis": 3.242,
  "worst_frame_rasterizer_time_millis": 33.459,
  "missed_frame_rasterizer_budget_count": 1,
  "frame_count": 123,
  "frame_rasterizer_count": 122,
  "frame_build_times": [
    536,
    789,
    717,
    735,
    967,
    901,
    322,
    360,
    341,
    351,
    492,
    460,
    424,
    429,
    461,
    450,
    351,
    295,
    276,
    3397,
    1330,
    612,
    834,
    664,
    537,
    586,
    842,
    573,
    585,
    522,
    617,
    514,
    591,
    370,
    432,
    430,
    427,
    386,
    430,
    513,
    429,
    536,
    450,
    508,
    1416,
    3746,
    1157,
    549,
    577,
    344,
    422,
    445,
    947,
    852,
    912,
    1023,
    1119,
    1555,
    993,
    994,
    1030,
    1002,
    1202,
    1149,
    1079,
    989,
    1438,
    998,
    1052,
    4239,
    6442,
    1521,
    1065,
    1513,
    1448,
    1393,
    1443,
    1664,
    1464,
    1397,
    1717,
    1418,
    1367,
    1386,
    888,
    960,
    1068,
    952,
    757,
    971,
    1026,
    997,
    1007,
    955,
    958,
    4314,
    673,
    8039,
    2582,
    1458,
    1439,
    1463,
    1327,
    1523,
    1422,
    1477,
    1529,
    1464,
    1486,
    1519,
    1136,
    1034,
    1061,
    1155,
    1156,
    1084,
    825,
    1124,
    1094,
    1052,
    1051,
    878,
    4965
  ],
  "frame_rasterizer_times": [
    715,
    396,
    857,
    523,
    517,
    1244,
    1588,
    1917,
    1765,
    2563,
    1953,
    2533,
    1881,
    2026,
    2438,
    1898,
    1524,
    1321,
    1428,
    1876,
    1079,
    1564,
    1664,
    933,
    1434,
    1510,
    977,
    963,
    869,
    1033,
    913,
    927,
    870,
    1008,
    869,
    926,
    904,
    1008,
    1309,
    993,
    3242,
    1044,
    1247,
    799,
    968,
    33459,
    765,
    492,
    481,
    724,
    679,
    1505,
    1406,
    1417,
    1662,
    1824,
    2293,
    2663,
    2393,
    3240,
    2332,
    2505,
    2342,
    2353,
    2325,
    1850,
    1859,
    2270,
    2465,
    1643,
    2132,
    1996,
    2499,
    2883,
    2323,
    2418,
    2309,
    2367,
    2037,
    2851,
    2313,
    2239,
    2209,
    1750,
    2262,
    2201,
    2156,
    1852,
    2177,
    2166,
    2418,
    2308,
    2139,
    2122,
    1838,
    1296,
    1388,
    1846,
    2023,
    2064,
    2359,
    1626,
    1587,
    2075,
    2048,
    2066,
    2050,
    1926,
    2081,
    2121,
    1950,
    1862,
    2120,
    2014,
    1870,
    1479,
    1992,
    1933,
    1924,
    1838,
    1565,
    1763
  ],
  "frame_begin_times": [
    0,
    16623,
    33327,
    50046,
    66722,
    83387,
    100363,
    116963,
    133596,
    150261,
    167393,
    183715,
    200499,
    216979,
    233991,
    250352,
    266943,
    283535,
    300199,
    366766,
    383510,
    400122,
    416829,
    433440,
    450048,
    466817,
    483872,
    500159,
    516806,
    533435,
    550143,
    566716,
    583496,
    599959,
    616761,
    633375,
    650153,
    666664,
    683494,
    700097,
    716830,
    733654,
    750133,
    766760,
    783453,
    816805,
    833432,
    850042,
    883365,
    899981,
    916668,
    933353,
    950306,
    966785,
    983413,
    1000162,
    1016853,
    1033676,
    1050400,
    1067063,
    1083625,
    1100262,
    1117127,
    1133669,
    1150202,
    1167022,
    1183731,
    1200142,
    1216941,
    1233615,
    1266750,
    1283401,
    1300156,
    1316970,
    1333600,
    1350262,
    1367027,
    1383545,
    1400349,
    1416912,
    1433717,
    1450303,
    1466888,
    1483642,
    1500324,
    1516931,
    1533679,
    1550267,
    1566861,
    1583546,
    1600269,
    1616994,
    1633658,
    1650214,
    1666993,
    1683747,
    1716749,
    1733456,
    1750323,
    1766963,
    1783644,
    1800275,
    1817068,
    1833671,
    1850204,
    1866971,
    1883725,
    1900288,
    1916885,
    1933586,
    1950189,
    1966914,
    1983614,
    2000273,
    2016927,
    2033627,
    2050164,
    2067095,
    2083614,
    2100247,
    2116902,
    2134028,
    2150280
  ],
  "frame_rasterizer_begin_times": [
    0,
    16648,
    33366,
    50286,
    66887,
    83217,
    99836,
    116458,
    133137,
    150395,
    166751,
    183473,
    199973,
    217017,
    233360,
    251877,
    266354,
    283016,
    352580,
    367359,
    383231,
    400203,
    416602,
    433083,
    449929,
    467276,
    483232,
    499887,
    516459,
    533258,
    549786,
    566583,
    582825,
    599691,
    616298,
    633078,
    649624,
    666412,
    683122,
    699755,
    716707,
    733081,
    749781,
    767369,
    802880,
    817091,
    850625,
    866437,
    882853,
    899636,
    916333,
    933772,
    950153,
    966837,
    983721,
    1000530,
    1017762,
    1033974,
    1050621,
    1067219,
    1083843,
    1100905,
    1117381,
    1133824,
    1150576,
    1167718,
    1183611,
    1200506,
    1219888,
    1255512,
    1267450,
    1283748,
    1301071,
    1317618,
    1334234,
    1351042,
    1367785,
    1384371,
    1400902,
    1418009,
    1434310,
    1450849,
    1467606,
    1483739,
    1500455,
    1517296,
    1533790,
    1550164,
    1567109,
    1583832,
    1600523,
    1617260,
    1633733,
    1650496,
    1670607,
    1699945,
    1723830,
    1735319,
    1750987,
    1767647,
    1784318,
    1800861,
    1817672,
    1834208,
    1851014,
    1867815,
    1884333,
    1900955,
    1917685,
    1933904,
    1950535,
    1967249,
    1984003,
    2000556,
    2017275,
    2033516,
    2050791,
    2067268,
    2083868,
    2100524,
    2117410,
    2137362
  ],
  "average_vsync_transitions_missed": 1.5,
  "90th_percentile_vsync_transitions_missed": 2.0,
  "99th_percentile_vsync_transitions_missed": 2.0
}