{
  "average_frame_build_time_millis": 1.3073968253968258,
  "90th_percentile_frame_build_time_millis": 1.597,
  "99th_percentile_frame_build_time_millis": 7.121,
  "worst_frame_build_time_millis": 7.906,
  "missed_frame_build_budget_count": 0,
  "average_frame_rasterizer_time_millis": 2.3636507936507942,
  "90th_percentile_frame_rasterizer_time_millis": 2.497,
  "99th_percentile_frame_rasterizer_time_millis": 16.625,
  "worst_frame_rasterizer_time_millis": 43.495,
  "missed_frame_rasterizer_budget_count": 2,
  "frame_count": 126,
  "frame_rasterizer_count": 126,
  "frame_build_times": [
    553,
    358,
    433,
    494,
    421,
    644,
    569,
    837,
    1011,
    200,
    282,
    289,
    459,
    460,
    431,
    444,
    456,
    437,
    442,
    439,
    457,
    356,
    5865,
    1466,
    1456,
    1429,
    1358,
    1407,
    1422,
    1378,
    1431,
    1105,
    1409,
    1389,
    1364,
    1473,
    957,
    924,
    913,
    700,
    927,
    906,
    940,
    745,
    921,
    938,
    911,
    3997,
    5273,
    1327,
    801,
    534,
    323,
    480,
    494,
    925,
    1001,
    1089,
    1119,
    1476,
    1597,
    970,
    969,
    995,
    1009,
    960,
    983,
    789,
    979,
    975,
    974,
    1042,
    4258,
    7121,
    2162,
    1447,
    1477,
    1434,
    1450,
    1411,
    1450,
    1448,
    1652,
    1144,
    1414,
    1520,
    1528,
    988,
    998,
    904,
    976,
    965,
    1015,
    915,
    707,
    764,
    999,
    1036,
    4394,
    697,
    7906,
    2116,
    1448,
    1293,
    1093,
    1512,
    1453,
    1770,
    1455,
    1491,
    1433,
    1321,
    1491,
    1110,
    1075,
    1118,
    829,
    1052,
    1062,
    1119,
    1074,
    1063,
    1113,
    1120,
    1057,
    4597
  ],
  "frame_rasterizer_times": [
    16625,
    1193,
    343,
    480,
    267,
    392,
    393,
    565,
    583,
    522,
    1148,
    1327,
    1885,
    1759,
    1757,
    1995,
    1855,
    1743,
    1796,
    2112,
    1766,
    1485,
    1604,
    1976,
    2497,
    2565,
    2977,
    2426,
    2348,
    2277,
    2241,
    1921,
    2034,
    2228,
    2209,
    2458,
    2217,
    2158,
    2202,
    1728,
    2264,
    2127,
    2278,
    2238,
    1847,
    2153,
    2623,
    1677,
    1655,
    43495,
    746,
    490,
    473,
    684,
    744,
    1507,
    1695,
    1690,
    1913,
    2664,
    2526,
    2407,
    2293,
    3604,
    2397,
    2328,
    2308,
    2135,
    2294,
    2275,
    2563,
    2064,
    2123,
    1637,
    2395,
    2411,
    2410,
    3017,
    2317,
    1864,
    2254,
    2441,
    2731,
    1849,
    2165,
    2421,
    2196,
    2131,
    2215,
    1951,
    2173,
    2470,
    2557,
    2054,
    1776,
    1628,
    2258,
    2268,
    1652,
    1350,
    1320,
    1777,
    2034,
    2027,
    1878,
    1939,
    1970,
    2175,
    1986,
    1965,
    2009,
    2211,
    1995,
    2007,
    2024,
    2045,
    1470,
    2004,
    2227,
    2001,
    1978,
    1910,
    2156,
    2017,
    1901,
    1866
  ],
  "frame_begin_times": [
    0,
    16683,
    33335,
    50004,
    66698,
    83394,
    100059,
    116732,
    133387,
    150142,
    166997,
    183587,
    200433,
    217002,
    233659,
    250557,
    267149,
    283689,
    300402,
    317211,
    333686,
    350381,
    416913,
    433650,
    450452,
    467036,
    483715,
    500392,
    517056,
    533626,
    550368,
    567000,
    583726,
    600387,
    617019,
    633834,
    650474,
    667030,
    683704,
    700309,
    716986,
    733731,
    750358,
    766999,
    783673,
    800399,
    817112,
    833778,
    866833,
    883716,
    900145,
    933309,
    950040,
    966695,
    983323,
    1000278,
    1016967,
    1033519,
    1050247,
    1067042,
    1083702,
    1100383,
    1117020,
    1133857,
    1150568,
    1167061,
    1183695,
    1200481,
    1217057,
    1233674,
    1250455,
    1267161,
    1283595,
    1316796,
    1333768,
    1350362,
    1367020,
    1383543,
    1400509,
    1416924,
    1433652,
    1450505,
    1467175,
    1483593,
    1500278,
    1517148,
    1533673,
    1550375,
    1566975,
    1583852,
    1600347,
    1616981,
    1633656,
    1650442,
    1666875,
    1683510,
    1700341,
    1716982,
    1733658,
    1766929,
    1783666,
    1800163,
    1816969,
    1833839,
    1850064,
    1866883,
    1883628,
    1900443,
    1916883,
    1933651,
    1950346,
    1966926,
    1983623,
    2000243,
    2016964,
    2033668,
    2050200,
    2066923,
    2083719,
    2100323,
    2116983,
    2133623,
    2150427,
    2166952,
    2183665,
    2200326
  ],
  "frame_rasterizer_begin_times": [
    0,
    16660,
    33223,
    49958,
    66536,
    83491,
    100088,
    117007,
    133926,
    149757,
    166728,
    183335,
    200408,
    216862,
    233597,
    250495,
    267090,
    283613,
    300334,
    317127,
    333628,
    350202,
    422042,
    434565,
    451440,
    467950,
    484593,
    501296,
    517969,
    534368,
    551296,
    567579,
    584639,
    601267,
    617853,
    634808,
    650943,
    667444,
    684114,
    700481,
    717355,
    734124,
    750787,
    767238,
    784100,
    800796,
    817590,
    837227,
    871283,
    884532,
    928160,
    933295,
    949783,
    966603,
    983326,
    1000654,
    1017423,
    1034093,
    1050814,
    1068034,
    1084786,
    1100861,
    1117484,
    1134347,
    1151057,
    1167461,
    1184188,
    1200750,
    1217533,
    1234129,
    1250921,
    1267603,
    1286847,
    1323140,
    1335405,
    1351309,
    1367999,
    1384436,
    1401464,
    1417807,
    1434585,
    1451448,
    1468286,
    1484164,
    1501171,
    1518125,
    1534659,
    1550858,
    1567423,
    1584077,
    1600802,
    1617356,
    1634110,
    1650899,
    1667031,
    1683757,
    1700831,
    1717549,
    1737602,
    1767005,
    1790838,
    1801715,
    1817890,
    1834614,
    1850637,
    1867886,
    1884551,
    1901681,
    1917830,
    1934632,
    1951271,
    1967752,
    1984600,
    2000797,
    2017538,
    2034258,
    2050458,
    2067453,
    2084285,
    2100901,
    2117544,
    2134214,
    2151002,
    2167537,
    2184219,
    2203982
  ],
  "average_vsync_transitions_missed": 1.25,
  "90th_percentile_vsync_transitions_missed": 2.0,
  "99th_percentile_vsync_transitions_missed": 2.0
}