{
  "average_frame_build_time_millis": 1.321230158730159,
  "90th_percentile_frame_build_time_millis": 1.603,
  "99th_percentile_frame_build_time_millis": 6.593,
  "worst_frame_build_time_millis": 6.733,
  "missed_frame_build_budget_count": 0,
  "average_frame_rasterizer_time_millis": 2.3492720000000005,
  "90th_percentile_frame_rasterizer_time_millis": 2.466,
  "99th_percentile_frame_rasterizer_time_millis": 16.197,
  "worst_frame_rasterizer_time_millis": 42.348,
  "missed_frame_rasterizer_budget_count": 2,
  "frame_count": 126,
  "frame_rasterizer_count": 125,
  "frame_build_times": [
    1720,
    864,
    475,
    518,
    578,
    674,
    781,
    670,
    742,
    948,
    155,
    284,
    272,
    298,
    331,
    503,
    454,
    454,
    514,
    342,
    437,
    434,
    443,
    6530,
    1603,
    1370,
    1460,
    1468,
    1402,
    1385,
    1353,
    1728,
    1368,
    1427,
    1372,
    1435,
    1417,
    933,
    944,
    967,
    944,
    938,
    981,
    993,
    927,
    931,
    947,
    959,
    3983,
    4872,
    1599,
    790,
    546,
    276,
    408,
    407,
    1016,
    962,
    981,
    1018,
    1143,
    1519,
    979,
    1236,
    988,
    963,
    1005,
    843,
    1014,
    995,
    1065,
    1008,
    978,
    4246,
    6593,
    1860,
    1404,
    1511,
    1429,
    1383,
    1364,
    1432,
    1411,
    1376,
    1382,
    1054,
    1386,
    1536,
    1022,
    1039,
    1030,
    997,
    1064,
    1023,
    1048,
    874,
    1032,
    1014,
    1015,
    4395,
    6733,
    1615,
    931,
    1173,
    1497,
    1430,
    1565,
    1168,
    1526,
    1528,
    1505,
    1585,
    1522,
    1516,
    1143,
    1170,
    1087,
    1076,
    1233,
    1084,
    1095,
    1072,
    913,
    1087,
    1094,
    4940
  ],
  "frame_rasterizer_times": [
    16197,
    1116,
    348,
    687,
    797,
    463,
    705,
    399,
    601,
    542,
    1416,
    1186,
    1196,
    1397,
    2210,
    1748,
    1747,
    1718,
    1507,
    1810,
    1891,
    1972,
    1883,
    2198,
    2305,
    2344,
    3457,
    2259,
    2216,
    2219,
    2375,
    2251,
    2207,
    2322,
    1906,
    2221,
    2258,
    2317,
    2316,
    2233,
    2164,
    2466,
    2384,
    2181,
    2143,
    2470,
    2292,
    1396,
    1752,
    42348,
    706,
    482,
    465,
    661,
    649,
    1578,
    1682,
    1710,
    2160,
    1833,
    1917,
    2487,
    2273,
    3843,
    2522,
    2298,
    1648,
    2364,
    2400,
    2699,
    2049,
    2398,
    2013,
    1543,
    2104,
    2500,
    2679,
    2958,
    2266,
    2232,
    2095,
    2435,
    2299,
    2280,
    1966,
    2211,
    2191,
    2201,
    2271,
    2211,
    2219,
    2440,
    2322,
    2212,
    2011,
    2407,
    2256,
    2187,
    1601,
    1216,
    1375,
    1343,
    1631,
    1790,
    2077,
    1974,
    1597,
    1993,
    1947,
    2514,
    2094,
    2089,
    1916,
    2117,
    1948,
    1910,
    1928,
    1679,
    1991,
    1585,
    1910,
    1624,
    2021,
    1884,
    2036
  ],
  "frame_begin_times": [
    0,
    50069,
    66564,
    83220,
    99900,
    116626,
    133290,
    149906,
    166576,
    183282,
    199960,
    216994,
    233456,
    250150,
    266828,
    283824,
    300310,
    316948,
    333602,
    350238,
    366976,
    383697,
    400407,
    466785,
    483490,
    500335,
    517000,
    534028,
    550365,
    566970,
    583787,
    600588,
    617030,
    633651,
    650440,
    667072,
    683694,
    700268,
    717011,
    733836,
    750317,
    766987,
    783986,
    800296,
    816950,
    833741,
    850612,
    867024,
    883764,
    916909,
    933511,
    950008,
    983242,
    999898,
    1016580,
    1033221,
    1050130,
    1066805,
    1083509,
    1100528,
    1116856,
    1133691,
    1150315,
    1167569,
    1183691,
    1200131,
    1216901,
    1234164,
    1250253,
    1266941,
    1283720,
    1300337,
    1316910,
    1333594,
    1366970,
    1383466,
    1400269,
    1417038,
    1433612,
    1450294,
    1466909,
    1483765,
    1500214,
    1516921,
    1533585,
    1550511,
    1567058,
    1583593,
    1600204,
    1616953,
    1633576,
    1650201,
    1666802,
    1683578,
    1700265,
    1716728,
    1733683,
    1750221,
    1766928,
    1783565,
    1816579,
    1833332,
    1850011,
    1866937,
    1883560,
    1900100,
    1916832,
    1933411,
    1950205,
    1966961,
    1983634,
    2000222,
    2016927,
    2033585,
    2050401,
    2066914,
    2083565,
    2100262,
    2117038,
    2133446,
    2150200,
    2166819,
    2183524,
    2200235,
    2216819,
    2233500
  ],
  "frame_rasterizer_begin_times": [
    0,
    16246,
    32782,
    49517,
    66337,
    83064,
    99665,
    116348,
    133275,
    149112,
    166370,
    182739,
    199480,
    216201,
    233393,
    249825,
    266483,
    283039,
    299619,
    316464,
    333188,
    349885,
    421736,
    434116,
    450767,
    467519,
    484564,
    500808,
    517414,
    534215,
    551361,
    567482,
    584103,
    600877,
    617571,
    634174,
    650263,
    666999,
    683857,
    700321,
    717019,
    734042,
    750351,
    766961,
    783750,
    800622,
    816959,
    836781,
    870543,
    884170,
    926610,
    932875,
    949258,
    966089,
    982719,
    1000155,
    1016816,
    1033543,
    1050554,
    1067036,
    1084279,
    1100423,
    1117819,
    1133742,
    1150175,
    1166968,
    1184037,
    1200332,
    1216998,
    1233845,
    1250405,
    1266886,
    1286366,
    1322377,
    1334385,
    1350762,
    1367620,
    1384103,
    1400716,
    1417353,
    1434269,
    1450688,
    1467358,
    1484012,
    1500585,
    1517502,
    1534142,
    1550259,
    1567083,
    1583639,
    1600282,
    1616897,
    1633661,
    1650325,
    1666598,
    1683766,
    1700279,
    1716974,
    1736971,
    1772159,
    1783953,
    1799951,
    1817142,
    1834082,
    1850571,
    1867462,
    1883540,
    1900779,
    1917546,
    1934208,
    1950819,
    1967491,
    1984147,
    2000591,
    2017104,
    2033692,
    2050418,
    2067337,
    2083591,
    2100343,
    2116938,
    2133468,
    2150379,
    2166949,
    2187040
  ],
  "average_vsync_transitions_missed": 1.75,
  "90th_percentile_vsync_transitions_missed": 3.0,
  "99th_percentile_vsync_transitions_missed": 3.0
}