{
  "average_frame_build_time_millis": 1.1934173228346456,
  "90th_percentile_frame_build_time_millis": 1.516,
  "99th_percentile_frame_build_time_millis": 6.45,
  "worst_frame_build_time_millis": 8.039,
  "missed_frame_build_budget_count": 0,
  "average_frame_rasterizer_time_millis": 2.2538412698412693,
  "90th_percentile_frame_rasterizer_time_millis": 2.392,
  "99th_percentile_frame_rasterizer_time_millis": 3.687,
  "worst_frame_rasterizer_time_millis": 43.112,
  "missed_frame_rasterizer_budget_count": 1,
  "frame_count": 127,
  "frame_rasterizer_count": 126,
  "frame_build_times": [
    433,
    501,
    433,
    442,
    451,
    535,
    456,
    439,
    349,
    462,
    2784,
    796,
    572,
    623,
    487,
    583,
    685,
    583,
    523,
    578,
    566,
    590,
    508,
    283,
    688,
    657,
    751,
    1025,
    987,
    773,
    1015,
    1022,
    997,
    1002,
    4075,
    2922,
    628,
    354,
    234,
    142,
    166,
    200,
    413,
    390,
    414,
    465,
    647,
    656,
    3837,
    1516,
    1375,
    1360,
    1249,
    1295,
    1321,
    1226,
    1271,
    974,
    1230,
    1434,
    1232,
    1382,
    962,
    915,
    910,
    988,
    1039,
    922,
    957,
    952,
    896,
    902,
    963,
    4050,
    6450,
    2069,
    1320,
    1339,
    944,
    1378,
    1336,
    1302,
    1324,
    1453,
    1289,
    1337,
    1383,
    1460,
    944,
    974,
    929,
    721,
    877,
    890,
    708,
    884,
    884,
    886,
    967,
    4208,
    791,
    8039,
    1676,
    855,
    1132,
    1479,
    1440,
    1389,
    1519,
    1483,
    1454,
    1569,
    1156,
    1417,
    1037,
    1007,
    1181,
    1054,
    1034,
    1024,
    1083,
    1034,
    1003,
    1133,
    1089,
    993,
    4794
  ],
  "frame_rasterizer_times": [
    2154,
    1840,
    1785,
    1805,
    1480,
    1771,
    1773,
    1431,
    1959,
    1417,
    1163,
    1045,
    973,
    1422,
    898,
    986,
    891,
    866,
    917,
    955,
    1048,
    1137,
    640,
    1509,
    1434,
    1706,
    2109,
    2382,
    1765,
    1872,
    2604,
    2268,
    2272,
    1613,
    1283,
    43112,
    932,
    1740,
    1349,
    1801,
    1922,
    2089,
    1097,
    2088,
    1511,
    1763,
    1742,
    2360,
    3687,
    3170,
    2262,
    2250,
    1990,
    2456,
    2337,
    2359,
    2230,
    2393,
    2653,
    2429,
    2392,
    2251,
    2275,
    2504,
    2363,
    2345,
    2253,
    2482,
    2295,
    2233,
    2187,
    2157,
    2079,
    1548,
    1974,
    2282,
    2389,
    2116,
    2335,
    2211,
    2218,
    2388,
    2374,
    2227,
    2207,
    2446,
    2242,
    2184,
    2210,
    1871,
    1650,
    2118,
    2240,
    1820,
    2237,
    2107,
    2229,
    2257,
    1730,
    1350,
    1379,
    1554,
    1396,
    1700,
    2121,
    2017,
    2018,
    2523,
    2022,
    1923,
    2022,
    2062,
    1943,
    1900,
    1719,
    2119,
    1905,
    1934,
    2210,
    2036,
    2007,
    1912,
    2220,
    2010,
    1872,
    1789
  ],
  "frame_begin_times": [
    0,
    16877,
    33380,
    50069,
    66714,
    83508,
    100071,
    116699,
    133270,
    150037,
    233804,
    249670,
    266364,
    283010,
    299705,
    316332,
    333024,
    349699,
    366305,
    383032,
    399647,
    416433,
    432929,
    449592,
    466558,
    483215,
    499883,
    516727,
    533402,
    549898,
    566730,
    583579,
    600016,
    616643,
    633290,
    649866,
    666680,
    683053,
    716216,
    732880,
    749619,
    766313,
    783357,
    799789,
    816472,
    833183,
    850062,
    866689,
    883537,
    900133,
    916853,
    933301,
    950018,
    967130,
    983356,
    1000015,
    1016735,
    1033363,
    1049994,
    1066813,
    1083380,
    1099960,
    1116723,
    1133363,
    1150037,
    1166851,
    1183266,
    1199988,
    1216853,
    1233313,
    1249949,
    1266694,
    1283437,
    1299933,
    1333233,
    1349935,
    1366593,
    1383252,
    1399926,
    1416672,
    1433283,
    1449990,
    1466665,
    1483316,
    1500014,
    1516609,
    1533496,
    1549962,
    1566551,
    1583448,
    1600064,
    1616487,
    1633241,
    1649788,
    1666523,
    1683280,
    1699922,
    1716647,
    1733323,
    1749964,
    1783229,
    1800053,
    1816373,
    1833071,
    1849972,
    1866459,
    1883275,
    1899941,
    1916712,
    1933264,
    1949915,
    1966598,
    1983137,
    1999887,
    2016586,
    2033246,
    2049859,
    2066558,
    2083264,
    2099977,
    2116613,
    2133155,
    2149879,
    2166736,
    2183236,
    2199892,
    2216576
  ],
  "frame_rasterizer_begin_times": [
    0,
    16576,
    33271,
    49929,
    66764,
    83225,
    99918,
    116364,
    133242,
    219164,
    233164,
    249683,
    266327,
    282887,
    299610,
    316429,
    332979,
    349523,
    366308,
    382961,
    399718,
    416203,
    432631,
    449974,
    466590,
    483307,
    500511,
    517213,
    533468,
    550508,
    567389,
    583795,
    600451,
    620086,
    635635,
    650056,
    693374,
    699174,
    715741,
    732533,
    749316,
    766485,
    782904,
    799610,
    816367,
    833427,
    850091,
    869755,
    884417,
    900963,
    917303,
    933945,
    951175,
    967327,
    983922,
    1000716,
    1017103,
    1033907,
    1050966,
    1067379,
    1084117,
    1100351,
    1117059,
    1133732,
    1150625,
    1167066,
    1183617,
    1200572,
    1217029,
    1233561,
    1250358,
    1267165,
    1286266,
    1322227,
    1334753,
    1350677,
    1367355,
    1383632,
    1400809,
    1417267,
    1433939,
    1450752,
    1467544,
    1483977,
    1500592,
    1517646,
    1534198,
    1550245,
    1567131,
    1583663,
    1599940,
    1616880,
    1633378,
    1649951,
    1666923,
    1683578,
    1700316,
    1717051,
    1736913,
    1766746,
    1790587,
    1800753,
    1816659,
    1833854,
    1850683,
    1867447,
    1884118,
    1900998,
    1917521,
    1934158,
    1950902,
    1966921,
    1983986,
    2000397,
    2017000,
    2033712,
    2050333,
    2067076,
    2083762,
    2100448,
    2116956,
    2133629,
    2150589,
    2167075,
    2183663,
    2203714
  ],
  "average_vsync_transitions_missed": 1.5,
  "90th_percentile_vsync_transitions_missed": 2.0,
  "99th_percentile_vsync_transitions_missed": 2.0
}