{
  "average_frame_build_time_millis": 1.3393730158730157,
  "90th_percentile_frame_build_time_millis": 1.611,
  "99th_percentile_frame_build_time_millis": 7.195,
  "worst_frame_build_time_millis": 8.938,
  "missed_frame_build_budget_count": 0,
  "average_frame_rasterizer_time_millis": 2.249722222222222,
  "90th_percentile_frame_rasterizer_time_millis": 2.497,
  "99th_percentile_frame_rasterizer_time_millis": 3.937,
  "worst_frame_rasterizer_time_millis": 42.857,
  "missed_frame_rasterizer_budget_count": 1,
  "frame_count": 126,
  "frame_rasterizer_count": 126,
  "frame_build_times": [
    842,
    470,
    515,
    544,
    791,
    972,
    785,
    780,
    948,
    156,
    313,
    290,
    350,
    436,
    455,
    439,
    435,
    494,
    457,
    437,
    481,
    435,
    7195,
    1893,
    1503,
    1411,
    1334,
    1361,
    1070,
    1468,
    1339,
    1327,
    1441,
    1319,
    1328,
    1446,
    961,
    913,
    889,
    968,
    945,
    898,
    892,
    949,
    980,
    897,
    913,
    3117,
    5726,
    1529,
    800,
    572,
    296,
    444,
    406,
    996,
    1045,
    942,
    1115,
    1527,
    1560,
    1015,
    977,
    971,
    1006,
    998,
    1060,
    969,
    1010,
    982,
    998,
    1030,
    3957,
    6765,
    2126,
    1404,
    1465,
    1390,
    1390,
    1452,
    1421,
    1418,
    1400,
    1390,
    1435,
    1466,
    1550,
    1058,
    1002,
    1000,
    997,
    957,
    963,
    995,
    1054,
    957,
    973,
    1044,
    4330,
    673,
    8938,
    1648,
    922,
    1119,
    1015,
    1166,
    1519,
    1558,
    1611,
    1496,
    1681,
    1568,
    1581,
    1145,
    1135,
    1306,
    1128,
    1232,
    1048,
    903,
    1121,
    1111,
    1084,
    1200,
    1077,
    4861
  ],
  "frame_rasterizer_times": [
    596,
    487,
    359,
    613,
    788,
    659,
    881,
    424,
    574,
    575,
    1247,
    1185,
    1501,
    1771,
    1754,
    1744,
    1880,
    1914,
    1806,
    1926,
    1920,
    2006,
    2128,
    2197,
    2470,
    2494,
    3937,
    2468,
    1765,
    2266,
    2189,
    2878,
    2310,
    2357,
    2527,
    2516,
    2586,
    2367,
    2185,
    2627,
    2113,
    2251,
    2373,
    2386,
    1891,
    2257,
    2367,
    1472,
    1632,
    42857,
    817,
    514,
    448,
    720,
    696,
    1375,
    1562,
    1528,
    1936,
    2065,
    2082,
    2385,
    2250,
    3265,
    2439,
    2412,
    2545,
    2376,
    2017,
    2269,
    2381,
    2471,
    2178,
    1607,
    2223,
    2498,
    2497,
    2915,
    1939,
    2332,
    2291,
    2260,
    2306,
    2282,
    2308,
    2445,
    2262,
    2208,
    2279,
    2421,
    2302,
    2188,
    1805,
    2469,
    2242,
    2157,
    2212,
    2642,
    1627,
    1248,
    1401,
    1390,
    1345,
    1543,
    1644,
    1506,
    1636,
    2151,
    2062,
    2005,
    2000,
    2231,
    1992,
    1963,
    1882,
    2322,
    2083,
    1953,
    1881,
    1585,
    1909,
    1892,
    2147,
    2093,
    1903,
    1774
  ],
  "frame_begin_times": [
    0,
    16735,
    33393,
    50045,
    66684,
    83424,
    100062,
    116708,
    133413,
    150069,
    166998,
    183574,
    200332,
    217047,
    233689,
    250351,
    267157,
    283711,
    300366,
    317085,
    333796,
    350373,
    416818,
    433598,
    450551,
    466957,
    483813,
    500466,
    517103,
    533712,
    550363,
    567064,
    583900,
    600328,
    617086,
    633892,
    650389,
    667058,
    683750,
    700511,
    717113,
    733843,
    750367,
    767268,
    783852,
    800421,
    816931,
    833785,
    866984,
    883781,
    900154,
    933341,
    950010,
    966797,
    983390,
    1000204,
    1016957,
    1033519,
    1050273,
    1067024,
    1083870,
    1100323,
    1117043,
    1133688,
    1150528,
    1167029,
    1183843,
    1200298,
    1217073,
    1233686,
    1250309,
    1267103,
    1283710,
    1317018,
    1333942,
    1350304,
    1366995,
    1383686,
    1400455,
    1416994,
    1433809,
    1450424,
    1467239,
    1483788,
    1500380,
    1516990,
    1533704,
    1550341,
    1567003,
    1583766,
    1600346,
    1617007,
    1633653,
    1650454,
    1666986,
    1683632,
    1700350,
    1717116,
    1733663,
    1766786,
    1783655,
    1800148,
    1816769,
    1833502,
    1850102,
    1866834,
    1883594,
    1900366,
    1916915,
    1933649,
    1950348,
    1967123,
    1983682,
    2000194,
    2016998,
    2033774,
    2050461,
    2066938,
    2083621,
    2100210,
    2116982,
    2133664,
    2150367,
    2167005,
    2183651,
    2200325
  ],
  "frame_rasterizer_begin_times": [
    0,
    16374,
    33104,
    49783,
    66705,
    83532,
    100036,
    116683,
    133505,
    149379,
    166473,
    183057,
    199867,
    216689,
    233320,
    250035,
    266808,
    283415,
    300053,
    316718,
    333406,
    349996,
    422869,
    434710,
    451234,
    467579,
    484351,
    501043,
    517346,
    534272,
    550909,
    567615,
    584550,
    600843,
    617621,
    634560,
    650546,
    667163,
    683870,
    700638,
    717267,
    733957,
    750467,
    767407,
    783987,
    800535,
    817038,
    836079,
    871638,
    884506,
    927450,
    933078,
    949531,
    966385,
    983000,
    1000367,
    1017121,
    1033634,
    1050583,
    1067759,
    1084558,
    1100562,
    1117231,
    1133868,
    1150736,
    1167193,
    1184087,
    1200386,
    1217313,
    1233861,
    1250514,
    1267344,
    1286367,
    1322700,
    1335295,
    1350919,
    1367686,
    1384271,
    1400987,
    1417658,
    1434460,
    1451049,
    1467851,
    1484331,
    1501026,
    1517565,
    1534409,
    1550608,
    1567210,
    1583982,
    1600538,
    1617198,
    1633818,
    1650648,
    1667245,
    1683792,
    1700515,
    1717231,
    1737206,
    1766620,
    1791460,
    1800949,
    1816880,
    1833794,
    1850294,
    1867120,
    1884339,
    1901223,
    1917703,
    1934350,
    1951208,
    1967904,
    1984471,
    2000551,
    2017325,
    2034032,
    2050810,
    2067282,
    2083851,
    2100285,
    2117260,
    2133934,
    2150661,
    2167361,
    2183940,
    2203952
  ],
  "average_vsync_transitions_missed": 1.3333333333333333,
  "90th_percentile_vsync_transitions_missed": 2.0,
  "99th_percentile_vsync_transitions_missed": 2.0
}