{
  "average_frame_build_time_millis": 1.3149200000000005,
  "90th_percentile_frame_build_time_millis": 1.638,
  "99th_percentile_frame_build_time_millis": 6.123,
  "worst_frame_build_time_millis": 7.189,
  "missed_frame_build_budget_count": 0,
  "average_frame_rasterizer_time_millis": 2.2224047619047633,
  "90th_percentile_frame_rasterizer_time_millis": 2.437,
  "99th_percentile_frame_rasterizer_time_millis": 2.955,
  "worst_frame_rasterizer_time_millis": 42.605,
  "missed_frame_rasterizer_budget_count": 1,
  "frame_count": 125,
  "frame_rasterizer_count": 126,
  "frame_build_times": [
    816,
    367,
    439,
    418,
    684,
    617,
    570,
    839,
    1031,
    355,
    336,
    392,
    487,
    460,
    499,
    524,
    471,
    445,
    487,
    503,
    436,
    446,
    7189,
    1800,
    1161,
    1523,
    1110,
    1172,
    1652,
    1192,
    980,
    1244,
    1449,
    1393,
    1500,
    1535,
    966,
    987,
    1021,
    1016,
    963,
    1012,
    1175,
    1010,
    979,
    957,
    1052,
    4074,
    6123,
    1726,
    767,
    563,
    302,
    400,
    427,
    950,
    986,
    1151,
    1126,
    1184,
    1025,
    986,
    1080,
    1032,
    978,
    1002,
    1178,
    1024,
    1007,
    1008,
    1030,
    1012,
    4107,
    5751,
    1544,
    1405,
    1436,
    1075,
    1355,
    1406,
    1409,
    1073,
    1379,
    1368,
    2280,
    1482,
    1434,
    975,
    1039,
    998,
    992,
    957,
    1043,
    992,
    962,
    952,
    987,
    961,
    4349,
    5431,
    1638,
    900,
    1268,
    1538,
    1458,
    1433,
    1505,
    1515,
    1507,
    1507,
    1552,
    1495,
    1447,
    1075,
    1097,
    1066,
    1104,
    1061,
    861,
    1097,
    1072,
    1123,
    1127,
    1116,
    4860
  ],
  "frame_rasterizer_times": [
    870,
    257,
    240,
    308,
    295,
    465,
    364,
    372,
    492,
    517,
    1096,
    1387,
    1993,
    2261,
    1869,
    2412,
    1898,
    2625,
    2004,
    2738,
    1849,
    1866,
    1878,
    1654,
    1986,
    1790,
    2335,
    2185,
    1738,
    2464,
    2317,
    1778,
    2218,
    2262,
    2191,
    2396,
    2284,
    2093,
    2186,
    2401,
    2150,
    2086,
    2215,
    2257,
    2191,
    2131,
    2129,
    2230,
    1560,
    1791,
    42605,
    758,
    673,
    474,
    708,
    690,
    1511,
    1549,
    1801,
    1800,
    1959,
    2344,
    2454,
    2955,
    2448,
    2404,
    2351,
    2484,
    2437,
    2237,
    2248,
    2572,
    2329,
    2151,
    1423,
    1973,
    2058,
    2472,
    2261,
    2292,
    2208,
    2220,
    2211,
    2234,
    2253,
    2473,
    2297,
    2191,
    2239,
    2414,
    2256,
    2225,
    2184,
    2471,
    2235,
    2262,
    2193,
    2351,
    2165,
    1655,
    1163,
    1354,
    1360,
    1694,
    2246,
    2044,
    1997,
    2357,
    2127,
    2006,
    2015,
    2287,
    2044,
    1991,
    1961,
    2058,
    1933,
    1920,
    1883,
    1954,
    1976,
    1904,
    2121,
    2034,
    2033,
    1329
  ],
  "frame_begin_times": [
    0,
    16617,
    33252,
    49923,
    66622,
    83276,
    99903,
    116658,
    133320,
    150236,
    166842,
    183616,
    200298,
    216889,
    233677,
    250287,
    266925,
    283632,
    300461,
    316888,
    333484,
    350259,
    416822,
    433493,
    450131,
    466975,
    483542,
    500228,
    517036,
    533560,
    550155,
    566916,
    583501,
    600271,
    617066,
    633573,
    650264,
    666898,
    683695,
    700279,
    716975,
    733617,
    750410,
    766924,
    783665,
    800223,
    816926,
    833608,
    866846,
    883448,
    899982,
    933202,
    949914,
    966644,
    983228,
    1000140,
    1016720,
    1033433,
    1050102,
    1067063,
    1083579,
    1100310,
    1116945,
    1133613,
    1150225,
    1166951,
    1183619,
    1200303,
    1216898,
    1233549,
    1250321,
    1267004,
    1283580,
    1316945,
    1333506,
    1350227,
    1367021,
    1383852,
    1400105,
    1416925,
    1433594,
    1450175,
    1466905,
    1483671,
    1500168,
    1516898,
    1533657,
    1550160,
    1567204,
    1583633,
    1600262,
    1616897,
    1633851,
    1650235,
    1666852,
    1683602,
    1700517,
    1716836,
    1733523,
    1766582,
    1783342,
    1800021,
    1816804,
    1833547,
    1850065,
    1866866,
    1883609,
    1900163,
    1916874,
    1933542,
    1950319,
    1966754,
    1983489,
    2000203,
    2017243,
    2033523,
    2050166,
    2066825,
    2083454,
    2100175,
    2116795,
    2133433,
    2150214,
    2167030,
    2183508
  ],
  "frame_rasterizer_begin_times": [
    0,
    7180,
    23350,
    40057,
    56712,
    73676,
    90258,
    106850,
    123880,
    140639,
    156896,
    173476,
    190331,
    207068,
    223705,
    240475,
    257133,
    273682,
    290428,
    307270,
    323727,
    340135,
    357021,
    430066,
    441554,
    457629,
    474759,
    490941,
    507714,
    524974,
    541023,
    557452,
    574422,
    591284,
    607992,
    624878,
    641418,
    657535,
    674219,
    690953,
    707605,
    724291,
    740919,
    757848,
    774224,
    790896,
    807524,
    824315,
    843985,
    879014,
    891513,
    934235,
    940119,
    956526,
    973366,
    989988,
    1007382,
    1024014,
    1040869,
    1057546,
    1074535,
    1090957,
    1107638,
    1124259,
    1141007,
    1157541,
    1174259,
    1191107,
    1207681,
    1224242,
    1240943,
    1257662,
    1274354,
    1293490,
    1328776,
    1341351,
    1357990,
    1374756,
    1391251,
    1407795,
    1424648,
    1441368,
    1457549,
    1474621,
    1491379,
    1508794,
    1524716,
    1541353,
    1557492,
    1574564,
    1590968,
    1607591,
    1624216,
    1641240,
    1657531,
    1674139,
    1690891,
    1707844,
    1724141,
    1744191,
    1778142,
    1791225,
    1807205,
    1824281,
    1841421,
    1857839,
    1874638,
    1891468,
    1908019,
    1924636,
    1941390,
    1958225,
    1974609,
    1991277,
    2007618,
    2024677,
    2040968,
    2057583,
    2074239,
    2090608,
    2107620,
    2124196,
    2140903,
    2157644,
    2174534,
    2194283
  ],
  "average_vsync_transitions_missed": 1.75,
  "90th_percentile_vsync_transitions_missed": 3.0,
  "99th_percentile_vsync_transitions_missed": 3.0
}