{
  "average_frame_build_time_millis": 0.797358974358974,
  "90th_percentile_frame_build_time_millis": 1.397,
  "99th_percentile_frame_build_time_millis": 3.187,
  "worst_frame_build_time_millis": 4.679,
  "missed_frame_build_budget_count": 0,
  "average_frame_rasterizer_time_millis": 1.572991525423729,
  "90th_percentile_frame_rasterizer_time_millis": 2.094,
  "99th_percentile_frame_rasterizer_time_millis": 3.874,
  "worst_frame_rasterizer_time_millis": 27.584,
  "missed_frame_rasterizer_budget_count": 1,
  "frame_count": 117,
  "frame_rasterizer_count": 118,
  "frame_build_times": [
    1065,
    1458,
    1410,
    1433,
    1387,
    1357,
    1372,
    1491,
    1397,
    929,
    914,
    876,
    469,
    548,
    433,
    574,
    414,
    596,
    439,
    588,
    420,
    526,
    426,
    1311,
    1305,
    228,
    226,
    171,
    186,
    216,
    244,
    215,
    231,
    199,
    222,
    226,
    262,
    276,
    1365,
    564,
    578,
    584,
    558,
    502,
    597,
    600,
    565,
    770,
    619,
    715,
    615,
    561,
    500,
    429,
    491,
    545,
    490,
    564,
    466,
    515,
    485,
    525,
    469,
    1959,
    2532,
    676,
    612,
    568,
    551,
    489,
    561,
    507,
    584,
    501,
    617,
    475,
    355,
    490,
    405,
    352,
    332,
    378,
    431,
    480,
    384,
    446,
    439,
    479,
    372,
    1418,
    314,
    3187,
    1262,
    588,
    409,
    906,
    871,
    1139,
    1127,
    969,
    1271,
    1701,
    1484,
    1520,
    1187,
    1180,
    1327,
    1110,
    1214,
    1125,
    1110,
    1086,
    1143,
    1095,
    1088,
    1094,
    4679
  ],
  "frame_rasterizer_times": [
    2311,
    1838,
    2236,
    3874,
    2320,
    2194,
    2226,
    2597,
    2365,
    2398,
    1996,
    1891,
    1728,
    1076,
    1277,
    1072,
    1364,
    1030,
    1329,
    1063,
    1608,
    1058,
    1293,
    1058,
    736,
    1006,
    27584,
    591,
    1289,
    512,
    1805,
    1952,
    1543,
    1647,
    639,
    1369,
    679,
    765,
    1037,
    943,
    1277,
    1310,
    967,
    921,
    863,
    1001,
    1000,
    998,
    1319,
    1433,
    1436,
    1004,
    919,
    1091,
    892,
    1524,
    1378,
    1117,
    1301,
    1024,
    1318,
    1122,
    1421,
    1132,
    1281,
    1108,
    814,
    1116,
    952,
    1151,
    885,
    1030,
    958,
    925,
    943,
    1003,
    859,
    664,
    820,
    810,
    777,
    721,
    802,
    1018,
    927,
    873,
    1236,
    960,
    921,
    886,
    809,
    764,
    574,
    1096,
    677,
    615,
    1413,
    1193,
    1465,
    1579,
    1335,
    1816,
    2094,
    2288,
    2013,
    2185,
    2011,
    2041,
    2070,
    2024,
    2001,
    2028,
    1995,
    2052,
    1992,
    2008,
    2034,
    1934
  ],
  "frame_begin_times": [
    0,
    16810,
    33451,
    50200,
    66670,
    83266,
    100137,
    116811,
    133480,
    150023,
    166654,
    183251,
    199994,
    216611,
    233228,
    250003,
    266567,
    283326,
    299960,
    316734,
    333192,
    349989,
    366577,
    383159,
    404235,
    416448,
    433176,
    449842,
    466530,
    483157,
    499933,
    516417,
    533178,
    549761,
    566556,
    583160,
    599871,
    616516,
    633120,
    649796,
    666502,
    683080,
    699785,
    716452,
    733061,
    749773,
    766537,
    783257,
    799807,
    816503,
    833053,
    849745,
    866462,
    883112,
    899755,
    916577,
    933121,
    949881,
    966508,
    983168,
    999809,
    1016584,
    1033133,
    1049963,
    1085207,
    1099728,
    1116434,
    1133095,
    1149831,
    1166470,
    1183187,
    1199871,
    1216473,
    1233088,
    1249696,
    1266351,
    1283043,
    1299841,
    1316464,
    1333156,
    1349678,
    1366379,
    1383117,
    1399717,
    1416413,
    1433056,
    1449740,
    1466455,
    1483109,
    1499864,
    1518039,
    1532973,
    1549669,
    1566378,
    1583040,
    1599954,
    1616509,
    1633235,
    1649879,
    1666480,
    1683255,
    1700075,
    1716702,
    1733348,
    1750106,
    1766668,
    1783329,
    1799975,
    1816894,
    1833280,
    1850056,
    1866605,
    1883318,
    1900073,
    1916611,
    1933360,
    1950016
  ],
  "frame_rasterizer_begin_times": [
    0,
    16064,
    33303,
    49817,
    66647,
    83105,
    99651,
    116525,
    133341,
    149920,
    165977,
    182594,
    199120,
    215460,
    232151,
    248642,
    265574,
    281948,
    298917,
    315375,
    332284,
    348589,
    365508,
    381979,
    399443,
    420535,
    431648,
    459354,
    465009,
    481686,
    498427,
    515151,
    531598,
    548382,
    564986,
    581745,
    598403,
    615120,
    631822,
    649321,
    665339,
    682056,
    698638,
    715324,
    731931,
    748633,
    765350,
    782075,
    799032,
    815477,
    832213,
    848650,
    865281,
    881935,
    898562,
    915224,
    932114,
    948590,
    965433,
    981948,
    998676,
    1015269,
    1032105,
    1048601,
    1066703,
    1102636,
    1115390,
    1132091,
    1148638,
    1165355,
    1181934,
    1198726,
    1215354,
    1232033,
    1248565,
    1265285,
    1281876,
    1298410,
    1315302,
    1331845,
    1348501,
    1364986,
    1381724,
    1398526,
    1415173,
    1431774,
    1448563,
    1465190,
    1481907,
    1498454,
    1516254,
    1533346,
    1551020,
    1565914,
    1581940,
    1598727,
    1615854,
    1632373,
    1649371,
    1666040,
    1682452,
    1699517,
    1716815,
    1733226,
    1749908,
    1766318,
    1782789,
    1799579,
    1816109,
    1833021,
    1849420,
    1866171,
    1882732,
    1899535,
    1916194,
    1932756,
    1949503,
    1969304
  ],
  "average_vsync_transitions_missed": 1.0,
  "90th_percentile_vsync_transitions_missed": 1.0,
  "99th_percentile_vsync_transitions_missed": 1.0
}