{
  "average_frame_build_time_millis": 1.3325555555555555,
  "90th_percentile_frame_build_time_millis": 1.61,
  "99th_percentile_frame_build_time_millis": 7.885,
  "worst_frame_build_time_millis": 8.891,
  "missed_frame_build_budget_count": 0,
  "average_frame_rasterizer_time_millis": 4.922865079365082,
  "90th_percentile_frame_rasterizer_time_millis": 16.493,
  "99th_percentile_frame_rasterizer_time_millis": 18.052,
  "worst_frame_rasterizer_time_millis": 42.788,
  "missed_frame_rasterizer_budget_count": 21,
  "frame_count": 126,
  "frame_rasterizer_count": 126,
  "frame_build_times": [
    851,
    466,
    596,
    664,
    809,
    778,
    765,
    1041,
    1021,
    278,
    306,
    325,
    361,
    420,
    459,
    431,
    455,
    949,
    490,
    409,
    448,
    483,
    5298,
    1649,
    1174,
    1689,
    1464,
    1413,
    1373,
    1463,
    1419,
    1472,
    1392,
    1324,
    1610,
    1398,
    897,
    745,
    1002,
    947,
    1005,
    1038,
    965,
    1056,
    1009,
    983,
    1029,
    3730,
    4587,
    1267,
    787,
    586,
    327,
    441,
    421,
    932,
    997,
    1112,
    1042,
    1156,
    1550,
    1023,
    1045,
    994,
    980,
    1007,
    1017,
    988,
    1002,
    795,
    999,
    1018,
    4251,
    7885,
    1669,
    1139,
    1451,
    1433,
    1488,
    1494,
    1397,
    1461,
    1609,
    1474,
    1441,
    1452,
    1225,
    1001,
    1022,
    982,
    759,
    981,
    968,
    993,
    828,
    983,
    1007,
    1032,
    4539,
    689,
    8891,
    2141,
    1068,
    1449,
    1144,
    1594,
    1101,
    1486,
    1500,
    1479,
    1464,
    1469,
    1516,
    1067,
    1064,
    1121,
    1099,
    1095,
    1073,
    1119,
    1070,
    1079,
    1071,
    832,
    1046,
    4789
  ],
  "frame_rasterizer_times": [
    16493,
    16467,
    16416,
    16569,
    16410,
    16284,
    16603,
    16204,
    17329,
    15832,
    16994,
    16235,
    17610,
    16074,
    16313,
    16560,
    18052,
    15224,
    16536,
    16513,
    16834,
    16720,
    1624,
    2296,
    2230,
    2750,
    3948,
    2340,
    2258,
    2482,
    2329,
    2327,
    2295,
    1810,
    2173,
    2358,
    2162,
    2213,
    2901,
    2232,
    2480,
    2112,
    2289,
    2154,
    2540,
    2275,
    2130,
    1255,
    1671,
    42788,
    775,
    508,
    499,
    744,
    676,
    1550,
    1739,
    1944,
    1624,
    1866,
    1814,
    2561,
    2436,
    3391,
    2350,
    2726,
    2311,
    2342,
    2350,
    1832,
    2488,
    2278,
    2474,
    1944,
    2111,
    1977,
    1967,
    2994,
    2493,
    2314,
    2227,
    2314,
    2820,
    2219,
    2256,
    2263,
    1749,
    2205,
    2177,
    2142,
    2017,
    2311,
    2196,
    2434,
    1822,
    1889,
    2186,
    2412,
    1595,
    1314,
    1409,
    1818,
    1620,
    2055,
    1876,
    2027,
    1571,
    2024,
    2173,
    1985,
    2026,
    2158,
    2085,
    1990,
    1988,
    2150,
    1982,
    2064,
    2007,
    1734,
    2021,
    1978,
    1932,
    1577,
    1932,
    1779
  ],
  "frame_begin_times": [
    0,
    16678,
    33324,
    50046,
    66763,
    83423,
    100125,
    116751,
    133435,
    150670,
    166970,
    183706,
    200264,
    217578,
    233769,
    250350,
    267076,
    284341,
    300399,
    317112,
    333696,
    350452,
    416876,
    433481,
    450350,
    467524,
    483970,
    500440,
    517153,
    534231,
    550464,
    567078,
    583756,
    600796,
    617082,
    633766,
    650397,
    667055,
    683782,
    700449,
    717106,
    733781,
    750520,
    767090,
    784108,
    800474,
    817045,
    833842,
    866946,
    883594,
    900129,
    933424,
    950013,
    966687,
    983319,
    1000306,
    1016900,
    1033547,
    1050197,
    1066914,
    1083737,
    1100611,
    1117087,
    1133734,
    1150359,
    1167290,
    1183675,
    1200398,
    1217034,
    1233953,
    1250412,
    1267018,
    1283735,
    1333508,
    1350299,
    1366920,
    1383709,
    1400371,
    1417295,
    1433721,
    1450280,
    1467040,
    1483963,
    1500370,
    1517086,
    1533664,
    1550548,
    1567094,
    1583695,
    1600369,
    1617048,
    1633667,
    1650316,
    1667086,
    1683565,
    1700344,
    1717116,
    1733751,
    1750367,
    1783450,
    1800615,
    1816985,
    1833544,
    1850373,
    1867255,
    1883691,
    1900186,
    1916859,
    1933707,
    1950241,
    1966999,
    1983607,
    2000309,
    2016972,
    2033673,
    2050373,
    2067056,
    2083598,
    2100297,
    2117126,
    2133676,
    2150321,
    2167028,
    2183776,
    2200372,
    2216989
  ],
  "frame_rasterizer_begin_times": [
    0,
    16587,
    33199,
    49954,
    66815,
    83442,
    100135,
    117036,
    133705,
    151146,
    167032,
    184115,
    200419,
    218113,
    234338,
    250717,
    267349,
    285462,
    300768,
    317515,
    334100,
    351020,
    421127,
    434381,
    450760,
    468326,
    484662,
    501089,
    517773,
    534962,
    551104,
    567675,
    584386,
    601204,
    617932,
    634393,
    650519,
    666988,
    684010,
    700644,
    717251,
    734046,
    750684,
    767399,
    784294,
    800694,
    817215,
    836770,
    870379,
    884046,
    926920,
    933170,
    949497,
    966338,
    982963,
    1000425,
    1017164,
    1033935,
    1050428,
    1067210,
    1084484,
    1100894,
    1117358,
    1133954,
    1150580,
    1167562,
    1183942,
    1200610,
    1217288,
    1233941,
    1250620,
    1267249,
    1286742,
    1340301,
    1351168,
    1367230,
    1384404,
    1401050,
    1418024,
    1434439,
    1450899,
    1467702,
    1484771,
    1501072,
    1517781,
    1534251,
    1550883,
    1567306,
    1583997,
    1600580,
    1616950,
    1633823,
    1650523,
    1667293,
    1683600,
    1700581,
    1717374,
    1734048,
    1754035,
    1783352,
    1808491,
    1818289,
    1833827,
    1851047,
    1867682,
    1884495,
    1900465,
    1917562,
    1934430,
    1950904,
    1967690,
    1984265,
    2001040,
    2017269,
    2033950,
    2050721,
    2067363,
    2083899,
    2100597,
    2117590,
    2133997,
    2150651,
    2167285,
    2183793,
    2200634,
    2220566
  ],
  "average_vsync_transitions_missed": 1.04,
  "90th_percentile_vsync_transitions_missed": 1.0,
  "99th_percentile_vsync_transitions_missed": 2.0
}