{
  "average_frame_build_time_millis": 1.338087301587302,
  "90th_percentile_frame_build_time_millis": 1.58,
  "99th_percentile_frame_build_time_millis": 7.004,
  "worst_frame_build_time_millis": 8.991,
  "missed_frame_build_budget_count": 0,
  "average_frame_rasterizer_time_millis": 2.2490799999999993,
  "90th_percentile_frame_rasterizer_time_millis": 2.422,
  "99th_percentile_frame_rasterizer_time_millis": 3.71,
  "worst_frame_rasterizer_time_millis": 42.152,
  "missed_frame_rasterizer_budget_count": 1,
  "frame_count": 126,
  "frame_rasterizer_count": 125,
  "frame_build_times": [
    1572,
    974,
    579,
    516,
    634,
    825,
    734,
    1001,
    936,
    265,
    252,
    345,
    450,
    445,
    437,
    449,
    511,
    370,
    481,
    480,
    493,
    492,
    7004,
    2089,
    1472,
    1177,
    1540,
    1455,
    1505,
    1479,
    1451,
    1375,
    1450,
    1580,
    1529,
    1063,
    895,
    1027,
    961,
    1066,
    1060,
    1002,
    1004,
    968,
    1028,
    993,
    1020,
    4078,
    5437,
    1651,
    826,
    534,
    291,
    415,
    416,
    970,
    964,
    1175,
    1368,
    1010,
    1159,
    837,
    1077,
    1084,
    1002,
    1012,
    1003,
    1032,
    1009,
    1016,
    1052,
    992,
    4117,
    6131,
    1322,
    1162,
    1095,
    1443,
    1459,
    1186,
    1457,
    1399,
    1379,
    1499,
    1500,
    1501,
    1584,
    820,
    956,
    949,
    1051,
    1049,
    960,
    1052,
    1180,
    950,
    949,
    942,
    3367,
    671,
    8991,
    1766,
    1037,
    1438,
    1493,
    1512,
    1474,
    1444,
    1559,
    1487,
    1476,
    1531,
    1276,
    1078,
    1056,
    1105,
    987,
    1087,
    1097,
    1049,
    1122,
    1101,
    1084,
    1072,
    856,
    4447
  ],
  "frame_rasterizer_times": [
    662,
    376,
    636,
    708,
    394,
    775,
    635,
    539,
    1183,
    1052,
    1379,
    1829,
    1974,
    1783,
    1827,
    2079,
    1433,
    1762,
    1814,
    2011,
    2028,
    1652,
    2248,
    2329,
    2150,
    3710,
    2200,
    2264,
    2277,
    2256,
    2257,
    2422,
    2314,
    2377,
    2087,
    2270,
    2212,
    2153,
    2236,
    1865,
    2134,
    2136,
    2219,
    2276,
    2285,
    2165,
    1708,
    1661,
    42152,
    737,
    517,
    492,
    655,
    730,
    1512,
    1557,
    1849,
    2145,
    1671,
    1811,
    1900,
    2420,
    2671,
    2572,
    2417,
    2306,
    2305,
    2732,
    2411,
    2320,
    2345,
    2585,
    1541,
    1668,
    1795,
    1849,
    3103,
    2294,
    2388,
    2368,
    2320,
    2697,
    2390,
    2373,
    2375,
    2570,
    1812,
    1902,
    2844,
    2905,
    2420,
    2117,
    2351,
    1950,
    2300,
    2313,
    2344,
    1609,
    1247,
    1821,
    1575,
    1569,
    2028,
    2660,
    2100,
    1954,
    2107,
    1954,
    2031,
    1996,
    1802,
    1589,
    1974,
    1868,
    1904,
    2017,
    1959,
    1890,
    2044,
    2014,
    1901,
    1918,
    2111,
    1535,
    1415
  ],
  "frame_begin_times": [
    0,
    66642,
    83232,
    99928,
    116610,
    133315,
    149927,
    166662,
    183333,
    200238,
    216849,
    233480,
    250318,
    267059,
    283680,
    300331,
    317103,
    333543,
    350294,
    367011,
    383780,
    400357,
    466790,
    483564,
    500274,
    517022,
    533619,
    550290,
    566964,
    583699,
    600352,
    616869,
    633734,
    650391,
    666979,
    683553,
    700392,
    717022,
    733564,
    750304,
    767140,
    783621,
    800340,
    816958,
    833665,
    850314,
    867039,
    883658,
    916751,
    933634,
    950057,
    983218,
    999922,
    1016638,
    1033271,
    1050202,
    1066770,
    1083586,
    1100322,
    1116823,
    1133518,
    1150205,
    1166963,
    1183641,
    1200260,
    1216927,
    1233648,
    1250237,
    1267152,
    1283633,
    1300276,
    1316985,
    1333764,
    1366807,
    1383437,
    1400217,
    1416789,
    1433457,
    1450251,
    1466886,
    1483680,
    1500246,
    1516902,
    1533694,
    1550212,
    1566927,
    1583922,
    1600252,
    1616911,
    1633570,
    1650904,
    1666807,
    1683551,
    1700216,
    1717255,
    1733590,
    1750403,
    1766940,
    1783572,
    1816868,
    1833541,
    1850216,
    1866702,
    1883524,
    1900407,
    1916896,
    1933547,
    1950237,
    1967078,
    1983615,
    2000386,
    2016865,
    2034020,
    2050289,
    2066888,
    2083571,
    2100237,
    2116907,
    2133435,
    2150245,
    2167032,
    2183562,
    2200251,
    2216943,
    2233524,
    2250105
  ],
  "frame_rasterizer_begin_times": [
    0,
    16192,
    32778,
    49586,
    66513,
    82996,
    99987,
    116569,
    132808,
    149405,
    166166,
    183124,
    199849,
    216477,
    233104,
    249969,
    266234,
    283131,
    299815,
    316618,
    333183,
    405885,
    417950,
    434049,
    450511,
    467410,
    484121,
    500826,
    517534,
    534159,
    550622,
    567454,
    584293,
    600798,
    616920,
    633663,
    650406,
    666882,
    683655,
    700490,
    716973,
    733659,
    750202,
    767048,
    783630,
    800414,
    820056,
    854208,
    867580,
    909840,
    916081,
    932529,
    949344,
    966016,
    983489,
    1000061,
    1017057,
    1033936,
    1050155,
    1066951,
    1083377,
    1100354,
    1116992,
    1133541,
    1150309,
    1167035,
    1183636,
    1200441,
    1217002,
    1233684,
    1250357,
    1269766,
    1305073,
    1317039,
    1333703,
    1350205,
    1367110,
    1384091,
    1400377,
    1417453,
    1433999,
    1450641,
    1467523,
    1484071,
    1500759,
    1517976,
    1533374,
    1550225,
    1566873,
    1584263,
    1600204,
    1616869,
    1633628,
    1650683,
    1666851,
    1683713,
    1700184,
    1719270,
    1749868,
    1774583,
    1784216,
    1800048,
    1817296,
    1834259,
    1850765,
    1867372,
    1884039,
    1900982,
    1917457,
    1934217,
    1950702,
    1967604,
    1983739,
    2000304,
    2016972,
    2033566,
    2050369,
    2066879,
    2083664,
    2100446,
    2117060,
    2133652,
    2150378,
    2166718,
    2186587
  ],
  "average_vsync_transitions_missed": 1.3333333333333333,
  "90th_percentile_vsync_transitions_missed": 2.0,
  "99th_percentile_vsync_transitions_missed": 2.0
}