{
  "average_frame_build_time_millis": 1.3773333333333333,
  "90th_percentile_frame_build_time_millis": 1.661,
  "99th_percentile_frame_build_time_millis": 7.306,
  "worst_frame_build_time_millis": 8.632,
  "missed_frame_build_budget_count": 0,
  "average_frame_rasterizer_time_millis": 2.240222222222222,
  "90th_percentile_frame_rasterizer_time_millis": 2.552,
  "99th_percentile_frame_rasterizer_time_millis": 6.093,
  "worst_frame_rasterizer_time_millis": 41.457,
  "missed_frame_rasterizer_budget_count": 1,
  "frame_count": 126,
  "frame_rasterizer_count": 126,
  "frame_build_times": [
    1281,
    721,
    421,
    448,
    408,
    641,
    640,
    765,
    636,
    1026,
    119,
    316,
    319,
    628,
    514,
    497,
    472,
    444,
    428,
    440,
    439,
    349,
    7306,
    2037,
    1400,
    1773,
    1462,
    1434,
    1403,
    1483,
    1405,
    1407,
    1393,
    1488,
    1426,
    1423,
    940,
    976,
    934,
    913,
    976,
    980,
    747,
    985,
    979,
    995,
    977,
    4630,
    5705,
    1271,
    797,
    537,
    367,
    416,
    434,
    951,
    1000,
    1187,
    1662,
    1570,
    1550,
    1016,
    1045,
    1026,
    992,
    808,
    998,
    980,
    1014,
    1012,
    985,
    1100,
    4191,
    6627,
    1924,
    1503,
    1650,
    1419,
    1389,
    1544,
    1446,
    1411,
    1661,
    1590,
    1421,
    1512,
    1413,
    787,
    1097,
    1021,
    964,
    1007,
    966,
    961,
    1097,
    987,
    975,
    956,
    4806,
    660,
    8632,
    1629,
    829,
    1058,
    1109,
    1603,
    1542,
    1507,
    1552,
    1595,
    1523,
    1509,
    1642,
    1153,
    1100,
    1123,
    1198,
    1223,
    1080,
    1105,
    1536,
    1138,
    1153,
    1086,
    852,
    4835
  ],
  "frame_rasterizer_times": [
    905,
    435,
    263,
    273,
    294,
    358,
    463,
    682,
    374,
    491,
    529,
    1132,
    1158,
    1516,
    1709,
    1795,
    1780,
    1907,
    1757,
    1944,
    1751,
    1858,
    2068,
    2698,
    2393,
    2714,
    3066,
    2215,
    2220,
    2552,
    2184,
    2241,
    2224,
    2267,
    2208,
    2101,
    2246,
    2345,
    2161,
    2191,
    2378,
    2293,
    1679,
    2214,
    2402,
    2248,
    2157,
    1730,
    1689,
    41457,
    809,
    483,
    541,
    753,
    686,
    1494,
    1543,
    2029,
    1886,
    2473,
    2377,
    2559,
    2345,
    3281,
    2424,
    1848,
    1954,
    2267,
    2273,
    2344,
    2258,
    2268,
    2330,
    1571,
    2022,
    2829,
    2690,
    2750,
    2287,
    2527,
    2419,
    2218,
    2331,
    1805,
    2206,
    2316,
    2210,
    1963,
    2195,
    2709,
    2549,
    2469,
    2359,
    2063,
    2598,
    2185,
    2254,
    2253,
    1367,
    1206,
    6093,
    1433,
    1176,
    1426,
    1768,
    2067,
    1989,
    2001,
    2075,
    2083,
    1961,
    1985,
    2210,
    1995,
    1572,
    1935,
    2136,
    1926,
    1904,
    1882,
    1998,
    2022,
    1912,
    1858,
    1686,
    1884
  ],
  "frame_begin_times": [
    0,
    49978,
    66686,
    83340,
    100058,
    116682,
    133303,
    150028,
    166690,
    183364,
    200082,
    216924,
    233586,
    250494,
    266990,
    283682,
    300280,
    317431,
    333677,
    350364,
    367003,
    383612,
    450123,
    467038,
    483686,
    500458,
    517033,
    533706,
    550351,
    567123,
    583666,
    600295,
    616986,
    633804,
    650303,
    667097,
    683678,
    700254,
    717019,
    733620,
    750399,
    767040,
    783521,
    800367,
    817170,
    833650,
    850239,
    866941,
    900151,
    916898,
    933430,
    966655,
    983278,
    1000120,
    1016705,
    1033593,
    1050178,
    1066953,
    1083840,
    1100319,
    1117009,
    1133771,
    1150339,
    1166992,
    1183626,
    1200319,
    1216973,
    1233663,
    1250292,
    1267026,
    1283651,
    1300225,
    1316934,
    1350111,
    1366940,
    1383724,
    1400447,
    1416906,
    1433608,
    1450692,
    1467003,
    1483611,
    1500320,
    1517253,
    1533564,
    1550306,
    1566929,
    1583558,
    1600263,
    1616944,
    1633676,
    1650325,
    1666994,
    1683581,
    1700596,
    1716999,
    1733613,
    1750340,
    1767160,
    1800245,
    1816914,
    1834398,
    1850095,
    1866781,
    1883307,
    1900368,
    1916944,
    1933682,
    1950279,
    1967004,
    1983610,
    2000263,
    2017046,
    2033699,
    2050300,
    2066841,
    2083776,
    2100300,
    2116810,
    2133681,
    2150484,
    2166949,
    2183577,
    2200292,
    2216830,
    2233554
  ],
  "frame_rasterizer_begin_times": [
    0,
    6186,
    22599,
    39304,
    55977,
    72873,
    89405,
    106312,
    122846,
    139951,
    155728,
    172737,
    189397,
    206520,
    223035,
    239713,
    256245,
    273406,
    289638,
    306338,
    322973,
    339465,
    412628,
    424609,
    440625,
    457737,
    473989,
    490630,
    507289,
    524095,
    540587,
    557160,
    573903,
    590823,
    607260,
    624054,
    640180,
    656711,
    673489,
    690008,
    706906,
    723575,
    739763,
    756811,
    773685,
    790196,
    806701,
    827111,
    861120,
    873616,
    915182,
    922684,
    939112,
    956015,
    972662,
    990040,
    1006688,
    1023693,
    1040993,
    1057413,
    1074091,
    1090323,
    1106919,
    1123509,
    1140168,
    1156714,
    1173509,
    1190182,
    1206834,
    1223572,
    1240183,
    1256844,
    1276211,
    1312037,
    1324376,
    1340781,
    1357645,
    1373843,
    1390516,
    1407794,
    1423987,
    1440562,
    1457520,
    1474360,
    1490413,
    1507355,
    1523878,
    1539847,
    1556866,
    1573543,
    1590141,
    1606847,
    1623488,
    1640020,
    1657230,
    1673519,
    1690149,
    1706832,
    1727404,
    1756374,
    1780787,
    1791502,
    1806408,
    1823333,
    1839908,
    1857529,
    1874021,
    1890750,
    1907365,
    1924131,
    1940688,
    1957334,
    1974238,
    1990387,
    2006923,
    2023467,
    2040409,
    2056957,
    2073463,
    2090288,
    2107540,
    2123627,
    2140223,
    2156874,
    2173203,
    2193476
  ],
  "average_vsync_transitions_missed": 1.75,
  "90th_percentile_vsync_transitions_missed": 3.0,
  "99th_percentile_vsync_transitions_missed": 3.0
}