{
  "average_frame_build_time_millis": 1.325857142857143,
  "90th_percentile_frame_build_time_millis": 1.538,
  "99th_percentile_frame_build_time_millis": 6.868,
  "worst_frame_build_time_millis": 7.123,
  "missed_frame_build_budget_count": 0,
  "average_frame_rasterizer_time_millis": 2.2950396825396826,
  "90th_percentile_frame_rasterizer_time_millis": 2.501,
  "99th_percentile_frame_rasterizer_time_millis": 5.551,
  "worst_frame_rasterizer_time_millis": 42.219,
  "missed_frame_rasterizer_budget_count": 1,
  "frame_count": 126,
  "frame_rasterizer_count": 126,
  "frame_build_times": [
    685,
    455,
    559,
    549,
    661,
    744,
    715,
    965,
    892,
    312,
    333,
    305,
    439,
    415,
    433,
    466,
    470,
    445,
    438,
    469,
    510,
    444,
    7123,
    1514,
    1459,
    1422,
    1383,
    1434,
    1091,
    1348,
    1368,
    1522,
    1446,
    1358,
    1404,
    1487,
    966,
    931,
    923,
    921,
    965,
    944,
    940,
    961,
    944,
    930,
    963,
    4403,
    5339,
    1327,
    816,
    529,
    303,
    420,
    415,
    941,
    1031,
    1134,
    1538,
    1490,
    1554,
    992,
    1084,
    1261,
    1027,
    1028,
    1012,
    1113,
    1059,
    975,
    1012,
    1013,
    4107,
    6436,
    1320,
    1049,
    1078,
    1376,
    1444,
    1405,
    1401,
    1372,
    1457,
    1442,
    1385,
    1493,
    1474,
    772,
    967,
    1014,
    1002,
    960,
    973,
    1005,
    958,
    954,
    945,
    1014,
    4401,
    663,
    6868,
    2129,
    1127,
    1552,
    1484,
    1467,
    1472,
    1978,
    1160,
    1489,
    1452,
    1483,
    1500,
    1050,
    1076,
    1118,
    1077,
    1079,
    1080,
    1085,
    1082,
    1036,
    1102,
    1090,
    1052,
    4836
  ],
  "frame_rasterizer_times": [
    558,
    460,
    377,
    584,
    688,
    417,
    719,
    521,
    704,
    1145,
    1062,
    1488,
    2066,
    2012,
    1937,
    2509,
    2036,
    1906,
    1910,
    2368,
    1904,
    2507,
    1671,
    2248,
    2259,
    2412,
    3795,
    5551,
    2120,
    2033,
    2205,
    2520,
    2339,
    2212,
    2185,
    2435,
    2202,
    2162,
    2322,
    1764,
    2156,
    2186,
    2213,
    2213,
    2217,
    2134,
    2286,
    1701,
    1684,
    42219,
    756,
    500,
    443,
    716,
    686,
    1534,
    1670,
    1884,
    1929,
    2512,
    2480,
    2394,
    2447,
    3106,
    2501,
    2285,
    2301,
    2590,
    2357,
    2296,
    2358,
    2442,
    2130,
    1642,
    1799,
    1840,
    1853,
    3085,
    2356,
    2265,
    2288,
    2459,
    2341,
    2264,
    2265,
    2519,
    2258,
    1721,
    2169,
    2138,
    2221,
    2214,
    2227,
    2263,
    2243,
    2222,
    2180,
    2244,
    1629,
    1386,
    1178,
    1641,
    1581,
    2366,
    2452,
    2009,
    2036,
    2116,
    1576,
    2060,
    2030,
    2160,
    1767,
    1948,
    1938,
    2067,
    1968,
    1932,
    2126,
    2084,
    1922,
    2750,
    2165,
    1943,
    2032,
    1598
  ],
  "frame_begin_times": [
    0,
    16636,
    33356,
    49995,
    66657,
    83343,
    99935,
    116701,
    133371,
    150297,
    166833,
    183491,
    200494,
    217000,
    233582,
    250586,
    267111,
    283627,
    300301,
    317481,
    333544,
    350319,
    416835,
    433558,
    450356,
    467019,
    483687,
    500305,
    516939,
    533647,
    550362,
    567154,
    583654,
    600313,
    617057,
    633784,
    650352,
    666993,
    683585,
    700466,
    716976,
    733595,
    750309,
    767060,
    783610,
    800297,
    816966,
    833732,
    866777,
    883649,
    900118,
    933284,
    949906,
    966638,
    983354,
    1000229,
    1016872,
    1033528,
    1050278,
    1066959,
    1083709,
    1100338,
    1116965,
    1133602,
    1150311,
    1166953,
    1183557,
    1200419,
    1216961,
    1233625,
    1250255,
    1267070,
    1283641,
    1316775,
    1333539,
    1350123,
    1366840,
    1383660,
    1400471,
    1416968,
    1433616,
    1450228,
    1466957,
    1483599,
    1500199,
    1517080,
    1533605,
    1550311,
    1566935,
    1583783,
    1600321,
    1616917,
    1633636,
    1650879,
    1666886,
    1683555,
    1700289,
    1716993,
    1733592,
    1766679,
    1783538,
    1800158,
    1816763,
    1833746,
    1850237,
    1866999,
    1883584,
    1900515,
    1916839,
    1933584,
    1950232,
    1967286,
    1983508,
    2000259,
    2016847,
    2033566,
    2050293,
    2066897,
    2083485,
    2100311,
    2116892,
    2133582,
    2150490,
    2166971,
    2183536,
    2200191
  ],
  "frame_rasterizer_begin_times": [
    0,
    16326,
    33204,
    49759,
    66532,
    83410,
    99973,
    116946,
    133574,
    149856,
    166402,
    183054,
    200218,
    216690,
    233297,
    250342,
    266818,
    283341,
    300022,
    317337,
    333209,
    350032,
    422996,
    434319,
    451087,
    467730,
    484355,
    500995,
    517311,
    534284,
    551023,
    567998,
    584394,
    600955,
    617743,
    634562,
    650620,
    667209,
    683803,
    700646,
    717231,
    733813,
    750537,
    767332,
    783889,
    800514,
    817236,
    837378,
    871125,
    884251,
    926614,
    933068,
    949513,
    966277,
    983048,
    1000415,
    1017216,
    1033928,
    1051100,
    1067712,
    1084548,
    1100622,
    1117304,
    1134094,
    1150641,
    1167219,
    1183882,
    1200791,
    1217293,
    1233874,
    1250507,
    1267378,
    1286550,
    1322243,
    1334109,
    1350440,
    1367205,
    1384321,
    1401205,
    1417690,
    1434301,
    1450892,
    1467720,
    1484329,
    1500854,
    1517871,
    1534389,
    1550372,
    1567217,
    1584095,
    1600602,
    1617176,
    1633881,
    1651169,
    1667139,
    1683802,
    1700526,
    1717335,
    1737239,
    1766609,
    1789483,
    1801514,
    1817130,
    1834511,
    1851014,
    1867778,
    1884343,
    1901631,
    1917265,
    1934365,
    1950972,
    1968053,
    1984243,
    2000602,
    2017232,
    2033986,
    2050637,
    2067251,
    2083817,
    2100680,
    2117247,
    2133896,
    2150877,
    2167359,
    2183881,
    2203891
  ],
  "average_vsync_transitions_missed": 1.3333333333333333,
  "90th_percentile_vsync_transitions_missed": 2.0,
  "99th_percentile_vsync_transitions_missed": 2.0
}