{
  "average_frame_build_time_millis": 1.3329761904761896,
  "90th_percentile_frame_build_time_millis": 1.643,
  "99th_percentile_frame_build_time_millis": 7.132,
  "worst_frame_build_time_millis": 7.214,
  "missed_frame_build_budget_count": 0,
  "average_frame_rasterizer_time_millis": 2.3219444444444446,
  "90th_percentile_frame_rasterizer_time_millis": 2.475,
  "99th_percentile_frame_rasterizer_time_millis": 16.363,
  "worst_frame_rasterizer_time_millis": 38.03,
  "missed_frame_rasterizer_budget_count": 2,
  "frame_count": 126,
  "frame_rasterizer_count": 126,
  "frame_build_times": [
    1472,
    607,
    367,
    431,
    442,
    422,
    578,
    591,
    851,
    1053,
    266,
    341,
    307,
    327,
    415,
    440,
    437,
    492,
    431,
    792,
    439,
    437,
    456,
    7132,
    1726,
    1410,
    1484,
    1502,
    1506,
    1362,
    1388,
    1560,
    1462,
    1386,
    1079,
    1442,
    1411,
    947,
    993,
    768,
    957,
    955,
    2118,
    783,
    681,
    931,
    1019,
    983,
    3999,
    7214,
    1035,
    471,
    552,
    356,
    434,
    421,
    983,
    905,
    935,
    971,
    1191,
    1559,
    1045,
    1005,
    1017,
    1021,
    1018,
    994,
    1052,
    986,
    781,
    1333,
    1068,
    4015,
    5395,
    1995,
    1425,
    1455,
    1261,
    1400,
    1451,
    1502,
    1286,
    1531,
    1431,
    1546,
    1512,
    1433,
    981,
    1028,
    1010,
    1081,
    955,
    1347,
    971,
    824,
    964,
    975,
    950,
    4321,
    6409,
    2084,
    1146,
    1522,
    1511,
    1459,
    884,
    1643,
    1506,
    1450,
    1445,
    1331,
    1559,
    1571,
    1057,
    1123,
    1077,
    1076,
    1256,
    881,
    1063,
    1038,
    1091,
    1112,
    1053,
    4838
  ],
  "frame_rasterizer_times": [
    879,
    16363,
    1174,
    309,
    269,
    307,
    399,
    408,
    505,
    560,
    1071,
    1471,
    1186,
    1390,
    1792,
    2146,
    1807,
    1767,
    1724,
    1902,
    1767,
    1878,
    1999,
    1783,
    2019,
    2440,
    2402,
    3312,
    2320,
    2208,
    2227,
    2428,
    2263,
    2475,
    1672,
    2332,
    2221,
    2195,
    2112,
    2183,
    2198,
    2217,
    2769,
    1781,
    1478,
    2157,
    2655,
    2190,
    1663,
    1683,
    38030,
    820,
    470,
    473,
    690,
    689,
    1527,
    1332,
    1521,
    1570,
    1919,
    2366,
    2297,
    2447,
    3300,
    2330,
    2324,
    2679,
    2379,
    2285,
    1859,
    2815,
    2246,
    2148,
    1582,
    2123,
    2458,
    2467,
    3001,
    2397,
    2367,
    2467,
    1763,
    2282,
    2320,
    2498,
    2276,
    2310,
    2213,
    3247,
    2256,
    2171,
    2227,
    2298,
    3216,
    2203,
    2212,
    2281,
    2177,
    1635,
    1228,
    1593,
    1525,
    1831,
    2385,
    2183,
    1220,
    1957,
    2359,
    2059,
    1999,
    1611,
    2115,
    1974,
    1904,
    2084,
    1914,
    1942,
    2119,
    1538,
    1889,
    1938,
    2138,
    1985,
    1934,
    1722
  ],
  "frame_begin_times": [
    0,
    50075,
    66528,
    83192,
    99876,
    116579,
    133268,
    149941,
    166574,
    183268,
    200122,
    217026,
    233402,
    250141,
    266926,
    283687,
    300233,
    316958,
    333544,
    350456,
    366868,
    383670,
    400218,
    466752,
    483419,
    500197,
    516889,
    533676,
    550281,
    566918,
    583611,
    600411,
    616954,
    633581,
    650165,
    667227,
    683609,
    700199,
    716846,
    733442,
    750236,
    766908,
    783668,
    800117,
    816732,
    833534,
    850288,
    866826,
    883578,
    916864,
    933255,
    949783,
    983132,
    999853,
    1016535,
    1033184,
    1050276,
    1066684,
    1083297,
    1099974,
    1116749,
    1133551,
    1150112,
    1166836,
    1183564,
    1200125,
    1216812,
    1233667,
    1250308,
    1266813,
    1283360,
    1300313,
    1316893,
    1333548,
    1366850,
    1383472,
    1400186,
    1416780,
    1433436,
    1450183,
    1466841,
    1483510,
    1500061,
    1516808,
    1533457,
    1550236,
    1566859,
    1583620,
    1600180,
    1616949,
    1633449,
    1650213,
    1666843,
    1683752,
    1700112,
    1716762,
    1733461,
    1750195,
    1766845,
    1783485,
    1816561,
    1833369,
    1850003,
    1866939,
    1883530,
    1900038,
    1916676,
    1933575,
    1950202,
    1966745,
    1983420,
    2000443,
    2016778,
    2033465,
    2050204,
    2066755,
    2083423,
    2100245,
    2116787,
    2133323,
    2150221,
    2166759,
    2183634,
    2200189,
    2216745,
    2233410
  ],
  "frame_rasterizer_begin_times": [
    0,
    2532,
    18931,
    35508,
    52191,
    68937,
    85742,
    102426,
    119336,
    136192,
    152268,
    169189,
    185602,
    202382,
    219262,
    236049,
    252606,
    269371,
    285899,
    303151,
    319227,
    335943,
    352504,
    425471,
    437045,
    453529,
    470295,
    487109,
    503582,
    520194,
    536918,
    553875,
    570332,
    586871,
    603131,
    620589,
    636904,
    653095,
    669772,
    686088,
    703155,
    719789,
    737631,
    752791,
    769298,
    786396,
    803310,
    819709,
    839470,
    875628,
    886182,
    924299,
    935577,
    952095,
    968854,
    985546,
    1003139,
    1019463,
    1036131,
    1052836,
    1069775,
    1087061,
    1103101,
    1119727,
    1136523,
    1153044,
    1169752,
    1186570,
    1203288,
    1219709,
    1236044,
    1253494,
    1269871,
    1289010,
    1323944,
    1337391,
    1353545,
    1370111,
    1386619,
    1403505,
    1420211,
    1436896,
    1453243,
    1470264,
    1486715,
    1503488,
    1520250,
    1536976,
    1553069,
    1569900,
    1586421,
    1603193,
    1619720,
    1637017,
    1652921,
    1669463,
    1686412,
    1703112,
    1719716,
    1739714,
    1774692,
    1787310,
    1802980,
    1820391,
    1836960,
    1853414,
    1869437,
    1887151,
    1903626,
    1920079,
    1936786,
    1953656,
    1970238,
    1986830,
    2003203,
    2019782,
    2036417,
    2053253,
    2070005,
    2086117,
    2103188,
    2119724,
    2136639,
    2153233,
    2169725,
    2189751
  ],
  "average_vsync_transitions_missed": 1.6,
  "90th_percentile_vsync_transitions_missed": 3.0,
  "99th_percentile_vsync_transitions_missed": 3.0
}