{
  "average_frame_build_time_millis": 1.324834645669291,
  "90th_percentile_frame_build_time_millis": 1.592,
  "99th_percentile_frame_build_time_millis": 6.841,
  "worst_frame_build_time_millis": 7.313,
  "missed_frame_build_budget_count": 0,
  "average_frame_rasterizer_time_millis": 2.4104566929133857,
  "90th_percentile_frame_rasterizer_time_millis": 2.434,
  "99th_percentile_frame_rasterizer_time_millis": 3.401,
  "worst_frame_rasterizer_time_millis": 42.997,
  "missed_frame_rasterizer_budget_count": 1,
  "frame_count": 127,
  "frame_rasterizer_count": 127,
  "frame_build_times": [
    352,
    434,
    439,
    443,
    452,
    453,
    425,
    430,
    447,
    7313,
    1515,
    1082,
    1427,
    1061,
    1484,
    1377,
    1382,
    1429,
    1376,
    1345,
    1403,
    1461,
    1423,
    932,
    995,
    969,
    917,
    928,
    955,
    950,
    936,
    925,
    983,
    933,
    4033,
    2543,
    625,
    354,
    283,
    145,
    226,
    194,
    428,
    425,
    493,
    595,
    717,
    635,
    3819,
    1560,
    1360,
    1286,
    1246,
    1280,
    1374,
    1279,
    1274,
    1314,
    1404,
    1268,
    1266,
    1588,
    1060,
    898,
    964,
    765,
    935,
    916,
    913,
    963,
    927,
    908,
    941,
    4049,
    6841,
    1997,
    1432,
    1446,
    1292,
    1432,
    1467,
    1283,
    1320,
    2114,
    1046,
    1002,
    1383,
    1112,
    944,
    961,
    963,
    1060,
    989,
    964,
    991,
    1033,
    921,
    949,
    1041,
    4516,
    720,
    5742,
    1780,
    1095,
    1409,
    1491,
    1592,
    1425,
    1558,
    1663,
    1362,
    1374,
    1582,
    1488,
    1011,
    1015,
    1081,
    1069,
    1027,
    980,
    835,
    845,
    1000,
    1016,
    1196,
    991,
    4779
  ],
  "frame_rasterizer_times": [
    1424,
    2069,
    1759,
    1731,
    1982,
    1864,
    1851,
    1728,
    2204,
    1642,
    1919,
    1811,
    2374,
    3037,
    2259,
    2277,
    2267,
    2315,
    2235,
    2322,
    2545,
    2590,
    2227,
    2192,
    2366,
    2248,
    2194,
    2214,
    2084,
    2174,
    2211,
    2210,
    2273,
    2237,
    1582,
    1312,
    42997,
    634,
    1607,
    1296,
    1789,
    1820,
    2521,
    1062,
    2469,
    1707,
    1527,
    1669,
    2268,
    3401,
    3214,
    2247,
    2202,
    2310,
    2561,
    2359,
    2377,
    2556,
    2396,
    2409,
    2392,
    2397,
    2548,
    2234,
    2317,
    1855,
    2355,
    2242,
    2237,
    2322,
    2234,
    2229,
    2463,
    2181,
    1580,
    2199,
    2434,
    2338,
    2862,
    2307,
    2263,
    2192,
    2195,
    2255,
    1556,
    2098,
    2151,
    2043,
    2129,
    2151,
    2277,
    2339,
    2111,
    2168,
    2376,
    2195,
    2168,
    2055,
    2335,
    1581,
    1308,
    1230,
    1667,
    1514,
    1943,
    2394,
    1940,
    1958,
    2070,
    2075,
    2010,
    1993,
    2239,
    1974,
    1966,
    1883,
    1942,
    1978,
    1969,
    1909,
    1592,
    1468,
    2000,
    1961,
    2001,
    1870,
    1783
  ],
  "frame_begin_times": [
    0,
    16821,
    33369,
    50161,
    66804,
    83515,
    100140,
    116760,
    133873,
    200124,
    216656,
    233252,
    250065,
    266682,
    283429,
    300035,
    316682,
    333442,
    350059,
    366667,
    383500,
    400156,
    416762,
    433370,
    450176,
    466725,
    483278,
    500081,
    516824,
    533420,
    550149,
    566646,
    583470,
    599977,
    616738,
    633136,
    650043,
    666502,
    699693,
    716288,
    733037,
    749723,
    766823,
    783224,
    799924,
    816758,
    833614,
    850014,
    866541,
    883409,
    900110,
    916664,
    933427,
    949968,
    966800,
    983349,
    999974,
    1016791,
    1033422,
    1050003,
    1066657,
    1083553,
    1100164,
    1116650,
    1133401,
    1150224,
    1166639,
    1183344,
    1200043,
    1216726,
    1233362,
    1250029,
    1266717,
    1283416,
    1316440,
    1333437,
    1350044,
    1366633,
    1383368,
    1400155,
    1416720,
    1433381,
    1449974,
    1466942,
    1483263,
    1499874,
    1516534,
    1533327,
    1550034,
    1566649,
    1583338,
    1599952,
    1616674,
    1633393,
    1650097,
    1666686,
    1683381,
    1699948,
    1716858,
    1733320,
    1766364,
    1783130,
    1799846,
    1816528,
    1833275,
    1850054,
    1866586,
    1883304,
    1900029,
    1916671,
    1933306,
    1949882,
    1966765,
    1983415,
    1999980,
    2016579,
    2033451,
    2050038,
    2066595,
    2083247,
    2100250,
    2116521,
    2133257,
    2149962,
    2166545,
    2183232,
    2199919
  ],
  "frame_rasterizer_begin_times": [
    0,
    16915,
    33499,
    50267,
    66919,
    83605,
    100214,
    116855,
    133958,
    206842,
    217794,
    234004,
    251156,
    267394,
    284596,
    301076,
    317726,
    334504,
    351012,
    367656,
    384578,
    401279,
    417840,
    433970,
    450839,
    467375,
    483863,
    500665,
    517461,
    534050,
    550733,
    567249,
    584112,
    600574,
    620394,
    635259,
    650286,
    693380,
    699632,
    716059,
    732853,
    749571,
    766886,
    783267,
    800041,
    817020,
    833922,
    850298,
    869574,
    884639,
    901118,
    917620,
    934337,
    950793,
    967838,
    984288,
    1000912,
    1017858,
    1034445,
    1050939,
    1067585,
    1084685,
    1100917,
    1117210,
    1133990,
    1150932,
    1167250,
    1183821,
    1200637,
    1217355,
    1233920,
    1250613,
    1267315,
    1286686,
    1322746,
    1335115,
    1351139,
    1367726,
    1384323,
    1401171,
    1417877,
    1434328,
    1450955,
    1468729,
    1483963,
    1500500,
    1517433,
    1534068,
    1550539,
    1567289,
    1583914,
    1600670,
    1617296,
    1634020,
    1650758,
    1667348,
    1683954,
    1700563,
    1717458,
    1737482,
    1766718,
    1788368,
    1801229,
    1817237,
    1834350,
    1851179,
    1867874,
    1884390,
    1901234,
    1917969,
    1934347,
    1950918,
    1967964,
    1984581,
    2000684,
    2017286,
    2034209,
    2050729,
    2067305,
    2083892,
    2100742,
    2116987,
    2133930,
    2150643,
    2167361,
    2183801,
    2203925
  ],
  "average_vsync_transitions_missed": 1.5,
  "90th_percentile_vsync_transitions_missed": 2.0,
  "99th_percentile_vsync_transitions_missed": 2.0
}