{
  "average_frame_build_time_millis": 1.2967007874015748,
  "90th_percentile_frame_build_time_millis": 1.547,
  "99th_percentile_frame_build_time_millis": 6.041,
  "worst_frame_build_time_millis": 7.994,
  "missed_frame_build_budget_count": 0,
  "average_frame_rasterizer_time_millis": 2.2179920634920625,
  "90th_percentile_frame_rasterizer_time_millis": 2.431,
  "99th_percentile_frame_rasterizer_time_millis": 3.774,
  "worst_frame_rasterizer_time_millis": 39.05,
  "missed_frame_rasterizer_budget_count": 1,
  "frame_count": 127,
  "frame_rasterizer_count": 126,
  "frame_build_times": [
    780,
    563,
    560,
    532,
    597,
    742,
    775,
    968,
    985,
    1888,
    269,
    291,
    339,
    336,
    446,
    436,
    447,
    432,
    455,
    425,
    433,
    437,
    519,
    5081,
    1525,
    1448,
    1116,
    1392,
    1522,
    1430,
    1422,
    1437,
    1368,
    1416,
    1592,
    1047,
    1406,
    1038,
    973,
    950,
    997,
    1249,
    955,
    977,
    939,
    722,
    948,
    948,
    3007,
    3865,
    1025,
    407,
    549,
    306,
    468,
    422,
    948,
    992,
    1098,
    1536,
    1176,
    1529,
    1050,
    828,
    993,
    986,
    1034,
    869,
    992,
    1014,
    1022,
    1005,
    993,
    4301,
    6041,
    1275,
    1058,
    1545,
    1422,
    1415,
    1483,
    1142,
    1469,
    1481,
    1051,
    1547,
    1477,
    1490,
    1028,
    1058,
    1020,
    980,
    997,
    1004,
    1015,
    979,
    1014,
    1054,
    1020,
    4471,
    873,
    7994,
    2157,
    1522,
    1477,
    1465,
    1521,
    1562,
    1486,
    1449,
    1608,
    1529,
    1497,
    1061,
    1161,
    1076,
    1074,
    1058,
    1094,
    1070,
    1159,
    879,
    1139,
    1265,
    1092,
    1126,
    4783
  ],
  "frame_rasterizer_times": [
    556,
    501,
    350,
    608,
    770,
    400,
    938,
    541,
    734,
    1366,
    1201,
    1377,
    1443,
    1937,
    1720,
    1812,
    1941,
    1878,
    1830,
    1866,
    2017,
    1941,
    1693,
    2267,
    2422,
    1986,
    3774,
    2208,
    2234,
    2371,
    2221,
    2339,
    2628,
    2351,
    1740,
    2190,
    2479,
    2306,
    2178,
    2202,
    2431,
    2271,
    2226,
    2181,
    1765,
    2167,
    2244,
    1381,
    1452,
    39050,
    1061,
    511,
    475,
    727,
    656,
    1515,
    1573,
    1669,
    2106,
    1860,
    2450,
    2347,
    1863,
    3308,
    2375,
    2356,
    2394,
    2326,
    2289,
    2536,
    2378,
    1837,
    1710,
    1708,
    1845,
    1810,
    1947,
    2928,
    2220,
    2309,
    1810,
    2272,
    2291,
    1738,
    1936,
    2254,
    2298,
    2407,
    2323,
    2152,
    2137,
    2482,
    2297,
    2169,
    2273,
    2701,
    2199,
    2163,
    1628,
    1613,
    1292,
    1844,
    2058,
    2087,
    2318,
    2487,
    2095,
    2119,
    2068,
    2262,
    2010,
    1978,
    1940,
    2459,
    2018,
    1955,
    1908,
    2037,
    1948,
    2037,
    1588,
    2176,
    2039,
    1997,
    2153,
    1878
  ],
  "frame_begin_times": [
    0,
    16644,
    33303,
    49925,
    66592,
    83306,
    99942,
    116678,
    133320,
    150172,
    166880,
    183453,
    200182,
    216834,
    233655,
    250221,
    266960,
    283614,
    300387,
    316939,
    333657,
    350374,
    366901,
    433367,
    450144,
    466965,
    483823,
    500233,
    516910,
    533558,
    550314,
    566907,
    583628,
    600410,
    616914,
    633524,
    650272,
    667106,
    683614,
    700300,
    716965,
    734017,
    750292,
    766922,
    783551,
    800268,
    816913,
    833595,
    850159,
    868232,
    883471,
    899889,
    933230,
    949948,
    966580,
    983250,
    1000197,
    1016752,
    1033367,
    1050850,
    1066849,
    1083550,
    1100236,
    1116836,
    1133621,
    1150315,
    1166923,
    1183520,
    1200219,
    1216866,
    1233633,
    1250278,
    1266816,
    1283546,
    1316592,
    1333320,
    1350071,
    1367329,
    1383522,
    1400257,
    1416968,
    1433413,
    1450268,
    1466923,
    1483415,
    1500296,
    1516862,
    1533563,
    1550311,
    1566976,
    1583482,
    1600209,
    1617013,
    1633540,
    1650240,
    1667012,
    1683719,
    1700119,
    1716936,
    1733560,
    1766736,
    1783648,
    1800091,
    1816956,
    1833525,
    1850116,
    1867144,
    1883581,
    1900213,
    1916905,
    1933639,
    1950190,
    1966829,
    1983521,
    2000300,
    2016860,
    2033513,
    2050130,
    2066975,
    2083532,
    2100188,
    2116800,
    2133616,
    2150227,
    2166997,
    2183579,
    2200103
  ],
  "frame_rasterizer_begin_times": [
    0,
    16713,
    33311,
    50017,
    66868,
    83577,
    100493,
    117147,
    134873,
    149947,
    166551,
    183319,
    199979,
    216950,
    233496,
    250223,
    266895,
    283649,
    300189,
    316918,
    333658,
    350183,
    421085,
    434468,
    451208,
    467735,
    484482,
    501246,
    517733,
    534576,
    551027,
    567813,
    584649,
    601335,
    617371,
    634533,
    650934,
    667439,
    684091,
    700719,
    717952,
    734037,
    750710,
    767335,
    783810,
    800681,
    817385,
    835963,
    854675,
    867261,
    906435,
    916545,
    933065,
    949824,
    966538,
    983948,
    1000544,
    1017244,
    1035231,
    1050818,
    1067942,
    1084133,
    1100412,
    1117435,
    1134164,
    1150824,
    1167252,
    1184049,
    1200684,
    1217478,
    1234127,
    1250622,
    1270141,
    1305267,
    1317401,
    1333944,
    1351699,
    1367784,
    1384511,
    1401281,
    1417333,
    1434542,
    1451248,
    1467264,
    1484682,
    1501145,
    1517896,
    1534180,
    1550894,
    1567310,
    1584029,
    1600852,
    1617384,
    1634059,
    1650875,
    1667522,
    1683967,
    1700781,
    1720779,
    1750394,
    1774259,
    1785026,
    1801312,
    1817796,
    1834467,
    1851511,
    1867979,
    1884457,
    1901195,
    1918093,
    1934593,
    1951188,
    1967429,
    1984167,
    2000820,
    2017444,
    2033998,
    2050886,
    2067453,
    2084052,
    2100486,
    2117557,
    2134247,
    2150911,
    2167503,
    2187265
  ],
  "average_vsync_transitions_missed": 1.5,
  "90th_percentile_vsync_transitions_missed": 2.0,
  "99th_percentile_vsync_transitions_missed": 2.0
}