{
  "average_frame_build_time_millis": 1.1892777777777768,
  "90th_percentile_frame_build_time_millis": 1.552,
  "99th_percentile_frame_build_time_millis": 7.257,
  "worst_frame_build_time_millis": 7.769,
  "missed_frame_build_budget_count": 0,
  "average_frame_rasterizer_time_millis": 2.1613280000000006,
  "90th_percentile_frame_rasterizer_time_millis": 2.47,
  "99th_percentile_frame_rasterizer_time_millis": 3.755,
  "worst_frame_rasterizer_time_millis": 31.446,
  "missed_frame_rasterizer_budget_count": 1,
  "frame_count": 126,
  "frame_rasterizer_count": 125,
  "frame_build_times": [
    472,
    439,
    449,
    458,
    477,
    469,
    453,
    452,
    7257,
    1313,
    877,
    982,
    596,
    576,
    559,
    941,
    551,
    551,
    510,
    560,
    540,
    621,
    698,
    422,
    523,
    465,
    532,
    418,
    484,
    419,
    558,
    429,
    515,
    1280,
    1294,
    405,
    192,
    195,
    130,
    151,
    185,
    177,
    376,
    389,
    481,
    478,
    628,
    658,
    3721,
    1465,
    1450,
    1349,
    1291,
    1396,
    1387,
    1304,
    1309,
    1437,
    1434,
    1306,
    1311,
    1528,
    928,
    854,
    968,
    1010,
    949,
    940,
    968,
    1030,
    952,
    913,
    1001,
    3970,
    6623,
    1429,
    1014,
    1451,
    1333,
    1286,
    1422,
    1365,
    1428,
    1523,
    1363,
    1388,
    1465,
    1506,
    951,
    963,
    1000,
    993,
    951,
    967,
    1029,
    982,
    948,
    960,
    1061,
    4150,
    746,
    7769,
    1754,
    1106,
    1117,
    1580,
    1463,
    1446,
    1560,
    1552,
    1453,
    1567,
    1734,
    1498,
    1042,
    1114,
    1143,
    1051,
    1051,
    1059,
    906,
    1159,
    1123,
    1041,
    1099,
    3409
  ],
  "frame_rasterizer_times": [
    1871,
    1913,
    2042,
    1906,
    1920,
    1894,
    1856,
    1950,
    2373,
    1755,
    1700,
    1303,
    995,
    986,
    1609,
    1087,
    984,
    1082,
    1031,
    988,
    955,
    1272,
    1061,
    1241,
    1166,
    1287,
    1575,
    1326,
    1016,
    1275,
    1076,
    1208,
    813,
    722,
    31446,
    614,
    1688,
    428,
    1274,
    1754,
    1774,
    2216,
    1123,
    2565,
    1401,
    1793,
    1826,
    2304,
    3755,
    2558,
    2313,
    2343,
    2447,
    2502,
    2506,
    2493,
    2930,
    2470,
    2453,
    2463,
    2465,
    2367,
    1835,
    2394,
    2439,
    2311,
    2321,
    2465,
    2421,
    2341,
    2343,
    2540,
    2189,
    1561,
    1717,
    1869,
    2464,
    2954,
    1822,
    2344,
    2306,
    2279,
    2369,
    2290,
    2242,
    2491,
    2338,
    2301,
    2218,
    2467,
    2339,
    2281,
    2209,
    2338,
    2336,
    2304,
    2278,
    2270,
    1650,
    1317,
    1417,
    1610,
    1625,
    1793,
    2545,
    2096,
    2061,
    2235,
    2144,
    2068,
    2117,
    2013,
    2029,
    1989,
    1955,
    2219,
    2083,
    2048,
    2005,
    2019,
    1980,
    1973,
    2145,
    2063,
    1472
  ],
  "frame_begin_times": [
    0,
    16602,
    33294,
    50118,
    66578,
    83285,
    99852,
    116674,
    183215,
    199906,
    216417,
    233134,
    249739,
    266296,
    283035,
    299922,
    316374,
    333022,
    349652,
    366398,
    382992,
    399669,
    416278,
    433077,
    449701,
    466462,
    483155,
    499741,
    516347,
    533085,
    549715,
    566406,
    583140,
    599690,
    617093,
    633066,
    649681,
    666326,
    682883,
    699551,
    716264,
    732970,
    749882,
    766416,
    783126,
    799805,
    816593,
    833230,
    850156,
    866551,
    883326,
    899900,
    916578,
    933549,
    949910,
    966545,
    983193,
    1000036,
    1016688,
    1033204,
    1049913,
    1066738,
    1083185,
    1100075,
    1116544,
    1133293,
    1149952,
    1166570,
    1183183,
    1199893,
    1216554,
    1233263,
    1249975,
    1266488,
    1299870,
    1316652,
    1333117,
    1349906,
    1366502,
    1383246,
    1400069,
    1416556,
    1433192,
    1449925,
    1466586,
    1483259,
    1499872,
    1516685,
    1533266,
    1549912,
    1566657,
    1583274,
    1600004,
    1616539,
    1633279,
    1649899,
    1666514,
    1683246,
    1700212,
    1716495,
    1749694,
    1766468,
    1782943,
    1799716,
    1816397,
    1833175,
    1849827,
    1866442,
    1883236,
    1899860,
    1916538,
    1933113,
    1950194,
    1966472,
    1983095,
    1999930,
    2016751,
    2033204,
    2049787,
    2066464,
    2083039,
    2099843,
    2116599,
    2133080,
    2149841,
    2166345
  ],
  "frame_rasterizer_begin_times": [
    0,
    16693,
    33433,
    49971,
    66650,
    83276,
    99992,
    173079,
    184095,
    200214,
    217024,
    233293,
    249831,
    266551,
    283874,
    299880,
    316530,
    333080,
    349914,
    366502,
    383170,
    399893,
    416437,
    433130,
    449829,
    466586,
    483165,
    499727,
    516455,
    533177,
    549714,
    566553,
    583898,
    601411,
    616381,
    647971,
    649437,
    665888,
    682583,
    699331,
    716089,
    733171,
    749713,
    766621,
    783188,
    800115,
    816811,
    836460,
    850949,
    867673,
    884193,
    900764,
    917855,
    934261,
    950716,
    967337,
    984378,
    1000931,
    1017458,
    1034082,
    1051221,
    1067065,
    1083791,
    1100484,
    1117269,
    1133837,
    1150460,
    1167097,
    1183790,
    1200439,
    1217129,
    1233851,
    1252928,
    1289120,
    1300985,
    1317040,
    1334189,
    1350675,
    1367395,
    1384347,
    1400785,
    1417576,
    1434401,
    1450815,
    1467601,
    1484130,
    1501093,
    1517087,
    1533820,
    1550540,
    1567187,
    1583897,
    1600366,
    1617210,
    1633804,
    1650345,
    1667154,
    1684209,
    1703549,
    1733302,
    1756885,
    1767588,
    1783691,
    1800384,
    1817615,
    1834242,
    1850832,
    1867726,
    1884362,
    1900940,
    1917633,
    1934791,
    1950836,
    1967095,
    1983926,
    2000819,
    2017114,
    2033699,
    2050486,
    2066844,
    2083855,
    2100647,
    2117019,
    2133891,
    2152362
  ],
  "average_vsync_transitions_missed": 1.0,
  "90th_percentile_vsync_transitions_missed": 1.0,
  "99th_percentile_vsync_transitions_missed": 1.0
}