{
  "average_frame_build_time_millis": 1.3172857142857146,
  "90th_percentile_frame_build_time_millis": 1.521,
  "99th_percentile_frame_build_time_millis": 6.253,
  "worst_frame_build_time_millis": 8.254,
  "missed_frame_build_budget_count": 0,
  "average_frame_rasterizer_time_millis": 2.3532460317460315,
  "90th_percentile_frame_rasterizer_time_millis": 2.437,
  "99th_percentile_frame_rasterizer_time_millis": 16.272,
  "worst_frame_rasterizer_time_millis": 41.71,
  "missed_frame_rasterizer_budget_count": 2,
  "frame_count": 126,
  "frame_rasterizer_count": 126,
  "frame_build_times": [
    975,
    452,
    603,
    594,
    779,
    871,
    758,
    1087,
    940,
    259,
    273,
    324,
    374,
    499,
    457,
    476,
    499,
    495,
    452,
    477,
    460,
    485,
    4292,
    1277,
    1060,
    1465,
    1463,
    1393,
    1453,
    1474,
    1494,
    1400,
    1419,
    1139,
    1468,
    1456,
    958,
    827,
    947,
    958,
    1009,
    962,
    914,
    940,
    1073,
    1053,
    964,
    3916,
    5336,
    1237,
    759,
    515,
    288,
    468,
    398,
    988,
    967,
    987,
    1267,
    1224,
    1025,
    967,
    1052,
    976,
    1016,
    1014,
    999,
    1022,
    959,
    1048,
    1021,
    991,
    4121,
    6253,
    1521,
    1423,
    1497,
    1384,
    1467,
    3827,
    1447,
    1394,
    1379,
    1438,
    1456,
    1395,
    1434,
    986,
    977,
    953,
    1011,
    754,
    935,
    1012,
    750,
    1007,
    976,
    929,
    4249,
    897,
    8254,
    2025,
    919,
    1075,
    1603,
    1353,
    1508,
    1467,
    1440,
    1128,
    1463,
    1439,
    1633,
    1149,
    1077,
    1064,
    1079,
    1098,
    1064,
    1094,
    1143,
    1140,
    1072,
    1059,
    1082,
    4791
  ],
  "frame_rasterizer_times": [
    16272,
    1119,
    385,
    624,
    755,
    447,
    746,
    611,
    541,
    1283,
    1186,
    1178,
    1397,
    2126,
    1894,
    1813,
    1771,
    2064,
    1816,
    1827,
    1804,
    1579,
    1764,
    1866,
    1852,
    2027,
    3796,
    2260,
    2251,
    2437,
    2330,
    2255,
    2156,
    1818,
    2238,
    2146,
    2214,
    1783,
    2226,
    2130,
    2160,
    2274,
    2209,
    2239,
    2367,
    2316,
    2042,
    1535,
    1731,
    41710,
    848,
    504,
    491,
    729,
    664,
    1533,
    1684,
    1586,
    2259,
    2337,
    1618,
    2047,
    2435,
    3316,
    2388,
    2728,
    2331,
    2301,
    2299,
    2475,
    2463,
    2246,
    2160,
    1577,
    1967,
    2394,
    2560,
    2870,
    2464,
    3331,
    2302,
    1787,
    1965,
    2489,
    2328,
    2296,
    2269,
    1896,
    2226,
    2195,
    2173,
    1997,
    2220,
    2174,
    1694,
    2227,
    2182,
    2144,
    1846,
    1410,
    1419,
    1514,
    1367,
    1506,
    2382,
    1936,
    2042,
    1962,
    2137,
    1890,
    2013,
    2092,
    2432,
    2069,
    1975,
    1930,
    2160,
    2056,
    2022,
    1943,
    2191,
    1907,
    1898,
    2201,
    1900,
    1770
  ],
  "frame_begin_times": [
    0,
    16541,
    33240,
    49942,
    66610,
    83240,
    99909,
    116637,
    133322,
    150208,
    166830,
    183436,
    200238,
    217007,
    233666,
    250301,
    266968,
    283778,
    300306,
    316903,
    333573,
    350303,
    416615,
    433382,
    450114,
    466903,
    483629,
    500275,
    516957,
    533684,
    550291,
    566908,
    583535,
    600267,
    616921,
    633588,
    650268,
    667160,
    683486,
    700261,
    716905,
    733610,
    750222,
    766958,
    783572,
    800293,
    816930,
    833599,
    866715,
    883442,
    900061,
    933320,
    949924,
    966591,
    983226,
    1000058,
    1016703,
    1033399,
    1050228,
    1066909,
    1083454,
    1100098,
    1116944,
    1133612,
    1150193,
    1167120,
    1183623,
    1200236,
    1216870,
    1233635,
    1250228,
    1266866,
    1283534,
    1316666,
    1333416,
    1350155,
    1366834,
    1383519,
    1400100,
    1417069,
    1433554,
    1450139,
    1466868,
    1483735,
    1500200,
    1516861,
    1533601,
    1550410,
    1566836,
    1583475,
    1600133,
    1616823,
    1633546,
    1650179,
    1666807,
    1683590,
    1700222,
    1716868,
    1733603,
    1766676,
    1783497,
    1800109,
    1816643,
    1833407,
    1850129,
    1867025,
    1883458,
    1900157,
    1916833,
    1933430,
    1950181,
    1966831,
    1983536,
    2000242,
    2016867,
    2033550,
    2050342,
    2066827,
    2083525,
    2100168,
    2117076,
    2133499,
    2150220,
    2166818,
    2183598,
    2200124
  ],
  "frame_rasterizer_begin_times": [
    0,
    16320,
    32903,
    49589,
    66441,
    83152,
    99728,
    116730,
    133270,
    149490,
    166155,
    182795,
    199647,
    216535,
    233227,
    249852,
    266545,
    283303,
    299818,
    316455,
    333109,
    349766,
    419815,
    433705,
    450233,
    467448,
    484169,
    500759,
    517481,
    534245,
    550804,
    567420,
    584034,
    600697,
    617463,
    634076,
    650306,
    667041,
    683497,
    700283,
    716941,
    733677,
    750198,
    766989,
    783731,
    800348,
    816924,
    836540,
    870825,
    883753,
    925566,
    932870,
    949248,
    966068,
    982695,
    1000090,
    1016711,
    1033432,
    1050528,
    1067103,
    1083516,
    1100109,
    1117037,
    1133663,
    1150285,
    1167214,
    1183697,
    1200334,
    1216898,
    1233695,
    1250325,
    1266927,
    1286256,
    1321786,
    1334018,
    1350654,
    1367396,
    1383976,
    1400628,
    1417718,
    1434091,
    1450608,
    1467324,
    1484228,
    1500731,
    1517336,
    1534089,
    1550440,
    1566870,
    1583518,
    1600242,
    1616610,
    1633549,
    1650266,
    1666590,
    1683634,
    1700249,
    1716857,
    1736971,
    1766681,
    1790575,
    1801153,
    1816617,
    1833515,
    1850667,
    1867388,
    1884039,
    1900705,
    1917269,
    1933582,
    1950718,
    1967341,
    1984130,
    2000382,
    2017019,
    2033698,
    2050490,
    2067001,
    2083681,
    2100315,
    2117258,
    2133689,
    2150371,
    2166921,
    2183667,
    2203541
  ],
  "average_vsync_transitions_missed": 1.25,
  "90th_percentile_vsync_transitions_missed": 2.0,
  "99th_percentile_vsync_transitions_missed": 2.0
}