{
  "average_frame_build_time_millis": 1.168837398373983,
  "90th_percentile_frame_build_time_millis": 1.606,
  "99th_percentile_frame_build_time_millis": 6.253,
  "worst_frame_build_time_millis": 7.275,
  "missed_frame_build_budget_count": 0,
  "average_frame_rasterizer_time_millis": 4.523894308943092,
  "90th_percentile_frame_rasterizer_time_millis": 16.468,
  "99th_percentile_frame_rasterizer_time_millis": 17.189,
  "worst_frame_rasterizer_time_millis": 38.114,
  "missed_frame_rasterizer_budget_count": 21,
  "frame_count": 123,
  "frame_rasterizer_count": 123,
  "frame_build_times": [
    891,
    497,
    678,
    691,
    646,
    904,
    1124,
    261,
    268,
    338,
    572,
    417,
    418,
    319,
    507,
    408,
    403,
    424,
    421,
    432,
    7275,
    2020,
    1473,
    1070,
    1370,
    1385,
    1650,
    1331,
    1376,
    1495,
    1486,
    1464,
    1362,
    1442,
    1023,
    940,
    962,
    1009,
    1021,
    924,
    920,
    961,
    942,
    955,
    919,
    3960,
    6117,
    1067,
    400,
    531,
    278,
    434,
    425,
    941,
    1205,
    1124,
    1149,
    1467,
    1668,
    1060,
    1018,
    978,
    1028,
    965,
    975,
    989,
    1013,
    984,
    988,
    999,
    3998,
    5046,
    1606,
    1425,
    1414,
    1384,
    1762,
    1370,
    1337,
    1397,
    1389,
    1383,
    1389,
    1050,
    1473,
    971,
    962,
    1125,
    1032,
    976,
    986,
    1001,
    973,
    940,
    1008,
    1061,
    3919,
    6253,
    1616,
    689,
    534,
    550,
    557,
    599,
    524,
    644,
    530,
    665,
    527,
    707,
    734,
    488,
    655,
    475,
    600,
    492,
    595,
    482,
    414,
    470,
    462,
    539,
    1432
  ],
  "frame_rasterizer_times": [
    16121,
    16538,
    16372,
    16413,
    16503,
    16181,
    16541,
    16437,
    16860,
    17189,
    16366,
    16599,
    16248,
    17168,
    16256,
    16577,
    16857,
    16468,
    16630,
    16547,
    1655,
    2571,
    2150,
    1833,
    2881,
    2252,
    2301,
    2246,
    2216,
    2280,
    2312,
    2204,
    2210,
    2661,
    2327,
    2422,
    2184,
    2431,
    2413,
    2123,
    2126,
    2586,
    2160,
    2100,
    2153,
    1712,
    1671,
    38114,
    759,
    479,
    435,
    687,
    699,
    1493,
    1647,
    1841,
    1801,
    2495,
    1927,
    2381,
    2345,
    3242,
    2396,
    2300,
    2241,
    2506,
    2379,
    2211,
    2379,
    2486,
    2168,
    1356,
    2016,
    2282,
    2410,
    2907,
    2366,
    2249,
    2327,
    2221,
    2307,
    2273,
    2198,
    1820,
    2333,
    2199,
    2217,
    2432,
    2278,
    2175,
    2173,
    2455,
    2263,
    2181,
    2151,
    1817,
    1340,
    1328,
    1586,
    1440,
    1055,
    1114,
    1089,
    970,
    978,
    949,
    853,
    855,
    845,
    1202,
    1086,
    927,
    989,
    993,
    1073,
    900,
    1045,
    1061,
    942,
    1127,
    1135,
    974,
    715
  ],
  "frame_begin_times": [
    0,
    16746,
    33413,
    50070,
    66712,
    83434,
    100080,
    117003,
    133556,
    150294,
    167296,
    183698,
    200415,
    217030,
    233835,
    250390,
    267002,
    284126,
    300486,
    317033,
    383532,
    400379,
    417225,
    433648,
    450417,
    467110,
    483934,
    500331,
    517077,
    533723,
    550410,
    567027,
    583690,
    600435,
    617060,
    633711,
    650360,
    667237,
    683738,
    700395,
    717003,
    733921,
    750436,
    767061,
    783684,
    800404,
    833480,
    850216,
    866687,
    900150,
    916684,
    933364,
    950029,
    967014,
    983643,
    1000294,
    1016907,
    1033629,
    1050494,
    1067153,
    1083695,
    1100392,
    1117015,
    1133740,
    1150321,
    1166952,
    1183690,
    1200356,
    1217065,
    1233717,
    1250343,
    1283362,
    1300391,
    1316936,
    1333714,
    1350348,
    1367121,
    1383736,
    1400252,
    1417017,
    1433729,
    1450393,
    1467041,
    1483527,
    1500373,
    1517089,
    1533688,
    1550442,
    1567096,
    1583639,
    1600244,
    1617144,
    1633626,
    1650355,
    1667025,
    1683879,
    1700245,
    1734295,
    1750083,
    1766702,
    1783280,
    1800075,
    1816744,
    1833306,
    1849893,
    1866700,
    1883283,
    1900022,
    1916665,
    1933380,
    1950111,
    1966668,
    1983466,
    2000059,
    2016855,
    2033339,
    2050081,
    2066735,
    2083333,
    2099981,
    2116611,
    2133331,
    2149987
  ],
  "frame_rasterizer_begin_times": [
    0,
    16326,
    33187,
    49772,
    66412,
    83452,
    100271,
    116864,
    133342,
    150261,
    167540,
    183988,
    200664,
    216974,
    234267,
    250609,
    267259,
    284193,
    300731,
    317458,
    389551,
    401477,
    417810,
    433765,
    450852,
    467584,
    484660,
    500632,
    517528,
    534313,
    550985,
    567576,
    584149,
    600908,
    617143,
    633722,
    650379,
    667326,
    683819,
    700397,
    717008,
    733997,
    750433,
    767092,
    783680,
    803334,
    838329,
    850320,
    888528,
    899685,
    916073,
    932868,
    949516,
    967000,
    983835,
    1000444,
    1017048,
    1034196,
    1051216,
    1067231,
    1083700,
    1100395,
    1117068,
    1133783,
    1150370,
    1167056,
    1183749,
    1200418,
    1217130,
    1233795,
    1252858,
    1287272,
    1301095,
    1317404,
    1334209,
    1350790,
    1367958,
    1384177,
    1400560,
    1417474,
    1434186,
    1450849,
    1467505,
    1483650,
    1500921,
    1517155,
    1533722,
    1550568,
    1567204,
    1583691,
    1600274,
    1617221,
    1633673,
    1650373,
    1667106,
    1683934,
    1703187,
    1739342,
    1750720,
    1766474,
    1782909,
    1799632,
    1816332,
    1832989,
    1849508,
    1866434,
    1882941,
    1899773,
    1916302,
    1933093,
    1949892,
    1966231,
    1983133,
    1999586,
    2016481,
    2032921,
    2049714,
    2066228,
    2082848,
    2099542,
    2116163,
    2132950,
    2150351
  ],
  "average_vsync_transitions_missed": 1.0434782608695652,
  "90th_percentile_vsync_transitions_missed": 1.0,
  "99th_percentile_vsync_transitions_missed": 2.0
}