{
  "average_frame_build_time_millis": 1.0700166666666668,
  "90th_percentile_frame_build_time_millis": 1.548,
  "99th_percentile_frame_build_time_millis": 7.053,
  "worst_frame_build_time_millis": 9.356,
  "missed_frame_build_budget_count": 0,
  "average_frame_rasterizer_time_millis": 4.8231583333333345,
  "90th_percentile_frame_rasterizer_time_millis": 16.587,
  "99th_percentile_frame_rasterizer_time_millis": 16.908,
  "worst_frame_rasterizer_time_millis": 28.415,
  "missed_frame_rasterizer_budget_count": 23,
  "frame_count": 120,
  "frame_rasterizer_count": 120,
  "frame_build_times": [
    723,
    720,
    943,
    274,
    275,
    343,
    442,
    449,
    446,
    445,
    463,
    473,
    446,
    466,
    451,
    463,
    7053,
    1604,
    1088,
    1157,
    1559,
    1477,
    1037,
    409,
    560,
    882,
    640,
    554,
    568,
    819,
    462,
    371,
    426,
    557,
    435,
    571,
    420,
    527,
    431,
    542,
    616,
    2122,
    2141,
    601,
    662,
    432,
    375,
    514,
    519,
    541,
    423,
    651,
    483,
    532,
    450,
    584,
    367,
    416,
    321,
    383,
    457,
    482,
    426,
    529,
    413,
    416,
    398,
    1453,
    2409,
    1393,
    835,
    926,
    1047,
    1430,
    1450,
    1398,
    1401,
    1451,
    1492,
    1488,
    1364,
    1545,
    991,
    985,
    1004,
    1030,
    1014,
    963,
    955,
    776,
    1025,
    1041,
    977,
    3857,
    977,
    9356,
    1938,
    1039,
    1522,
    1583,
    1548,
    1469,
    1603,
    1187,
    1395,
    1543,
    1433,
    1539,
    1084,
    1051,
    1059,
    837,
    1053,
    1067,
    1045,
    1123,
    823,
    1089,
    1122,
    4992
  ],
  "frame_rasterizer_times": [
    763,
    459,
    531,
    1189,
    1077,
    1364,
    1710,
    1882,
    1939,
    1831,
    2066,
    1873,
    1754,
    1868,
    2072,
    1972,
    1692,
    2248,
    1752,
    1925,
    3571,
    2462,
    3435,
    934,
    992,
    1454,
    1048,
    960,
    1438,
    1185,
    1131,
    928,
    968,
    1320,
    1075,
    1255,
    1008,
    1238,
    1075,
    1275,
    1259,
    1029,
    959,
    28415,
    694,
    16870,
    16587,
    16848,
    16408,
    16627,
    16583,
    16756,
    16417,
    16625,
    16578,
    16648,
    16392,
    16560,
    16908,
    16611,
    16330,
    16746,
    16892,
    16307,
    16449,
    16796,
    16447,
    15727,
    885,
    1645,
    1476,
    1567,
    2183,
    2008,
    2331,
    2277,
    2324,
    2421,
    2473,
    2499,
    2286,
    2461,
    2365,
    2386,
    2218,
    2868,
    2267,
    2201,
    2287,
    1810,
    2261,
    2086,
    2061,
    1559,
    1531,
    1442,
    1575,
    1567,
    1829,
    2570,
    2047,
    1973,
    2013,
    1932,
    1745,
    1946,
    2024,
    2049,
    1938,
    1912,
    1913,
    1943,
    1925,
    1917,
    2139,
    1997,
    1507,
    1919,
    2143,
    1891
  ],
  "frame_begin_times": [
    0,
    16668,
    33360,
    50241,
    66806,
    83600,
    100379,
    117002,
    133823,
    150313,
    167120,
    183778,
    200348,
    217003,
    233922,
    250405,
    316815,
    333591,
    350196,
    366965,
    383754,
    400410,
    416931,
    433307,
    450078,
    466895,
    483395,
    499988,
    516745,
    533495,
    550139,
    566681,
    583476,
    600164,
    616758,
    633526,
    650025,
    666826,
    683459,
    700252,
    716781,
    733396,
    766588,
    783302,
    800012,
    816650,
    833262,
    850101,
    866652,
    883353,
    899954,
    916662,
    933357,
    950013,
    966732,
    983325,
    1000016,
    1016723,
    1033352,
    1050062,
    1066697,
    1083405,
    1100018,
    1116739,
    1133315,
    1150068,
    1166681,
    1183318,
    1216708,
    1233533,
    1250125,
    1266790,
    1283551,
    1300514,
    1316966,
    1333547,
    1350300,
    1366924,
    1383637,
    1400263,
    1416791,
    1433724,
    1450333,
    1466885,
    1483580,
    1500741,
    1516914,
    1533493,
    1550214,
    1567270,
    1583666,
    1600350,
    1616900,
    1633571,
    1666914,
    1683588,
    1700062,
    1716757,
    1733561,
    1750302,
    1766915,
    1783570,
    1800222,
    1816879,
    1833417,
    1850208,
    1866882,
    1883859,
    1900247,
    1916930,
    1933565,
    1950169,
    1966899,
    1983546,
    2000250,
    2016877,
    2033445,
    2050245,
    2066989,
    2083602
  ],
  "frame_rasterizer_begin_times": [
    0,
    16665,
    33595,
    49770,
    66322,
    83227,
    100111,
    116734,
    133570,
    150038,
    166856,
    183498,
    200104,
    216758,
    233582,
    250134,
    322891,
    334470,
    350527,
    367378,
    384586,
    401177,
    417246,
    432954,
    449857,
    467014,
    483339,
    499761,
    516565,
    533548,
    549849,
    566272,
    583121,
    599962,
    616416,
    633335,
    649667,
    666592,
    683110,
    700043,
    716631,
    734766,
    767834,
    783205,
    811737,
    816324,
    833254,
    849895,
    866827,
    883337,
    900014,
    916638,
    933471,
    949989,
    966721,
    983371,
    1000099,
    1016571,
    1033181,
    1050189,
    1066890,
    1083300,
    1100102,
    1117096,
    1133490,
    1150008,
    1166890,
    1183868,
    1218224,
    1234186,
    1250224,
    1266965,
    1283874,
    1301232,
    1317705,
    1334238,
    1350976,
    1367618,
    1384421,
    1401043,
    1417471,
    1434584,
    1450611,
    1467157,
    1483919,
    1501275,
    1517213,
    1533736,
    1550485,
    1567302,
    1583982,
    1600642,
    1617163,
    1636692,
    1667147,
    1691756,
    1701221,
    1717041,
    1734346,
    1751164,
    1767754,
    1784311,
    1801011,
    1817272,
    1834100,
    1850962,
    1867598,
    1884715,
    1900595,
    1917277,
    1933927,
    1950261,
    1967240,
    1983928,
    2000616,
    2017305,
    2033514,
    2050592,
    2067375,
    2087464
  ],
  "average_vsync_transitions_missed": 1.0,
  "90th_percentile_vsync_transitions_missed": 1.0,
  "99th_percentile_vsync_transitions_missed": 1.0
}