{
  "average_frame_build_time_millis": 1.3234841269841275,
  "90th_percentile_frame_build_time_millis": 1.574,
  "99th_percentile_frame_build_time_millis": 6.29,
  "worst_frame_build_time_millis": 8.423,
  "missed_frame_build_budget_count": 0,
  "average_frame_rasterizer_time_millis": 2.246086614173229,
  "90th_percentile_frame_rasterizer_time_millis": 2.415,
  "99th_percentile_frame_rasterizer_time_millis": 3.934,
  "worst_frame_rasterizer_time_millis": 41.39,
  "missed_frame_rasterizer_budget_count": 1,
  "frame_count": 126,
  "frame_rasterizer_count": 127,
  "frame_build_times": [
    897,
    513,
    568,
    561,
    768,
    698,
    718,
    989,
    923,
    316,
    314,
    345,
    334,
    440,
    445,
    431,
    428,
    437,
    450,
    434,
    428,
    470,
    5790,
    1574,
    1419,
    1402,
    1457,
    1415,
    1367,
    1422,
    1450,
    1358,
    1363,
    1430,
    1051,
    1386,
    923,
    1121,
    949,
    931,
    930,
    968,
    1015,
    979,
    961,
    987,
    949,
    3698,
    4667,
    1268,
    766,
    524,
    264,
    423,
    427,
    939,
    1002,
    981,
    1138,
    1476,
    1521,
    984,
    1005,
    975,
    1018,
    1025,
    988,
    968,
    985,
    1023,
    763,
    991,
    4075,
    6290,
    1648,
    1505,
    1571,
    1438,
    1455,
    1555,
    1543,
    1582,
    1091,
    1509,
    1637,
    1466,
    1473,
    1341,
    1090,
    996,
    996,
    791,
    968,
    1017,
    985,
    1059,
    1025,
    1008,
    4319,
    849,
    8423,
    2336,
    1083,
    1443,
    1453,
    1290,
    1486,
    1517,
    1460,
    1108,
    1550,
    1518,
    1470,
    1132,
    1080,
    1052,
    1097,
    1110,
    1054,
    1086,
    1103,
    1108,
    1076,
    1067,
    1114,
    4938
  ],
  "frame_rasterizer_times": [
    1370,
    513,
    500,
    382,
    623,
    753,
    422,
    737,
    562,
    554,
    1239,
    1331,
    1447,
    1353,
    2022,
    1953,
    1757,
    1753,
    2077,
    1743,
    1767,
    1786,
    1974,
    1658,
    2305,
    2446,
    2784,
    3934,
    2302,
    2213,
    2511,
    2373,
    2220,
    2184,
    2400,
    1711,
    2219,
    2235,
    2400,
    2210,
    2208,
    2117,
    2271,
    2138,
    2169,
    2341,
    2394,
    2318,
    1259,
    1676,
    41390,
    824,
    662,
    495,
    748,
    729,
    1552,
    1571,
    1628,
    1973,
    2403,
    2412,
    2584,
    2393,
    3317,
    2337,
    2549,
    2299,
    2351,
    2279,
    2214,
    1822,
    2291,
    2114,
    1580,
    2350,
    2415,
    2522,
    2857,
    2306,
    2437,
    2324,
    2560,
    1771,
    2483,
    2324,
    2311,
    2256,
    2308,
    2391,
    2193,
    2154,
    1894,
    2234,
    2228,
    2309,
    2232,
    2166,
    2206,
    1817,
    1407,
    1325,
    1836,
    1526,
    2042,
    2289,
    1878,
    2126,
    2017,
    2007,
    1950,
    2023,
    2007,
    1954,
    2067,
    1898,
    2013,
    2146,
    2078,
    1945,
    2031,
    2144,
    1981,
    1948,
    1890,
    1684,
    1862
  ],
  "frame_begin_times": [
    0,
    16606,
    33296,
    49972,
    66712,
    83356,
    99981,
    116713,
    133353,
    150266,
    166894,
    183561,
    200227,
    217132,
    233671,
    250381,
    266990,
    283793,
    300339,
    317036,
    333638,
    350841,
    416752,
    433488,
    450369,
    466865,
    483701,
    500355,
    516958,
    533747,
    550280,
    567008,
    583596,
    600475,
    616885,
    633633,
    650296,
    667319,
    683648,
    700285,
    716965,
    733639,
    750293,
    766994,
    783547,
    800381,
    816962,
    833608,
    866673,
    883527,
    900035,
    933333,
    950054,
    966680,
    983335,
    1000146,
    1016785,
    1033408,
    1050226,
    1066950,
    1083628,
    1100351,
    1116975,
    1133635,
    1150315,
    1167262,
    1183642,
    1200285,
    1216967,
    1233743,
    1250172,
    1266947,
    1283490,
    1316747,
    1333508,
    1350212,
    1366999,
    1383555,
    1400229,
    1417042,
    1433636,
    1450259,
    1466819,
    1483705,
    1500280,
    1516890,
    1533545,
    1550429,
    1566826,
    1583565,
    1600264,
    1616875,
    1633520,
    1650278,
    1666900,
    1683634,
    1700173,
    1716899,
    1733723,
    1766704,
    1783513,
    1800370,
    1816773,
    1833548,
    1850124,
    1867047,
    1883535,
    1900205,
    1916919,
    1933447,
    1950175,
    1966896,
    1983587,
    2000268,
    2016800,
    2033547,
    2050248,
    2066892,
    2083472,
    2100274,
    2117138,
    2133552,
    2150187,
    2166834,
    2183633,
    2200247
  ],
  "frame_rasterizer_begin_times": [
    0,
    6999,
    23221,
    40042,
    56658,
    73591,
    90182,
    106816,
    123781,
    140422,
    156694,
    173256,
    190008,
    206667,
    223715,
    240259,
    256911,
    273574,
    290377,
    306932,
    323627,
    340224,
    357431,
    428365,
    441186,
    457903,
    474407,
    491304,
    507891,
    524476,
    541287,
    557892,
    574500,
    591101,
    608058,
    624041,
    641156,
    657357,
    674558,
    690735,
    707379,
    724063,
    740730,
    757416,
    774120,
    790671,
    807511,
    824059,
    843403,
    877193,
    890931,
    932430,
    939961,
    956439,
    973202,
    989893,
    1007184,
    1023894,
    1040496,
    1057440,
    1074533,
    1091296,
    1107483,
    1124142,
    1140749,
    1157451,
    1174422,
    1190781,
    1207385,
    1224100,
    1240920,
    1257039,
    1274086,
    1293252,
    1328978,
    1341301,
    1357876,
    1374710,
    1391135,
    1407826,
    1424739,
    1441323,
    1457935,
    1474034,
    1491323,
    1507977,
    1524484,
    1541162,
    1557873,
    1574034,
    1590701,
    1607408,
    1623725,
    1640626,
    1657412,
    1673989,
    1690799,
    1707329,
    1724042,
    1744189,
    1773683,
    1797827,
    1808684,
    1823995,
    1841160,
    1857714,
    1874400,
    1891185,
    1907869,
    1924473,
    1940672,
    1957822,
    1974557,
    1991224,
    2007504,
    2023992,
    2040744,
    2057478,
    2074119,
    2090650,
    2107529,
    2124367,
    2140775,
    2157397,
    2174062,
    2190814,
    2210884
  ],
  "average_vsync_transitions_missed": 1.3333333333333333,
  "90th_percentile_vsync_transitions_missed": 2.0,
  "99th_percentile_vsync_transitions_missed": 2.0
}