{
  "average_frame_build_time_millis": 1.3536349206349205,
  "90th_percentile_frame_build_time_millis": 1.672,
  "99th_percentile_frame_build_time_millis": 6.999,
  "worst_frame_build_time_millis": 8.123,
  "missed_frame_build_budget_count": 0,
  "average_frame_rasterizer_time_millis": 4.952539682539681,
  "90th_percentile_frame_rasterizer_time_millis": 16.454,
  "99th_percentile_frame_rasterizer_time_millis": 17.118,
  "worst_frame_rasterizer_time_millis": 43.227,
  "missed_frame_rasterizer_budget_count": 23,
  "frame_count": 126,
  "frame_rasterizer_count": 126,
  "frame_build_times": [
    729,
    435,
    616,
    593,
    785,
    761,
    755,
    1077,
    1075,
    96,
    261,
    270,
    405,
    419,
    406,
    397,
    411,
    407,
    408,
    437,
    407,
    622,
    6236,
    1528,
    1409,
    1554,
    1497,
    1482,
    1385,
    1420,
    1441,
    1419,
    1380,
    1377,
    1435,
    1409,
    951,
    738,
    925,
    923,
    924,
    977,
    1049,
    941,
    959,
    984,
    931,
    3980,
    5599,
    1672,
    766,
    525,
    299,
    419,
    463,
    931,
    974,
    1100,
    1537,
    1466,
    1516,
    977,
    1014,
    973,
    969,
    1009,
    979,
    1003,
    989,
    828,
    1011,
    987,
    4032,
    6999,
    2053,
    1454,
    1540,
    1518,
    1569,
    1585,
    1723,
    1453,
    1603,
    1762,
    1547,
    1407,
    1469,
    875,
    986,
    943,
    974,
    770,
    975,
    983,
    964,
    1041,
    971,
    1007,
    4851,
    803,
    8123,
    2459,
    1447,
    1107,
    1430,
    1379,
    1443,
    1443,
    1442,
    1237,
    1451,
    1448,
    1436,
    1122,
    1044,
    1066,
    1087,
    1088,
    1044,
    1046,
    1121,
    1085,
    1063,
    1038,
    1129,
    4891
  ],
  "frame_rasterizer_times": [
    16544,
    16454,
    16413,
    16653,
    16468,
    16335,
    16625,
    16046,
    16090,
    17118,
    16454,
    17078,
    17017,
    16357,
    16426,
    16600,
    16940,
    16367,
    16365,
    16641,
    16731,
    16434,
    1619,
    2258,
    2370,
    2569,
    3883,
    2282,
    2245,
    2541,
    2286,
    2047,
    2241,
    2099,
    2282,
    2168,
    2226,
    1848,
    2253,
    2215,
    2222,
    2252,
    2177,
    2297,
    2531,
    2294,
    2245,
    1594,
    1732,
    43227,
    842,
    518,
    484,
    725,
    800,
    1505,
    1527,
    1884,
    2222,
    2456,
    2525,
    2579,
    2400,
    3258,
    2318,
    2411,
    2416,
    2068,
    2343,
    1995,
    2284,
    2328,
    2140,
    1554,
    1939,
    2729,
    2534,
    2957,
    2473,
    2621,
    2485,
    2376,
    2463,
    2926,
    2457,
    2386,
    2379,
    1820,
    2779,
    2707,
    2246,
    1573,
    2253,
    2252,
    2720,
    2293,
    2206,
    2208,
    1752,
    1327,
    1338,
    1862,
    1877,
    1570,
    2090,
    1612,
    2073,
    2037,
    2043,
    2097,
    1994,
    2004,
    2036,
    2032,
    1936,
    1804,
    2157,
    2002,
    1979,
    1909,
    1838,
    1922,
    1948,
    1960,
    1563,
    1735
  ],
  "frame_begin_times": [
    0,
    16660,
    33434,
    50077,
    66742,
    83412,
    100014,
    116774,
    133387,
    150138,
    167040,
    183560,
    200392,
    217273,
    233819,
    250393,
    267050,
    283902,
    300408,
    317147,
    333731,
    350511,
    416836,
    433639,
    450362,
    467133,
    483718,
    500365,
    517135,
    533862,
    550394,
    566984,
    583726,
    600549,
    617087,
    633746,
    650349,
    666977,
    683698,
    700456,
    717081,
    733694,
    750346,
    767020,
    783813,
    800335,
    817031,
    833688,
    866806,
    883656,
    900155,
    933483,
    950020,
    966705,
    983392,
    1000308,
    1016876,
    1033591,
    1050389,
    1067069,
    1083756,
    1100533,
    1117063,
    1133730,
    1150516,
    1167248,
    1183777,
    1200356,
    1217091,
    1233780,
    1250354,
    1267012,
    1283632,
    1316830,
    1333582,
    1350325,
    1367082,
    1383674,
    1400339,
    1417144,
    1433633,
    1450243,
    1467061,
    1483885,
    1500345,
    1516916,
    1533640,
    1550528,
    1566952,
    1583696,
    1600335,
    1616971,
    1633585,
    1650307,
    1666872,
    1683704,
    1700322,
    1717042,
    1733752,
    1767006,
    1783549,
    1800383,
    1817012,
    1833504,
    1850317,
    1867045,
    1883641,
    1900148,
    1916955,
    1933612,
    1950245,
    1966947,
    1983589,
    2000342,
    2016950,
    2033621,
    2050374,
    2067012,
    2083574,
    2100243,
    2117146,
    2133640,
    2150354,
    2166942,
    2183686,
    2200260
  ],
  "frame_rasterizer_begin_times": [
    0,
    16590,
    33354,
    49994,
    66859,
    83499,
    100115,
    117191,
    133796,
    149990,
    167149,
    183659,
    200824,
    217935,
    234409,
    250927,
    267616,
    284626,
    301107,
    317570,
    334340,
    351156,
    422136,
    434440,
    451106,
    468004,
    484490,
    501159,
    517833,
    534598,
    551152,
    567698,
    584432,
    601189,
    617818,
    634460,
    650601,
    666986,
    683923,
    700681,
    717332,
    733972,
    750799,
    767278,
    784086,
    800637,
    817278,
    836947,
    871467,
    884644,
    927971,
    933244,
    949620,
    966423,
    983164,
    1000517,
    1017123,
    1033963,
    1051241,
    1067844,
    1084634,
    1100843,
    1117434,
    1133980,
    1150817,
    1167599,
    1184080,
    1200622,
    1217404,
    1233886,
    1250704,
    1267314,
    1286523,
    1322916,
    1334864,
    1351067,
    1367942,
    1384419,
    1401244,
    1418077,
    1434588,
    1451051,
    1467872,
    1484981,
    1501157,
    1517637,
    1534428,
    1550962,
    1567252,
    1583983,
    1600571,
    1617048,
    1633871,
    1650608,
    1667136,
    1684100,
    1700616,
    1717393,
    1737877,
    1767057,
    1790761,
    1802016,
    1817774,
    1833899,
    1851066,
    1867714,
    1884414,
    1900885,
    1917715,
    1934084,
    1951039,
    1967707,
    1984352,
    2000742,
    2017269,
    2034011,
    2050780,
    2067403,
    2083925,
    2100620,
    2117550,
    2134052,
    2150752,
    2167309,
    2184103,
    2204032
  ],
  "average_vsync_transitions_missed": 1.04,
  "90th_percentile_vsync_transitions_missed": 1.0,
  "99th_percentile_vsync_transitions_missed": 2.0
}