{
  "average_frame_build_time_millis": 0.9515739130434783,
  "90th_percentile_frame_build_time_millis": 1.559,
  "99th_percentile_frame_build_time_millis": 5.072,
  "worst_frame_build_time_millis": 8.442,
  "missed_frame_build_budget_count": 0,
  "average_frame_rasterizer_time_millis": 1.5736260869565215,
  "90th_percentile_frame_rasterizer_time_millis": 2.242,
  "99th_percentile_frame_rasterizer_time_millis": 2.723,
  "worst_frame_rasterizer_time_millis": 24.61,
  "missed_frame_rasterizer_budget_count": 1,
  "frame_count": 115,
  "frame_rasterizer_count": 115,
  "frame_build_times": [
    176,
    145,
    194,
    149,
    260,
    243,
    184,
    193,
    190,
    222,
    2627,
    1137,
    585,
    568,
    561,
    542,
    612,
    552,
    591,
    553,
    562,
    581,
    437,
    564,
    407,
    431,
    421,
    359,
    400,
    425,
    447,
    368,
    435,
    519,
    411,
    1299,
    1778,
    554,
    587,
    363,
    407,
    405,
    469,
    501,
    524,
    528,
    484,
    468,
    429,
    446,
    335,
    339,
    366,
    337,
    342,
    394,
    360,
    366,
    356,
    381,
    325,
    1007,
    1822,
    696,
    427,
    994,
    900,
    973,
    1123,
    1903,
    1323,
    1484,
    1607,
    1554,
    1507,
    1570,
    1034,
    1117,
    1083,
    1020,
    979,
    801,
    993,
    966,
    990,
    1024,
    1022,
    4423,
    740,
    8442,
    2169,
    1181,
    1537,
    1460,
    1149,
    1674,
    1485,
    1484,
    1489,
    1112,
    1559,
    1550,
    1074,
    1091,
    1066,
    1058,
    1114,
    894,
    1055,
    1072,
    1092,
    1098,
    1103,
    1075,
    5072
  ],
  "frame_rasterizer_times": [
    817,
    617,
    681,
    588,
    896,
    708,
    768,
    734,
    836,
    745,
    824,
    1475,
    956,
    938,
    1550,
    938,
    945,
    1021,
    936,
    1306,
    941,
    937,
    848,
    939,
    920,
    929,
    919,
    990,
    917,
    1014,
    934,
    851,
    1000,
    1467,
    943,
    713,
    784,
    24610,
    472,
    384,
    764,
    703,
    832,
    820,
    876,
    837,
    750,
    867,
    849,
    736,
    675,
    874,
    1176,
    824,
    758,
    902,
    788,
    776,
    751,
    872,
    795,
    810,
    765,
    950,
    712,
    1504,
    1771,
    1476,
    1723,
    2467,
    2059,
    2276,
    2242,
    2723,
    2380,
    2204,
    2156,
    2102,
    2231,
    2187,
    2249,
    1782,
    2355,
    2242,
    2213,
    2313,
    2210,
    1719,
    1372,
    1387,
    1867,
    1862,
    2183,
    2508,
    1612,
    2430,
    2014,
    1987,
    2002,
    1624,
    2017,
    1956,
    1893,
    2006,
    1977,
    1973,
    2170,
    1545,
    1948,
    1935,
    2188,
    1950,
    1937,
    1928,
    1859
  ],
  "frame_begin_times": [
    0,
    16544,
    33226,
    49856,
    66588,
    83228,
    99959,
    116570,
    133311,
    149954,
    210931,
    216466,
    233110,
    249786,
    266603,
    283089,
    299831,
    316493,
    333172,
    349912,
    366492,
    383129,
    399827,
    416472,
    433262,
    449888,
    466588,
    483221,
    499839,
    516476,
    533238,
    549866,
    566457,
    583210,
    599915,
    616552,
    633057,
    649798,
    666442,
    683020,
    699786,
    716444,
    733072,
    749758,
    766505,
    783169,
    799742,
    816495,
    833138,
    849798,
    866438,
    883247,
    899794,
    916457,
    933118,
    949803,
    966462,
    983079,
    999787,
    1016431,
    1033112,
    1049838,
    1083043,
    1099774,
    1116389,
    1133319,
    1149932,
    1166539,
    1183291,
    1200138,
    1216624,
    1233466,
    1250101,
    1266859,
    1283462,
    1300098,
    1316711,
    1333531,
    1350182,
    1366797,
    1383448,
    1400091,
    1416766,
    1433422,
    1450113,
    1466773,
    1483408,
    1500074,
    1533197,
    1550062,
    1566697,
    1583503,
    1600144,
    1616637,
    1633328,
    1650300,
    1666738,
    1683449,
    1700060,
    1716650,
    1733257,
    1750068,
    1766720,
    1783464,
    1800073,
    1816789,
    1833516,
    1849949,
    1866726,
    1883636,
    1900245,
    1916757,
    1933381,
    1950150,
    1966892
  ],
  "frame_rasterizer_begin_times": [
    0,
    16513,
    33254,
    49716,
    66673,
    83216,
    99924,
    116607,
    133288,
    149920,
    213193,
    217366,
    233443,
    250097,
    266910,
    283377,
    300190,
    316791,
    333511,
    350206,
    366805,
    383455,
    400089,
    416783,
    433489,
    450130,
    466760,
    483328,
    499989,
    516753,
    533494,
    549982,
    566633,
    583546,
    600072,
    617583,
    634467,
    650099,
    674832,
    683151,
    699930,
    716588,
    733282,
    750000,
    766778,
    783438,
    799966,
    816704,
    833362,
    850013,
    866593,
    883329,
    899970,
    916614,
    933205,
    950023,
    966565,
    983188,
    999984,
    1016634,
    1033260,
    1050468,
    1084548,
    1100262,
    1116567,
    1134082,
    1150553,
    1167602,
    1184198,
    1201812,
    1217752,
    1234748,
    1251506,
    1268240,
    1284762,
    1301451,
    1317553,
    1334480,
    1351107,
    1367633,
    1384196,
    1400667,
    1417576,
    1434209,
    1450897,
    1467602,
    1484230,
    1504231,
    1533840,
    1558085,
    1568611,
    1584574,
    1601497,
    1617892,
    1634272,
    1651852,
    1668035,
    1684743,
    1701385,
    1717523,
    1734576,
    1751451,
    1767591,
    1784317,
    1800945,
    1817657,
    1834450,
    1850612,
    1867610,
    1884496,
    1901163,
    1917639,
    1934273,
    1950989,
    1971274
  ],
  "average_vsync_transitions_missed": 1.0,
  "90th_percentile_vsync_transitions_missed": 1.0,
  "99th_percentile_vsync_transitions_missed": 1.0
}