{
  "average_frame_build_time_millis": 1.3292720000000005,
  "90th_percentile_frame_build_time_millis": 1.686,
  "99th_percentile_frame_build_time_millis": 6.465,
  "worst_frame_build_time_millis": 7.246,
  "missed_frame_build_budget_count": 0,
  "average_frame_rasterizer_time_millis": 2.1959682539682546,
  "90th_percentile_frame_rasterizer_time_millis": 2.353,
  "99th_percentile_frame_rasterizer_time_millis": 3.541,
  "worst_frame_rasterizer_time_millis": 42.472,
  "missed_frame_rasterizer_budget_count": 1,
  "frame_count": 125,
  "frame_rasterizer_count": 126,
  "frame_build_times": [
    1231,
    407,
    523,
    528,
    455,
    662,
    684,
    691,
    1128,
    156,
    286,
    342,
    349,
    482,
    455,
    494,
    463,
    469,
    468,
    506,
    487,
    442,
    7246,
    2032,
    1138,
    1470,
    1493,
    1421,
    1460,
    1374,
    1356,
    1433,
    1422,
    1364,
    1356,
    829,
    944,
    766,
    945,
    978,
    925,
    923,
    934,
    996,
    922,
    932,
    971,
    4139,
    5382,
    1818,
    786,
    506,
    311,
    414,
    437,
    953,
    992,
    1116,
    1510,
    1686,
    1609,
    985,
    986,
    988,
    999,
    1063,
    1024,
    1019,
    1002,
    988,
    967,
    883,
    4126,
    5614,
    1639,
    1044,
    1462,
    1466,
    1482,
    1372,
    1402,
    1521,
    1507,
    1426,
    1380,
    1724,
    1422,
    977,
    982,
    826,
    959,
    953,
    997,
    1001,
    993,
    986,
    953,
    1006,
    4366,
    6465,
    1812,
    1078,
    1540,
    1529,
    1484,
    1470,
    1454,
    1122,
    1498,
    1453,
    1464,
    1583,
    1538,
    1050,
    1123,
    1105,
    1056,
    1178,
    1127,
    1135,
    1202,
    1066,
    1101,
    1085,
    4954
  ],
  "frame_rasterizer_times": [
    1084,
    363,
    264,
    380,
    296,
    276,
    420,
    408,
    415,
    794,
    518,
    1064,
    1450,
    1446,
    1716,
    1905,
    2021,
    1841,
    1678,
    1708,
    1967,
    1775,
    1841,
    1996,
    2108,
    1980,
    1983,
    2994,
    2476,
    2351,
    2220,
    2256,
    2427,
    2338,
    2218,
    2267,
    1735,
    2192,
    1697,
    2170,
    2266,
    2247,
    2142,
    2252,
    2334,
    2236,
    2142,
    2412,
    1706,
    1697,
    42472,
    777,
    516,
    456,
    710,
    705,
    1508,
    1661,
    1789,
    2131,
    2730,
    2234,
    2321,
    2334,
    3541,
    2353,
    2329,
    2330,
    2830,
    2325,
    2267,
    2254,
    1877,
    2171,
    1682,
    1897,
    1844,
    2378,
    3131,
    2343,
    2284,
    2280,
    2424,
    2269,
    2228,
    2270,
    1753,
    2235,
    2231,
    2299,
    1778,
    2194,
    2191,
    2217,
    2308,
    2242,
    2155,
    2387,
    2258,
    1437,
    1215,
    1566,
    1542,
    1990,
    2258,
    1995,
    1989,
    1998,
    1596,
    1997,
    1612,
    1967,
    2072,
    1937,
    1884,
    2068,
    2005,
    1896,
    1933,
    2151,
    1979,
    2042,
    1918,
    1588,
    1905,
    1781
  ],
  "frame_begin_times": [
    0,
    16519,
    33219,
    49908,
    66586,
    83269,
    99909,
    116606,
    133224,
    149973,
    166822,
    183526,
    200151,
    216888,
    233474,
    250538,
    266950,
    283632,
    300223,
    317090,
    333541,
    350186,
    416682,
    433538,
    450081,
    466832,
    483518,
    500355,
    516907,
    533486,
    550173,
    567087,
    583611,
    600239,
    616891,
    633405,
    650375,
    666773,
    683651,
    700214,
    716954,
    733524,
    750240,
    766955,
    783561,
    800241,
    816934,
    833556,
    866705,
    883622,
    899993,
    933263,
    949916,
    966558,
    983237,
    1000118,
    1016726,
    1033443,
    1050171,
    1066926,
    1083548,
    1100253,
    1116924,
    1133648,
    1150265,
    1166987,
    1183556,
    1200299,
    1216879,
    1233535,
    1250142,
    1267106,
    1283534,
    1316611,
    1333485,
    1350077,
    1366821,
    1383485,
    1400201,
    1416840,
    1433464,
    1450291,
    1466897,
    1483432,
    1500147,
    1517088,
    1533509,
    1550126,
    1566753,
    1583776,
    1600194,
    1616830,
    1633471,
    1650153,
    1666806,
    1683468,
    1700117,
    1716853,
    1733485,
    1766610,
    1783312,
    1800006,
    1816824,
    1833657,
    1850022,
    1866803,
    1883486,
    1900212,
    1916833,
    1933500,
    1950149,
    1966809,
    1983507,
    2000188,
    2016785,
    2033478,
    2050046,
    2066791,
    2083522,
    2100145,
    2116742,
    2133489,
    2150149,
    2166793,
    2183512
  ],
  "frame_rasterizer_begin_times": [
    0,
    1629,
    17364,
    34232,
    50894,
    67502,
    84349,
    101042,
    117746,
    134778,
    150554,
    167538,
    184288,
    200940,
    217852,
    234432,
    251513,
    267892,
    284582,
    301158,
    318045,
    334451,
    351091,
    424081,
    436018,
    451695,
    468816,
    485448,
    502263,
    518854,
    535341,
    551997,
    568990,
    585472,
    602072,
    618714,
    634685,
    651804,
    667979,
    685080,
    701657,
    718362,
    734928,
    751643,
    768430,
    784968,
    801661,
    818388,
    838142,
    872224,
    885910,
    928506,
    934212,
    950687,
    967425,
    984147,
    1001572,
    1018161,
    1035030,
    1052165,
    1069079,
    1085640,
    1101721,
    1118421,
    1135153,
    1151747,
    1168546,
    1185062,
    1201839,
    1218372,
    1235022,
    1251573,
    1268385,
    1287679,
    1322458,
    1335565,
    1351557,
    1368792,
    1385354,
    1402192,
    1418698,
    1435384,
    1452307,
    1468868,
    1485291,
    1501907,
    1519244,
    1535413,
    1551585,
    1568221,
    1584974,
    1601640,
    1618217,
    1634973,
    1651635,
    1668234,
    1684920,
    1701537,
    1718345,
    1738289,
    1773358,
    1785545,
    1801538,
    1818846,
    1835678,
    1851983,
    1868780,
    1885368,
    1901775,
    1918839,
    1935454,
    1952112,
    1968845,
    1985523,
    2001714,
    2018345,
    2035071,
    2051580,
    2068305,
    2085134,
    2101713,
    2118320,
    2135018,
    2151689,
    2168308,
    2188499
  ],
  "average_vsync_transitions_missed": 2.142857142857143,
  "90th_percentile_vsync_transitions_missed": 3.0,
  "99th_percentile_vsync_transitions_missed": 3.0
}