{
  "average_frame_build_time_millis": 1.3370158730158732,
  "90th_percentile_frame_build_time_millis": 1.641,
  "99th_percentile_frame_build_time_millis": 7.014,
  "worst_frame_build_time_millis": 8.065,
  "missed_frame_build_budget_count": 0,
  "average_frame_rasterizer_time_millis": 2.3853730158730158,
  "90th_percentile_frame_rasterizer_time_millis": 2.547,
  "99th_percentile_frame_rasterizer_time_millis": 15.835,
  "worst_frame_rasterizer_time_millis": 43.071,
  "missed_frame_rasterizer_budget_count": 1,
  "frame_count": 126,
  "frame_rasterizer_count": 126,
  "frame_build_times": [
    1224,
    482,
    523,
    503,
    537,
    783,
    729,
    888,
    905,
    167,
    282,
    283,
    343,
    439,
    467,
    437,
    439,
    444,
    454,
    473,
    491,
    440,
    7014,
    1990,
    1442,
    1370,
    1363,
    986,
    1468,
    1381,
    1342,
    1332,
    1634,
    1306,
    1310,
    1439,
    986,
    889,
    908,
    931,
    902,
    934,
    932,
    708,
    920,
    915,
    880,
    4262,
    5951,
    1650,
    802,
    545,
    308,
    420,
    484,
    427,
    945,
    1071,
    1139,
    1129,
    1601,
    996,
    990,
    1022,
    1035,
    973,
    1016,
    1014,
    1015,
    1053,
    1004,
    1018,
    4264,
    6461,
    1641,
    1386,
    1578,
    1404,
    1107,
    1418,
    1441,
    1420,
    1400,
    1380,
    1366,
    1551,
    1572,
    950,
    940,
    1050,
    968,
    941,
    1173,
    991,
    962,
    1075,
    977,
    994,
    4578,
    635,
    8065,
    1837,
    1132,
    1643,
    1188,
    1541,
    1464,
    1585,
    1508,
    1495,
    1492,
    1524,
    1481,
    1061,
    1089,
    867,
    1129,
    1070,
    1130,
    1107,
    1062,
    1102,
    1098,
    1109,
    1093,
    5084
  ],
  "frame_rasterizer_times": [
    15835,
    490,
    356,
    638,
    513,
    446,
    768,
    558,
    529,
    587,
    1160,
    1222,
    1557,
    1758,
    1786,
    2026,
    1943,
    1786,
    1730,
    2065,
    1838,
    1916,
    1689,
    2547,
    2682,
    2430,
    3755,
    2001,
    2351,
    2242,
    2280,
    2443,
    2109,
    2258,
    2177,
    2423,
    2182,
    2179,
    2139,
    2723,
    2237,
    2232,
    2206,
    2254,
    2456,
    2266,
    2330,
    1784,
    1741,
    43071,
    757,
    763,
    502,
    733,
    737,
    682,
    1553,
    1530,
    1626,
    1914,
    2429,
    2406,
    2364,
    3560,
    2509,
    2450,
    2260,
    2618,
    2100,
    2342,
    2234,
    2516,
    2145,
    1572,
    1974,
    2495,
    2555,
    3066,
    2188,
    2308,
    2404,
    2669,
    2343,
    2328,
    2365,
    2635,
    2243,
    2303,
    2131,
    2739,
    2172,
    2194,
    2393,
    2319,
    2264,
    2261,
    2233,
    2118,
    1555,
    1397,
    1467,
    1537,
    1546,
    1884,
    1863,
    1746,
    2000,
    2304,
    2021,
    2043,
    2051,
    2151,
    2000,
    1929,
    1896,
    1860,
    1987,
    1686,
    2127,
    2060,
    1960,
    1961,
    2180,
    1942,
    1931,
    1777
  ],
  "frame_begin_times": [
    0,
    16551,
    33278,
    49937,
    66576,
    83243,
    99919,
    116624,
    133418,
    149998,
    166863,
    183458,
    200196,
    216973,
    233625,
    250398,
    266946,
    283583,
    300258,
    317151,
    333632,
    350299,
    416668,
    433648,
    450281,
    466938,
    483615,
    500185,
    516978,
    533617,
    550246,
    566979,
    583586,
    600208,
    616901,
    633897,
    650299,
    666921,
    683632,
    700445,
    716925,
    733549,
    750228,
    766841,
    783535,
    800219,
    816827,
    833575,
    866765,
    883711,
    900025,
    933143,
    949833,
    966559,
    983194,
    999848,
    1016808,
    1033371,
    1050082,
    1066761,
    1083553,
    1100207,
    1116874,
    1133563,
    1150262,
    1166874,
    1183541,
    1200327,
    1216868,
    1233535,
    1250175,
    1267016,
    1283463,
    1316697,
    1333453,
    1350173,
    1366850,
    1383562,
    1400192,
    1416861,
    1433508,
    1450211,
    1466873,
    1483460,
    1500181,
    1516969,
    1533551,
    1550191,
    1566817,
    1584037,
    1600153,
    1616802,
    1633642,
    1650561,
    1666869,
    1683494,
    1700215,
    1716922,
    1733525,
    1766865,
    1783518,
    1799964,
    1816737,
    1833596,
    1850022,
    1866857,
    1883546,
    1900235,
    1916790,
    1933495,
    1950301,
    1967161,
    1983540,
    2000161,
    2016893,
    2033362,
    2050107,
    2066807,
    2083486,
    2100172,
    2116883,
    2133580,
    2150398,
    2166847,
    2183520,
    2200145
  ],
  "frame_rasterizer_begin_times": [
    0,
    15893,
    32606,
    49180,
    65913,
    82744,
    99404,
    116242,
    133024,
    148864,
    165875,
    182477,
    199339,
    216205,
    232808,
    249603,
    266145,
    282783,
    299504,
    316373,
    332889,
    349484,
    422225,
    434433,
    450489,
    467073,
    483715,
    499861,
    517225,
    533710,
    550368,
    567091,
    583958,
    600292,
    616944,
    634067,
    650053,
    666582,
    683305,
    700113,
    716607,
    733283,
    749916,
    766296,
    783210,
    799891,
    816473,
    836563,
    871222,
    884033,
    927225,
    932410,
    948931,
    965713,
    982436,
    999028,
    1016484,
    1033107,
    1049931,
    1066601,
    1083926,
    1099969,
    1116647,
    1133357,
    1149977,
    1166595,
    1183366,
    1200114,
    1216678,
    1233352,
    1249943,
    1266785,
    1285911,
    1321719,
    1333848,
    1350324,
    1367080,
    1383701,
    1400034,
    1417036,
    1433725,
    1450284,
    1467073,
    1483608,
    1500299,
    1517306,
    1533896,
    1549934,
    1566527,
    1583774,
    1599889,
    1616473,
    1633441,
    1650324,
    1666616,
    1683349,
    1699956,
    1716710,
    1736880,
    1766246,
    1790082,
    1800505,
    1816591,
    1834006,
    1849921,
    1867164,
    1883776,
    1900600,
    1917068,
    1933741,
    1950560,
    1967431,
    1983773,
    1999993,
    2016769,
    2032985,
    2049968,
    2066558,
    2083264,
    2100023,
    2116724,
    2133489,
    2150282,
    2166713,
    2183394,
    2203528
  ],
  "average_vsync_transitions_missed": 1.75,
  "90th_percentile_vsync_transitions_missed": 3.0,
  "99th_percentile_vsync_transitions_missed": 3.0
}