{
  "average_frame_build_time_millis": 1.3594399999999998,
  "90th_percentile_frame_build_time_millis": 1.626,
  "99th_percentile_frame_build_time_millis": 7.172,
  "worst_frame_build_time_millis": 7.843,
  "missed_frame_build_budget_count": 0,
  "average_frame_rasterizer_time_millis": 5.179658730158728,
  "90th_percentile_frame_rasterizer_time_millis": 16.605,
  "99th_percentile_frame_rasterizer_time_millis": 18.833,
  "worst_frame_rasterizer_time_millis": 43.327,
  "missed_frame_rasterizer_budget_count": 23,
  "frame_count": 125,
  "frame_rasterizer_count": 126,
  "frame_build_times": [
    434,
    592,
    705,
    702,
    676,
    722,
    1100,
    934,
    270,
    303,
    341,
    329,
    462,
    428,
    462,
    436,
    512,
    444,
    436,
    450,
    374,
    7172,
    1479,
    1055,
    1473,
    1436,
    1367,
    1400,
    1320,
    1548,
    1383,
    1404,
    1344,
    1353,
    1446,
    989,
    976,
    948,
    926,
    948,
    985,
    1032,
    943,
    983,
    961,
    932,
    4090,
    5277,
    1724,
    786,
    495,
    287,
    438,
    409,
    1094,
    1078,
    1424,
    1821,
    1617,
    1799,
    1081,
    976,
    1247,
    1026,
    1179,
    996,
    1015,
    957,
    773,
    972,
    996,
    4515,
    6488,
    1626,
    1440,
    1508,
    1493,
    1026,
    1447,
    1457,
    1550,
    1423,
    1536,
    1531,
    1421,
    1391,
    762,
    949,
    950,
    732,
    975,
    972,
    980,
    1039,
    1091,
    947,
    949,
    4745,
    638,
    7843,
    2200,
    1089,
    1431,
    1584,
    1568,
    1504,
    1464,
    1465,
    1502,
    1555,
    1478,
    1499,
    1133,
    1009,
    1094,
    1155,
    1113,
    1129,
    1105,
    1099,
    1062,
    1115,
    1037,
    818,
    4826
  ],
  "frame_rasterizer_times": [
    16554,
    16404,
    16428,
    629,
    757,
    412,
    745,
    705,
    583,
    1378,
    1233,
    1403,
    1586,
    2099,
    1812,
    1749,
    1776,
    2008,
    1784,
    1800,
    1796,
    1531,
    1664,
    2453,
    1812,
    2635,
    3729,
    2198,
    2201,
    1858,
    2227,
    2196,
    2278,
    1844,
    2320,
    2213,
    2146,
    2282,
    2220,
    2185,
    2339,
    2278,
    1695,
    2170,
    2416,
    2285,
    2286,
    1633,
    1747,
    43327,
    776,
    16594,
    16717,
    16614,
    17245,
    16452,
    16834,
    16820,
    16260,
    16637,
    16944,
    15830,
    16674,
    16945,
    18833,
    13655,
    16513,
    16754,
    16574,
    16567,
    16513,
    16605,
    14029,
    1547,
    1941,
    2689,
    2572,
    2572,
    2590,
    2525,
    2438,
    2401,
    2374,
    2064,
    2347,
    2309,
    2312,
    2012,
    2235,
    2904,
    1923,
    2367,
    2105,
    2378,
    2451,
    2151,
    2269,
    2354,
    2040,
    1325,
    1368,
    1846,
    1553,
    1938,
    2357,
    2106,
    1989,
    1988,
    2025,
    2109,
    1982,
    1968,
    2223,
    1969,
    1510,
    1884,
    2150,
    1967,
    1911,
    1879,
    2424,
    1982,
    1891,
    1900,
    1544,
    1785
  ],
  "frame_begin_times": [
    0,
    16594,
    33273,
    49955,
    66647,
    83324,
    99982,
    116629,
    133780,
    150194,
    166964,
    183628,
    200596,
    217086,
    233719,
    250396,
    267465,
    283742,
    300420,
    317016,
    333601,
    400135,
    416889,
    433543,
    450447,
    467050,
    483685,
    500361,
    517350,
    533633,
    550293,
    566971,
    583936,
    600386,
    616908,
    633697,
    650327,
    666959,
    683600,
    700323,
    716987,
    733624,
    750325,
    767136,
    783657,
    800279,
    816950,
    849998,
    866976,
    883381,
    916612,
    933307,
    949963,
    966659,
    983602,
    1000109,
    1016855,
    1033665,
    1050297,
    1066934,
    1084033,
    1100415,
    1116949,
    1133643,
    1150787,
    1166972,
    1183557,
    1200520,
    1217281,
    1233572,
    1250240,
    1266930,
    1300239,
    1316911,
    1333636,
    1350369,
    1367181,
    1383494,
    1400651,
    1416954,
    1433679,
    1450304,
    1467334,
    1483634,
    1500319,
    1516929,
    1533951,
    1550316,
    1566941,
    1583565,
    1600353,
    1616946,
    1633624,
    1650166,
    1666998,
    1683629,
    1700293,
    1717380,
    1750133,
    1766834,
    1783876,
    1800154,
    1816885,
    1833609,
    1850409,
    1866890,
    1883486,
    1900275,
    1916916,
    1933606,
    1950213,
    1967077,
    1983579,
    2000194,
    2016874,
    2033743,
    2050312,
    2066909,
    2083568,
    2100379,
    2116903,
    2133464,
    2150190,
    2166825,
    2183549
  ],
  "frame_rasterizer_begin_times": [
    0,
    16650,
    33167,
    49842,
    66590,
    83222,
    99978,
    116975,
    133499,
    149965,
    166408,
    183206,
    199882,
    217021,
    233474,
    250078,
    266787,
    283981,
    300081,
    316828,
    333408,
    349864,
    422925,
    434311,
    450507,
    467849,
    484425,
    501009,
    517703,
    534604,
    551112,
    567542,
    584282,
    601191,
    617698,
    634297,
    650651,
    667195,
    683842,
    700454,
    717318,
    733950,
    750588,
    767222,
    784067,
    800565,
    817140,
    836947,
    870950,
    884657,
    928100,
    933020,
    949711,
    966486,
    983165,
    1000535,
    1017078,
    1034205,
    1051380,
    1067865,
    1084763,
    1101786,
    1117691,
    1134434,
    1151489,
    1170418,
    1184195,
    1200770,
    1217574,
    1234195,
    1250852,
    1267439,
    1286905,
    1322378,
    1334425,
    1351104,
    1367830,
    1384632,
    1400427,
    1418068,
    1434357,
    1451102,
    1467684,
    1484805,
    1501021,
    1517693,
    1534267,
    1550634,
    1567214,
    1583839,
    1600206,
    1617306,
    1633849,
    1650570,
    1667060,
    1683936,
    1700543,
    1717197,
    1738047,
    1766691,
    1790332,
    1801960,
    1817145,
    1834263,
    1851110,
    1867827,
    1884365,
    1900888,
    1917655,
    1934367,
    1951107,
    1967642,
    1984530,
    2000622,
    2017146,
    2033882,
    2050826,
    2067289,
    2083962,
    2100586,
    2117435,
    2133894,
    2150499,
    2167182,
    2183548,
    2203871
  ],
  "average_vsync_transitions_missed": 1.037037037037037,
  "90th_percentile_vsync_transitions_missed": 1.0,
  "99th_percentile_vsync_transitions_missed": 2.0
}