{
  "average_frame_build_time_millis": 1.3106746031746035,
  "90th_percentile_frame_build_time_millis": 1.552,
  "99th_percentile_frame_build_time_millis": 7.343,
  "worst_frame_build_time_millis": 7.901,
  "missed_frame_build_budget_count": 0,
  "average_frame_rasterizer_time_millis": 2.3883730158730163,
  "90th_percentile_frame_rasterizer_time_millis": 2.535,
  "99th_percentile_frame_rasterizer_time_millis": 16.334,
  "worst_frame_rasterizer_time_millis": 40.772,
  "missed_frame_rasterizer_budget_count": 2,
  "frame_count": 126,
  "frame_rasterizer_count": 126,
  "frame_build_times": [
    882,
    544,
    592,
    614,
    509,
    712,
    678,
    755,
    952,
    215,
    301,
    299,
    441,
    450,
    361,
    449,
    442,
    569,
    449,
    438,
    448,
    349,
    7343,
    1554,
    1079,
    1445,
    1515,
    1395,
    1411,
    1552,
    1429,
    1352,
    1383,
    1367,
    1438,
    1418,
    943,
    966,
    928,
    948,
    935,
    966,
    924,
    935,
    975,
    971,
    935,
    3953,
    4727,
    1237,
    716,
    509,
    276,
    399,
    412,
    939,
    963,
    1117,
    1551,
    1594,
    1191,
    1157,
    1043,
    1012,
    972,
    1151,
    1034,
    997,
    969,
    971,
    997,
    953,
    3738,
    5825,
    1481,
    1447,
    1516,
    1410,
    1388,
    1409,
    1412,
    1378,
    1399,
    1425,
    1089,
    1431,
    957,
    749,
    1012,
    975,
    966,
    769,
    956,
    958,
    1009,
    1007,
    963,
    967,
    4260,
    809,
    7901,
    2379,
    1459,
    1445,
    1413,
    1444,
    1468,
    1488,
    1501,
    1538,
    1485,
    1435,
    1888,
    1157,
    1065,
    1109,
    1112,
    1117,
    1050,
    1046,
    1091,
    1181,
    708,
    794,
    1099,
    4671
  ],
  "frame_rasterizer_times": [
    16334,
    1264,
    378,
    618,
    573,
    419,
    763,
    421,
    533,
    487,
    1297,
    1250,
    1806,
    2094,
    1488,
    1786,
    1793,
    1997,
    1804,
    1736,
    1765,
    1615,
    1699,
    2297,
    1904,
    2621,
    3848,
    2360,
    2195,
    2535,
    2447,
    2283,
    2197,
    2070,
    2229,
    2278,
    2201,
    2326,
    2242,
    2339,
    2234,
    2303,
    2275,
    2172,
    2441,
    2387,
    2225,
    1708,
    1639,
    40772,
    732,
    481,
    450,
    666,
    1482,
    1437,
    1627,
    2054,
    2229,
    2894,
    2126,
    2787,
    2405,
    3623,
    2359,
    2665,
    2993,
    2489,
    2318,
    1960,
    2640,
    2342,
    1637,
    1554,
    1966,
    2451,
    2602,
    2934,
    2260,
    2467,
    2329,
    2330,
    2334,
    2367,
    1814,
    2131,
    2204,
    2016,
    2201,
    2207,
    2260,
    2246,
    2244,
    2274,
    2289,
    2312,
    2479,
    2046,
    1712,
    1318,
    1413,
    1797,
    1626,
    2054,
    2459,
    1611,
    2005,
    2112,
    2093,
    2136,
    2049,
    2015,
    2322,
    2112,
    1935,
    1943,
    2195,
    1968,
    1991,
    1962,
    2334,
    1837,
    1391,
    1475,
    2032,
    1877
  ],
  "frame_begin_times": [
    0,
    16564,
    33219,
    49861,
    66542,
    83270,
    99973,
    116574,
    133239,
    149916,
    166825,
    183477,
    200216,
    217056,
    233446,
    250201,
    266911,
    283720,
    300246,
    316876,
    333494,
    350197,
    416664,
    433399,
    450041,
    466993,
    483510,
    500193,
    516875,
    533615,
    550136,
    566815,
    583497,
    600368,
    616888,
    633559,
    650201,
    666934,
    683495,
    700180,
    716877,
    733566,
    750162,
    766880,
    783653,
    800170,
    816872,
    833628,
    866577,
    883473,
    899961,
    933172,
    949808,
    966549,
    983167,
    999976,
    1016665,
    1033452,
    1050254,
    1066840,
    1083524,
    1100659,
    1116895,
    1133533,
    1150134,
    1167065,
    1183539,
    1200162,
    1216874,
    1233775,
    1250156,
    1266727,
    1283584,
    1316766,
    1333378,
    1350116,
    1366856,
    1383427,
    1400165,
    1416874,
    1433515,
    1450144,
    1466853,
    1483667,
    1500021,
    1516803,
    1533540,
    1550323,
    1566808,
    1583507,
    1600119,
    1616702,
    1633432,
    1650129,
    1666811,
    1683506,
    1700136,
    1716771,
    1733632,
    1766637,
    1783429,
    1800147,
    1816793,
    1833413,
    1849970,
    1866838,
    1883476,
    1900018,
    1916768,
    1933423,
    1950127,
    1966799,
    1983522,
    2000112,
    2016763,
    2033441,
    2050269,
    2066792,
    2083437,
    2100111,
    2116943,
    2133425,
    2149925,
    2166606,
    2183453,
    2200016
  ],
  "frame_rasterizer_begin_times": [
    0,
    16368,
    32904,
    49553,
    66156,
    83072,
    99723,
    116409,
    133241,
    149232,
    166206,
    182869,
    199770,
    216621,
    232929,
    249731,
    266426,
    283300,
    299852,
    316431,
    333059,
    349642,
    422757,
    434048,
    450214,
    467561,
    484106,
    500686,
    517407,
    534289,
    550665,
    567298,
    584009,
    600794,
    617445,
    634107,
    650252,
    667025,
    683522,
    700233,
    716958,
    733674,
    750222,
    766933,
    783771,
    800273,
    816939,
    836658,
    870136,
    883856,
    924714,
    932723,
    949256,
    966100,
    982842,
    999989,
    1016727,
    1033673,
    1050940,
    1067505,
    1083805,
    1101247,
    1117055,
    1133666,
    1150223,
    1167387,
    1183710,
    1200278,
    1216959,
    1233708,
    1250270,
    1266809,
    1286092,
    1321502,
    1333934,
    1350691,
    1367486,
    1383945,
    1400668,
    1417538,
    1433991,
    1450652,
    1467393,
    1484213,
    1500207,
    1517325,
    1533613,
    1550132,
    1566811,
    1583614,
    1600219,
    1616571,
    1633491,
    1650221,
    1666937,
    1683591,
    1700202,
    1716882,
    1736983,
    1766480,
    1790110,
    1801588,
    1817366,
    1833969,
    1850491,
    1867367,
    1884078,
    1900651,
    1917288,
    1934099,
    1950757,
    1967299,
    1984343,
    2000360,
    2016954,
    2033640,
    2050464,
    2066945,
    2083611,
    2100284,
    2117085,
    2133784,
    2149706,
    2166522,
    2183678,
    2203381
  ],
  "average_vsync_transitions_missed": 1.75,
  "90th_percentile_vsync_transitions_missed": 3.0,
  "99th_percentile_vsync_transitions_missed": 3.0
}