{
  "average_frame_build_time_millis": 1.3546080000000003,
  "90th_percentile_frame_build_time_millis": 1.588,
  "99th_percentile_frame_build_time_millis": 7.058,
  "worst_frame_build_time_millis": 9.168,
  "missed_frame_build_budget_count": 0,
  "average_frame_rasterizer_time_millis": 4.853591999999998,
  "90th_percentile_frame_rasterizer_time_millis": 16.545,
  "99th_percentile_frame_rasterizer_time_millis": 17.004,
  "worst_frame_rasterizer_time_millis": 42.902,
  "missed_frame_rasterizer_budget_count": 22,
  "frame_count": 125,
  "frame_rasterizer_count": 125,
  "frame_build_times": [
    855,
    440,
    574,
    613,
    514,
    798,
    930,
    926,
    1077,
    104,
    283,
    338,
    355,
    431,
    491,
    423,
    415,
    451,
    452,
    565,
    425,
    7058,
    2020,
    1435,
    1317,
    1502,
    1389,
    1414,
    1469,
    1419,
    1413,
    1588,
    1436,
    1358,
    1407,
    998,
    986,
    962,
    926,
    855,
    947,
    746,
    917,
    979,
    957,
    908,
    4214,
    5238,
    1228,
    831,
    533,
    371,
    461,
    430,
    947,
    947,
    1165,
    1347,
    1494,
    1529,
    956,
    967,
    987,
    999,
    809,
    1017,
    1003,
    1007,
    1010,
    982,
    980,
    3818,
    6421,
    2025,
    1466,
    1418,
    1393,
    1393,
    1400,
    1353,
    1379,
    1373,
    1441,
    1419,
    1394,
    1460,
    970,
    992,
    943,
    1033,
    962,
    939,
    947,
    1007,
    965,
    963,
    955,
    3949,
    881,
    9168,
    1677,
    914,
    1119,
    1581,
    1577,
    1541,
    1490,
    1549,
    1525,
    1520,
    1516,
    1673,
    1136,
    1080,
    1215,
    1027,
    1103,
    1127,
    1120,
    1146,
    1229,
    1137,
    1129,
    1271,
    4779
  ],
  "frame_rasterizer_times": [
    16440,
    16379,
    16638,
    16759,
    16545,
    16352,
    16526,
    16429,
    16047,
    17004,
    16569,
    16884,
    16788,
    16812,
    16759,
    16236,
    16486,
    16747,
    16897,
    16177,
    16657,
    1648,
    2701,
    2477,
    2506,
    3823,
    2312,
    2400,
    1876,
    2269,
    2765,
    2560,
    2337,
    2267,
    2241,
    2532,
    2210,
    2241,
    2176,
    1750,
    2280,
    1758,
    2291,
    2273,
    2231,
    2160,
    1777,
    1751,
    42902,
    795,
    482,
    504,
    721,
    709,
    1632,
    1566,
    1938,
    2180,
    2480,
    2528,
    2444,
    2287,
    3392,
    2464,
    1836,
    2296,
    2369,
    2576,
    2337,
    2319,
    2273,
    1765,
    1561,
    1931,
    2454,
    2410,
    2314,
    2272,
    2288,
    2290,
    2262,
    2472,
    2341,
    2228,
    2263,
    2477,
    2256,
    2189,
    2269,
    2765,
    2181,
    2217,
    2163,
    2303,
    2230,
    2225,
    2423,
    1623,
    1503,
    1420,
    1398,
    1338,
    1432,
    2377,
    2036,
    2001,
    2064,
    2414,
    1972,
    2041,
    1988,
    2050,
    2110,
    1929,
    1842,
    2032,
    1887,
    1945,
    2156,
    1995,
    2047,
    1881,
    2138,
    1925,
    1833
  ],
  "frame_begin_times": [
    0,
    16694,
    33319,
    50030,
    66694,
    83356,
    100052,
    116723,
    133444,
    150072,
    166975,
    183635,
    200424,
    217037,
    233684,
    250627,
    267091,
    283748,
    300450,
    317237,
    333896,
    400239,
    417036,
    433697,
    450355,
    467071,
    483779,
    500437,
    517098,
    533792,
    550464,
    567157,
    583797,
    600455,
    617052,
    633943,
    650386,
    667018,
    683686,
    700411,
    717028,
    733616,
    750274,
    766910,
    783719,
    800357,
    817037,
    850132,
    866864,
    883533,
    916752,
    933391,
    950053,
    966715,
    983683,
    1000178,
    1016979,
    1033562,
    1050287,
    1066991,
    1083599,
    1100376,
    1117021,
    1133669,
    1150229,
    1167008,
    1183771,
    1200431,
    1217083,
    1233750,
    1250356,
    1267156,
    1300319,
    1316981,
    1333731,
    1350421,
    1366974,
    1383751,
    1400306,
    1416894,
    1433690,
    1450337,
    1467037,
    1483654,
    1500336,
    1517108,
    1533650,
    1550304,
    1567023,
    1583951,
    1600359,
    1616938,
    1633663,
    1650482,
    1666961,
    1683657,
    1700352,
    1716901,
    1750153,
    1766912,
    1784041,
    1800070,
    1816819,
    1833805,
    1850353,
    1866905,
    1883463,
    1900469,
    1916926,
    1933753,
    1950315,
    1967232,
    1983820,
    2000211,
    2016970,
    2033554,
    2050275,
    2066943,
    2083679,
    2100289,
    2116943,
    2133598,
    2150526,
    2166966,
    2183501
  ],
  "frame_rasterizer_begin_times": [
    0,
    16539,
    33000,
    49738,
    66608,
    83220,
    100119,
    116718,
    133666,
    149824,
    166866,
    183506,
    200445,
    217327,
    234225,
    251127,
    267433,
    283989,
    300823,
    317844,
    334111,
    406160,
    418130,
    434178,
    450694,
    467705,
    484293,
    500975,
    517692,
    534353,
    550976,
    567754,
    584353,
    600939,
    617584,
    634072,
    650525,
    667108,
    683743,
    700359,
    717101,
    733462,
    750280,
    767017,
    783716,
    800409,
    820348,
    854249,
    867129,
    910120,
    916369,
    932826,
    949617,
    966268,
    983715,
    1000210,
    1017187,
    1034038,
    1050896,
    1067742,
    1083691,
    1100460,
    1117154,
    1133700,
    1150139,
    1167156,
    1183897,
    1200623,
    1217224,
    1233866,
    1250467,
    1269680,
    1305654,
    1318149,
    1334293,
    1350995,
    1367497,
    1384273,
    1400836,
    1417369,
    1434200,
    1450845,
    1467532,
    1484222,
    1500887,
    1517739,
    1533750,
    1550426,
    1567101,
    1583978,
    1600446,
    1616968,
    1633722,
    1650586,
    1667041,
    1683741,
    1700457,
    1719881,
    1750066,
    1774899,
    1784786,
    1800076,
    1817037,
    1834504,
    1851059,
    1867539,
    1884103,
    1901158,
    1917570,
    1934426,
    1950971,
    1968058,
    1984039,
    2000396,
    2017187,
    2033707,
    2050483,
    2067177,
    2083933,
    2100525,
    2117203,
    2133837,
    2150771,
    2167188,
    2186942
  ],
  "average_vsync_transitions_missed": 1.0434782608695652,
  "90th_percentile_vsync_transitions_missed": 1.0,
  "99th_percentile_vsync_transitions_missed": 2.0
}