{
  "average_frame_build_time_millis": 1.3392399999999998,
  "90th_percentile_frame_build_time_millis": 1.556,
  "99th_percentile_frame_build_time_millis": 7.35,
  "worst_frame_build_time_millis": 7.881,
  "missed_frame_build_budget_count": 0,
  "average_frame_rasterizer_time_millis": 2.254357142857143,
  "90th_percentile_frame_rasterizer_time_millis": 2.428,
  "99th_percentile_frame_rasterizer_time_millis": 4.238,
  "worst_frame_rasterizer_time_millis": 42.255,
  "missed_frame_rasterizer_budget_count": 1,
  "frame_count": 125,
  "frame_rasterizer_count": 126,
  "frame_build_times": [
    538,
    592,
    613,
    751,
    774,
    1068,
    957,
    288,
    313,
    345,
    472,
    460,
    451,
    494,
    475,
    485,
    499,
    453,
    463,
    480,
    7881,
    1242,
    890,
    1084,
    1500,
    1468,
    1421,
    1419,
    1322,
    1455,
    1414,
    1457,
    1518,
    1456,
    992,
    1022,
    1021,
    997,
    969,
    1041,
    1015,
    962,
    926,
    970,
    976,
    4016,
    6633,
    1228,
    774,
    529,
    288,
    450,
    401,
    934,
    992,
    943,
    1182,
    1522,
    1519,
    997,
    1011,
    995,
    969,
    768,
    1014,
    986,
    979,
    1002,
    1039,
    983,
    4267,
    7350,
    1998,
    1379,
    1537,
    1442,
    1395,
    1385,
    1440,
    1434,
    1402,
    1378,
    1078,
    1389,
    1434,
    987,
    994,
    953,
    953,
    949,
    1008,
    960,
    975,
    1029,
    1043,
    973,
    4491,
    865,
    282,
    5566,
    1942,
    1105,
    1513,
    1510,
    1556,
    1595,
    1470,
    1885,
    1215,
    1468,
    1468,
    1291,
    823,
    1038,
    1079,
    1214,
    1086,
    1140,
    1057,
    1115,
    1141,
    1091,
    1058,
    974,
    4692
  ],
  "frame_rasterizer_times": [
    485,
    350,
    639,
    722,
    435,
    712,
    733,
    572,
    1117,
    1159,
    1391,
    1610,
    1738,
    1783,
    1807,
    1719,
    1718,
    1857,
    1832,
    1639,
    2162,
    1644,
    1908,
    1675,
    1786,
    3516,
    1828,
    2233,
    1974,
    1816,
    2276,
    2213,
    2278,
    2294,
    2138,
    2236,
    2414,
    2336,
    2253,
    2233,
    2395,
    2302,
    2176,
    2139,
    2393,
    2205,
    1814,
    1695,
    42255,
    823,
    497,
    497,
    740,
    688,
    1540,
    1612,
    1566,
    2083,
    2484,
    2404,
    2362,
    2236,
    3331,
    2531,
    1785,
    2428,
    2299,
    2282,
    2314,
    2466,
    2300,
    2132,
    1607,
    2412,
    2392,
    2481,
    2417,
    2217,
    2199,
    2013,
    2252,
    2246,
    2200,
    1790,
    2290,
    2264,
    2222,
    2286,
    2301,
    2257,
    2434,
    2365,
    2243,
    2155,
    2445,
    2290,
    2231,
    1640,
    1628,
    1381,
    1231,
    1579,
    1527,
    1970,
    2509,
    2084,
    1977,
    2157,
    2428,
    2073,
    2019,
    1936,
    4238,
    1606,
    1919,
    1963,
    2571,
    1989,
    1913,
    1980,
    2016,
    1933,
    1905,
    2113,
    2070,
    1680
  ],
  "frame_begin_times": [
    0,
    16720,
    33329,
    50037,
    66683,
    83373,
    100083,
    116955,
    133724,
    150333,
    167099,
    183760,
    200603,
    217086,
    233761,
    250382,
    267035,
    283702,
    300426,
    317044,
    383634,
    400196,
    416850,
    433584,
    450535,
    467127,
    483697,
    500353,
    517294,
    533625,
    550423,
    566972,
    583714,
    600298,
    617013,
    633663,
    650408,
    667147,
    683668,
    700433,
    717010,
    733676,
    750297,
    767111,
    783692,
    800369,
    833721,
    850104,
    866834,
    899971,
    916801,
    933349,
    950000,
    967033,
    983534,
    1000187,
    1017065,
    1033670,
    1050320,
    1067052,
    1083817,
    1100321,
    1116971,
    1133487,
    1150518,
    1166930,
    1183730,
    1200320,
    1216959,
    1233655,
    1250336,
    1283494,
    1300366,
    1317025,
    1333866,
    1350266,
    1367010,
    1383665,
    1400414,
    1416992,
    1433568,
    1450305,
    1467015,
    1483694,
    1500373,
    1516976,
    1533695,
    1550314,
    1567011,
    1583539,
    1600333,
    1616888,
    1633571,
    1650415,
    1667109,
    1683654,
    1700222,
    1733527,
    1750000,
    1766803,
    1783425,
    1800142,
    1816876,
    1833631,
    1850342,
    1867015,
    1883613,
    1900805,
    1916901,
    1933541,
    1950281,
    1967631,
    1983537,
    2000241,
    2017011,
    2033740,
    2050345,
    2066963,
    2083575,
    2100384,
    2117012,
    2133610,
    2150254,
    2166887,
    2183567
  ],
  "frame_rasterizer_begin_times": [
    0,
    16812,
    33536,
    50161,
    67016,
    83729,
    100641,
    117303,
    133423,
    150242,
    166908,
    183849,
    200472,
    217196,
    233859,
    250492,
    267075,
    283791,
    300370,
    317154,
    333760,
    407408,
    417642,
    433958,
    450913,
    468346,
    484865,
    501354,
    518025,
    534791,
    551302,
    568061,
    584683,
    601484,
    617991,
    634285,
    650937,
    667668,
    684380,
    700919,
    717732,
    734272,
    750920,
    767491,
    784341,
    800924,
    820602,
    856324,
    867564,
    909952,
    916710,
    933344,
    950031,
    966646,
    984185,
    1000757,
    1017363,
    1034464,
    1051451,
    1068080,
    1084310,
    1101090,
    1117600,
    1134221,
    1150467,
    1167744,
    1184158,
    1200978,
    1217592,
    1234281,
    1250906,
    1270396,
    1306823,
    1318596,
    1334826,
    1351764,
    1368000,
    1384769,
    1401316,
    1418090,
    1434657,
    1451208,
    1467941,
    1484328,
    1501342,
    1518062,
    1534215,
    1550949,
    1567529,
    1584246,
    1600746,
    1617593,
    1634101,
    1650785,
    1667705,
    1684412,
    1700876,
    1720869,
    1750607,
    1766546,
    1788396,
    1801491,
    1817482,
    1834641,
    1851397,
    1868150,
    1884838,
    1901336,
    1918924,
    1934285,
    1951267,
    1968034,
    1985097,
    2000599,
    2017557,
    2034359,
    2051085,
    2067682,
    2084290,
    2100888,
    2117729,
    2134378,
    2150939,
    2167594,
    2184062,
    2203966
  ],
  "average_vsync_transitions_missed": 1.5,
  "90th_percentile_vsync_transitions_missed": 2.0,
  "99th_percentile_vsync_transitions_missed": 2.0
}