{
  "average_frame_build_time_millis": 1.3025280000000008,
  "90th_percentile_frame_build_time_millis": 1.527,
  "99th_percentile_frame_build_time_millis": 5.761,
  "worst_frame_build_time_millis": 7.334,
  "missed_frame_build_budget_count": 0,
  "average_frame_rasterizer_time_millis": 2.2594560000000006,
  "90th_percentile_frame_rasterizer_time_millis": 2.496,
  "99th_percentile_frame_rasterizer_time_millis": 3.802,
  "worst_frame_rasterizer_time_millis": 37.939,
  "missed_frame_rasterizer_budget_count": 1,
  "frame_count": 125,
  "frame_rasterizer_count": 125,
  "frame_build_times": [
    653,
    468,
    671,
    524,
    555,
    738,
    861,
    1013,
    933,
    297,
    277,
    372,
    485,
    451,
    448,
    680,
    443,
    493,
    500,
    428,
    439,
    492,
    7334,
    1527,
    1472,
    1456,
    1394,
    1592,
    1364,
    1465,
    1487,
    1379,
    1371,
    1557,
    1415,
    1391,
    958,
    758,
    950,
    973,
    936,
    958,
    983,
    912,
    939,
    953,
    937,
    3938,
    5370,
    1038,
    398,
    529,
    279,
    429,
    424,
    924,
    928,
    1133,
    1482,
    1523,
    1513,
    995,
    1016,
    968,
    976,
    998,
    1020,
    973,
    987,
    1030,
    1003,
    1010,
    4143,
    5050,
    1478,
    1052,
    1477,
    1364,
    1390,
    1390,
    1426,
    1355,
    1414,
    1450,
    1407,
    1089,
    1405,
    1002,
    982,
    959,
    960,
    754,
    982,
    1042,
    970,
    994,
    956,
    961,
    3223,
    5761,
    1822,
    1351,
    1124,
    1491,
    1479,
    2053,
    1097,
    1102,
    1510,
    1514,
    1497,
    1526,
    1496,
    1146,
    1093,
    1111,
    1157,
    1136,
    1110,
    1101,
    1147,
    1143,
    1267,
    1102,
    5239
  ],
  "frame_rasterizer_times": [
    1208,
    474,
    454,
    624,
    699,
    824,
    1126,
    557,
    521,
    1371,
    1373,
    1701,
    1803,
    2603,
    2496,
    2312,
    1875,
    2080,
    1951,
    1860,
    1912,
    1568,
    1665,
    2196,
    2486,
    2391,
    3802,
    2247,
    2304,
    2444,
    2322,
    2282,
    2237,
    2595,
    2268,
    2148,
    2219,
    1731,
    2211,
    2204,
    2150,
    2264,
    2238,
    2169,
    2399,
    2345,
    2235,
    1580,
    1702,
    37939,
    859,
    518,
    451,
    716,
    722,
    1520,
    1555,
    1942,
    2336,
    2468,
    2508,
    2529,
    2407,
    3249,
    2475,
    2527,
    2325,
    2243,
    2340,
    2537,
    2338,
    2315,
    2264,
    1392,
    1843,
    1925,
    2443,
    2914,
    2298,
    2389,
    2319,
    2408,
    2255,
    2490,
    2296,
    1765,
    2201,
    2612,
    2192,
    2190,
    2199,
    1758,
    2233,
    2624,
    2353,
    2420,
    2198,
    2212,
    1597,
    1133,
    1476,
    1536,
    1549,
    2317,
    2052,
    2254,
    1543,
    1507,
    2002,
    2078,
    2060,
    2005,
    2011,
    1991,
    1870,
    1858,
    2290,
    2105,
    1938,
    1885,
    2173,
    1915,
    2229,
    2015,
    1805
  ],
  "frame_begin_times": [
    0,
    16710,
    33355,
    50010,
    66658,
    83369,
    99959,
    116642,
    133378,
    150362,
    167044,
    183683,
    200405,
    217433,
    233921,
    250522,
    267053,
    284180,
    300484,
    317081,
    333593,
    350617,
    416849,
    433639,
    450366,
    467052,
    483751,
    500420,
    517036,
    533872,
    550368,
    567180,
    583702,
    600591,
    617050,
    633705,
    650381,
    667000,
    683660,
    700487,
    717003,
    733740,
    750391,
    767059,
    783794,
    800369,
    817082,
    833732,
    866778,
    883550,
    900040,
    933285,
    949992,
    966699,
    983357,
    1000243,
    1016852,
    1033610,
    1050503,
    1067071,
    1083751,
    1100513,
    1117010,
    1133758,
    1150547,
    1167229,
    1183782,
    1200448,
    1217024,
    1233912,
    1250427,
    1266960,
    1283696,
    1316730,
    1333573,
    1350294,
    1367151,
    1383677,
    1400357,
    1417130,
    1433699,
    1450463,
    1467019,
    1483854,
    1500345,
    1517015,
    1533685,
    1550689,
    1567033,
    1583628,
    1600317,
    1616894,
    1633754,
    1650422,
    1666962,
    1683681,
    1700339,
    1717021,
    1733644,
    1766625,
    1783474,
    1800341,
    1816862,
    1833661,
    1850276,
    1867260,
    1883505,
    1900245,
    1917001,
    1933904,
    1950258,
    1966926,
    1983638,
    2000340,
    2017000,
    2033676,
    2050391,
    2067000,
    2083564,
    2100294,
    2117175,
    2133736,
    2150222,
    2167017,
    2183788
  ],
  "frame_rasterizer_begin_times": [
    0,
    16428,
    33353,
    49904,
    66538,
    83467,
    100180,
    117037,
    133684,
    150029,
    166610,
    183380,
    200244,
    217217,
    233699,
    250458,
    266838,
    283965,
    300249,
    316833,
    333363,
    350351,
    423244,
    434464,
    451071,
    467843,
    484501,
    501355,
    517749,
    534630,
    551153,
    567843,
    584383,
    601509,
    617809,
    634452,
    650657,
    667057,
    683948,
    700792,
    717202,
    734050,
    750725,
    767310,
    784150,
    800581,
    817326,
    836969,
    871161,
    883897,
    921925,
    933112,
    949594,
    966407,
    983064,
    1000471,
    1017082,
    1034172,
    1051334,
    1067934,
    1084619,
    1100851,
    1117378,
    1134053,
    1150857,
    1167589,
    1184110,
    1200764,
    1217355,
    1234279,
    1250737,
    1267307,
    1286728,
    1320901,
    1334413,
    1350659,
    1367915,
    1384300,
    1401102,
    1417854,
    1434385,
    1451155,
    1467828,
    1484652,
    1501090,
    1517381,
    1534430,
    1550932,
    1567384,
    1583924,
    1600617,
    1616948,
    1634106,
    1650725,
    1667268,
    1683981,
    1700550,
    1717285,
    1736184,
    1771543,
    1784562,
    1801005,
    1817293,
    1834506,
    1851114,
    1868637,
    1883911,
    1900645,
    1917848,
    1934775,
    1951022,
    1967776,
    1984473,
    2000839,
    2017452,
    2034151,
    2050876,
    2067391,
    2083985,
    2100732,
    2117683,
    2134195,
    2150731,
    2167438,
    2187765
  ],
  "average_vsync_transitions_missed": 1.3333333333333333,
  "90th_percentile_vsync_transitions_missed": 2.0,
  "99th_percentile_vsync_transitions_missed": 2.0
}