{
  "average_frame_build_time_millis": 1.2980624999999997,
  "90th_percentile_frame_build_time_millis": 1.505,
  "99th_percentile_frame_build_time_millis": 6.55,
  "worst_frame_build_time_millis": 8.822,
  "missed_frame_build_budget_count": 0,
  "average_frame_rasterizer_time_millis": 2.3843149606299208,
  "90th_percentile_frame_rasterizer_time_millis": 2.484,
  "99th_percentile_frame_rasterizer_time_millis": 3.359,
  "worst_frame_rasterizer_time_millis": 39.137,
  "missed_frame_rasterizer_budget_count": 1,
  "frame_count": 128,
  "frame_rasterizer_count": 127,
  "frame_build_times": [
    431,
    344,
    422,
    443,
    435,
    423,
    444,
    456,
    466,
    452,
    6550,
    2073,
    1387,
    1532,
    1383,
    1456,
    1470,
    1414,
    1392,
    1462,
    1376,
    1398,
    1453,
    1505,
    934,
    980,
    972,
    971,
    1016,
    919,
    957,
    983,
    927,
    942,
    1008,
    4005,
    2034,
    395,
    173,
    262,
    114,
    161,
    197,
    443,
    493,
    541,
    486,
    609,
    654,
    3713,
    1477,
    1303,
    1392,
    1285,
    1289,
    1282,
    1367,
    1315,
    1400,
    1369,
    1111,
    1300,
    1334,
    1008,
    951,
    900,
    919,
    906,
    895,
    931,
    906,
    924,
    907,
    691,
    4021,
    5572,
    1441,
    1374,
    1511,
    1346,
    1318,
    1389,
    1368,
    1314,
    1287,
    1440,
    1381,
    1296,
    1371,
    928,
    903,
    876,
    929,
    951,
    874,
    884,
    932,
    979,
    972,
    897,
    4103,
    949,
    8822,
    2275,
    1016,
    1381,
    1392,
    1477,
    1369,
    1058,
    1441,
    1495,
    1393,
    1384,
    1502,
    1107,
    1106,
    785,
    1061,
    1054,
    1027,
    1068,
    860,
    1022,
    1006,
    1237,
    897,
    3093
  ],
  "frame_rasterizer_times": [
    1437,
    1788,
    1884,
    1780,
    1772,
    1984,
    1901,
    1824,
    1820,
    1660,
    2028,
    2214,
    2394,
    2988,
    2305,
    2200,
    2198,
    2242,
    2357,
    2267,
    2272,
    2477,
    2020,
    2189,
    2200,
    2426,
    2239,
    2151,
    2157,
    2629,
    2189,
    2249,
    2162,
    2292,
    1610,
    1189,
    39137,
    576,
    1673,
    1253,
    1788,
    1873,
    2325,
    1112,
    2522,
    1281,
    1766,
    1640,
    2030,
    2984,
    3016,
    2313,
    2230,
    2217,
    2625,
    2535,
    2456,
    2400,
    2543,
    1856,
    2484,
    2345,
    2521,
    2304,
    2267,
    2283,
    1968,
    2239,
    2257,
    2314,
    2303,
    2331,
    1699,
    3359,
    1607,
    1901,
    2570,
    2477,
    2807,
    2158,
    2261,
    2209,
    2256,
    2278,
    1913,
    2173,
    2223,
    2158,
    2215,
    2218,
    2131,
    2286,
    2352,
    2145,
    2147,
    2434,
    2266,
    2131,
    2128,
    1384,
    1401,
    1458,
    1893,
    1588,
    2010,
    2400,
    2128,
    1994,
    1492,
    2255,
    2139,
    1938,
    2142,
    2124,
    1994,
    2070,
    1491,
    2199,
    1942,
    1882,
    1948,
    1647,
    1914,
    1930,
    2465,
    1766,
    1451
  ],
  "frame_begin_times": [
    0,
    16550,
    33396,
    50059,
    66634,
    83336,
    100026,
    116640,
    133270,
    149966,
    216520,
    233298,
    249990,
    266535,
    283253,
    300007,
    316652,
    333294,
    349973,
    366558,
    383284,
    399970,
    416734,
    433247,
    449948,
    466608,
    483414,
    499966,
    516615,
    533287,
    550137,
    566641,
    583262,
    599905,
    616656,
    633326,
    649676,
    666381,
    682959,
    716320,
    732906,
    749641,
    766320,
    783174,
    799898,
    816489,
    833101,
    849996,
    867207,
    883380,
    899913,
    916584,
    933244,
    949907,
    966506,
    983169,
    999895,
    1016567,
    1033216,
    1049993,
    1066584,
    1083199,
    1099900,
    1116757,
    1133213,
    1149878,
    1166617,
    1183378,
    1199929,
    1216653,
    1233280,
    1249901,
    1266701,
    1283089,
    1299885,
    1333140,
    1349746,
    1366732,
    1383229,
    1399920,
    1416516,
    1433343,
    1449895,
    1466717,
    1483313,
    1499882,
    1516663,
    1533174,
    1549832,
    1566719,
    1583245,
    1599905,
    1616577,
    1633270,
    1649818,
    1666659,
    1683384,
    1699845,
    1716578,
    1733228,
    1750019,
    1783024,
    1799860,
    1816437,
    1833077,
    1849885,
    1866427,
    1883204,
    1899867,
    1916427,
    1933123,
    1949953,
    1966467,
    1983263,
    2000010,
    2016564,
    2033252,
    2049733,
    2066818,
    2083213,
    2099873,
    2116489,
    2133102,
    2149868,
    2166447,
    2183151,
    2199825,
    2216405
  ],
  "frame_rasterizer_begin_times": [
    0,
    16943,
    33652,
    50221,
    66887,
    83624,
    100268,
    116831,
    133527,
    205894,
    218460,
    234530,
    251196,
    267787,
    284592,
    301256,
    317836,
    334463,
    351151,
    367753,
    384481,
    401246,
    417892,
    434010,
    450664,
    467518,
    484050,
    500709,
    517330,
    534231,
    550688,
    567307,
    584001,
    600801,
    620411,
    634871,
    649847,
    689068,
    699678,
    716157,
    732867,
    749633,
    766698,
    783486,
    800106,
    816681,
    833726,
    850976,
    869937,
    884504,
    901017,
    917758,
    934319,
    950838,
    967467,
    984378,
    1001011,
    1017707,
    1034370,
    1050810,
    1067542,
    1084358,
    1100930,
    1117196,
    1133937,
    1150735,
    1167323,
    1183965,
    1200722,
    1217324,
    1233966,
    1250730,
    1266889,
    1286575,
    1321641,
    1334309,
    1351235,
    1367899,
    1384401,
    1400872,
    1417856,
    1434373,
    1451081,
    1467653,
    1484452,
    1501021,
    1517596,
    1534333,
    1550798,
    1567280,
    1583909,
    1600647,
    1617352,
    1633846,
    1650667,
    1667445,
    1683961,
    1700689,
    1717269,
    1737244,
    1767101,
    1791501,
    1801880,
    1817198,
    1834401,
    1850934,
    1867808,
    1884386,
    1900549,
    1917699,
    1934559,
    1951004,
    1967798,
    1984602,
    2000858,
    2017444,
    2033605,
    2051018,
    2067389,
    2084042,
    2100700,
    2117072,
    2134021,
    2150582,
    2167401,
    2183790,
    2202309
  ],
  "average_vsync_transitions_missed": 1.5,
  "90th_percentile_vsync_transitions_missed": 2.0,
  "99th_percentile_vsync_transitions_missed": 2.0
}