{
  "average_frame_build_time_millis": 1.362848,
  "90th_percentile_frame_build_time_millis": 1.731,
  "99th_percentile_frame_build_time_millis": 6.87,
  "worst_frame_build_time_millis": 7.211,
  "missed_frame_build_budget_count": 0,
  "average_frame_rasterizer_time_millis": 4.935357142857144,
  "90th_percentile_frame_rasterizer_time_millis": 16.598,
  "99th_percentile_frame_rasterizer_time_millis": 17.244,
  "worst_frame_rasterizer_time_millis": 43.953,
  "missed_frame_rasterizer_budget_count": 20,
  "frame_count": 125,
  "frame_rasterizer_count": 126,
  "frame_build_times": [
    570,
    539,
    551,
    631,
    760,
    775,
    734,
    990,
    146,
    277,
    308,
    345,
    424,
    428,
    448,
    485,
    439,
    438,
    480,
    425,
    475,
    6870,
    1514,
    1447,
    1535,
    1407,
    1431,
    1485,
    1354,
    1374,
    1510,
    1500,
    1383,
    1420,
    1195,
    982,
    969,
    749,
    989,
    959,
    719,
    924,
    1008,
    931,
    930,
    993,
    4593,
    6205,
    1824,
    777,
    517,
    327,
    404,
    400,
    972,
    1156,
    1094,
    1521,
    2274,
    1710,
    1731,
    831,
    1196,
    1017,
    1113,
    1023,
    1103,
    1126,
    951,
    940,
    961,
    4514,
    6436,
    1354,
    1100,
    963,
    1214,
    1325,
    1475,
    1442,
    1595,
    1545,
    1492,
    1447,
    1755,
    1476,
    981,
    1175,
    1064,
    989,
    1014,
    938,
    756,
    1122,
    959,
    950,
    1008,
    4489,
    705,
    7211,
    2118,
    1481,
    1547,
    1472,
    1555,
    1449,
    1158,
    1473,
    1442,
    1472,
    1249,
    1475,
    1082,
    1071,
    1127,
    1042,
    1063,
    1113,
    1108,
    1108,
    1083,
    1131,
    1090,
    1064,
    4877
  ],
  "frame_rasterizer_times": [
    16376,
    1158,
    376,
    625,
    583,
    434,
    862,
    429,
    578,
    547,
    1216,
    1499,
    1468,
    1808,
    1827,
    2061,
    1837,
    1790,
    1916,
    1956,
    1824,
    1855,
    1697,
    2363,
    2552,
    2422,
    3828,
    2458,
    2232,
    2230,
    2205,
    2171,
    2500,
    2237,
    2257,
    1756,
    2217,
    2219,
    1726,
    2325,
    2212,
    1686,
    2320,
    2364,
    2235,
    2192,
    2373,
    1656,
    1678,
    43953,
    707,
    16664,
    16647,
    16585,
    17230,
    16680,
    16495,
    17033,
    16650,
    15888,
    16842,
    15541,
    17244,
    16960,
    15970,
    16598,
    16969,
    16212,
    16559,
    16496,
    16782,
    16331,
    14046,
    1723,
    1764,
    1912,
    1558,
    2879,
    2258,
    2440,
    2416,
    2634,
    2420,
    2463,
    2256,
    2667,
    2289,
    2132,
    2340,
    2087,
    2290,
    2218,
    2238,
    2019,
    2860,
    2110,
    2203,
    2549,
    1688,
    1435,
    1231,
    1815,
    1701,
    2576,
    2359,
    2001,
    1985,
    1632,
    1984,
    2008,
    2168,
    2235,
    2032,
    2058,
    2124,
    2052,
    2039,
    1903,
    2156,
    1961,
    1880,
    2003,
    2105,
    1980,
    1959,
    1842
  ],
  "frame_begin_times": [
    0,
    16694,
    33339,
    50082,
    66773,
    83419,
    100031,
    116666,
    133373,
    150253,
    166926,
    183557,
    200318,
    217059,
    233831,
    250420,
    267069,
    283725,
    300751,
    316971,
    333671,
    400128,
    416912,
    433735,
    450383,
    467045,
    483782,
    500357,
    516911,
    533750,
    550487,
    567048,
    583729,
    600295,
    617091,
    633566,
    650334,
    666847,
    683718,
    700352,
    716833,
    733712,
    750438,
    766964,
    783686,
    800420,
    817020,
    850103,
    867108,
    883508,
    916640,
    933294,
    949966,
    966659,
    983595,
    1000228,
    1016874,
    1033685,
    1050331,
    1067020,
    1083934,
    1100208,
    1117130,
    1133707,
    1150251,
    1167100,
    1183852,
    1200338,
    1216981,
    1233711,
    1250720,
    1266931,
    1300371,
    1316814,
    1333455,
    1350112,
    1366881,
    1383565,
    1400334,
    1416999,
    1433771,
    1450349,
    1466900,
    1483576,
    1500629,
    1516913,
    1533597,
    1550285,
    1567011,
    1583588,
    1600273,
    1616886,
    1633589,
    1650333,
    1666861,
    1683532,
    1700283,
    1716939,
    1750593,
    1766997,
    1783477,
    1800174,
    1817072,
    1833607,
    1850277,
    1866888,
    1883659,
    1900253,
    1916894,
    1933600,
    1950211,
    1966863,
    1983608,
    2000369,
    2016954,
    2033595,
    2050302,
    2067059,
    2083613,
    2100333,
    2116878,
    2133695,
    2150232,
    2166949,
    2183587
  ],
  "frame_rasterizer_begin_times": [
    0,
    16464,
    32802,
    49455,
    66275,
    83054,
    99775,
    116289,
    133202,
    149049,
    166083,
    182798,
    199454,
    216345,
    233068,
    249787,
    266492,
    283127,
    299781,
    316825,
    332973,
    349719,
    422346,
    433975,
    450791,
    467536,
    483999,
    500810,
    517385,
    533840,
    550675,
    567496,
    584108,
    600702,
    617243,
    633791,
    650106,
    666965,
    683147,
    700264,
    716896,
    733124,
    750236,
    767045,
    783502,
    800210,
    816970,
    837023,
    871614,
    884407,
    928494,
    932671,
    949441,
    966188,
    982872,
    1000138,
    1016956,
    1033529,
    1050785,
    1068248,
    1084222,
    1101318,
    1116901,
    1134208,
    1151244,
    1167291,
    1183956,
    1201057,
    1217375,
    1234033,
    1250589,
    1267420,
    1286506,
    1322124,
    1333734,
    1350127,
    1366651,
    1383606,
    1400489,
    1417406,
    1433993,
    1450906,
    1467502,
    1483958,
    1500614,
    1517999,
    1533969,
    1550178,
    1567010,
    1583669,
    1600164,
    1616881,
    1633420,
    1649897,
    1666995,
    1683416,
    1700074,
    1716869,
    1736991,
    1766850,
    1789539,
    1801125,
    1817265,
    1834224,
    1850669,
    1867405,
    1883908,
    1900389,
    1917268,
    1933929,
    1950628,
    1966968,
    1983931,
    2000289,
    2017045,
    2033635,
    2050247,
    2067011,
    2083784,
    2100258,
    2117035,
    2133568,
    2150399,
    2166923,
    2183594,
    2203592
  ],
  "average_vsync_transitions_missed": 1.1153846153846154,
  "90th_percentile_vsync_transitions_missed": 1.0,
  "99th_percentile_vsync_transitions_missed": 3.0
}