{
  "average_frame_build_time_millis": 1.3316614173228345,
  "90th_percentile_frame_build_time_millis": 1.588,
  "99th_percentile_frame_build_time_millis": 6.861,
  "worst_frame_build_time_millis": 7.334,
  "missed_frame_build_budget_count": 0,
  "average_frame_rasterizer_time_millis": 2.1961031746031736,
  "90th_percentile_frame_rasterizer_time_millis": 2.489,
  "99th_percentile_frame_rasterizer_time_millis": 3.115,
  "worst_frame_rasterizer_time_millis": 36.299,
  "missed_frame_rasterizer_budget_count": 1,
  "frame_count": 127,
  "frame_rasterizer_count": 126,
  "frame_build_times": [
    1261,
    789,
    361,
    465,
    402,
    611,
    621,
    615,
    814,
    1001,
    309,
    308,
    303,
    430,
    471,
    454,
    444,
    446,
    383,
    439,
    481,
    426,
    349,
    7334,
    1588,
    1457,
    1532,
    1512,
    1050,
    1502,
    1541,
    1488,
    1468,
    1448,
    1372,
    1458,
    1460,
    960,
    794,
    971,
    952,
    1018,
    1001,
    978,
    1043,
    1015,
    1014,
    1093,
    4109,
    5696,
    1274,
    432,
    536,
    314,
    425,
    505,
    989,
    1001,
    1177,
    1587,
    1588,
    1570,
    1044,
    1044,
    1023,
    1014,
    1063,
    1030,
    1008,
    1031,
    1013,
    988,
    980,
    4179,
    6861,
    1750,
    1056,
    1479,
    1386,
    1377,
    1542,
    1439,
    1374,
    1411,
    1477,
    1408,
    1383,
    1429,
    773,
    971,
    963,
    943,
    845,
    1014,
    1040,
    981,
    999,
    983,
    967,
    4381,
    576,
    6579,
    2492,
    1101,
    1504,
    1454,
    1677,
    1468,
    1452,
    1482,
    1128,
    1440,
    1459,
    1659,
    1100,
    1061,
    1053,
    1114,
    1115,
    1058,
    1097,
    1110,
    1080,
    1056,
    1062,
    942,
    4718
  ],
  "frame_rasterizer_times": [
    372,
    240,
    287,
    278,
    651,
    401,
    372,
    496,
    546,
    1328,
    1313,
    1379,
    1966,
    2276,
    2015,
    2030,
    1952,
    1777,
    1887,
    1954,
    1842,
    2000,
    1639,
    2033,
    2213,
    2576,
    3115,
    1705,
    1758,
    2462,
    2261,
    2218,
    2273,
    1934,
    2500,
    2196,
    2205,
    2090,
    2187,
    2321,
    2210,
    2337,
    2207,
    2207,
    2489,
    2323,
    2197,
    1539,
    1758,
    36299,
    776,
    501,
    476,
    713,
    682,
    1515,
    1604,
    1889,
    1911,
    2505,
    2401,
    2604,
    2434,
    2742,
    2395,
    2522,
    2434,
    2333,
    2298,
    2770,
    2305,
    2300,
    2095,
    1564,
    2020,
    1906,
    2571,
    2974,
    2333,
    2515,
    2336,
    2279,
    2238,
    2403,
    2250,
    2202,
    2263,
    1738,
    2171,
    2265,
    2189,
    2309,
    2308,
    2168,
    2332,
    2414,
    2219,
    2237,
    1809,
    1162,
    1169,
    1579,
    1568,
    1981,
    2396,
    2083,
    2000,
    2058,
    2016,
    2049,
    1981,
    2105,
    2157,
    2107,
    1954,
    1959,
    2170,
    2008,
    2008,
    1986,
    2159,
    2015,
    1932,
    1924,
    1608,
    1743
  ],
  "frame_begin_times": [
    0,
    49998,
    66661,
    83290,
    99926,
    116611,
    133262,
    149954,
    166669,
    183336,
    200291,
    216876,
    233519,
    250176,
    267143,
    283708,
    300327,
    316945,
    334111,
    350285,
    366892,
    383422,
    400214,
    466694,
    483496,
    500282,
    517014,
    533705,
    550167,
    566930,
    583792,
    600266,
    616874,
    633634,
    650357,
    666988,
    683644,
    700384,
    716907,
    733533,
    750303,
    766917,
    783625,
    800294,
    816885,
    833675,
    850342,
    866952,
    883613,
    916793,
    933388,
    949903,
    983234,
    999910,
    1016628,
    1033324,
    1050184,
    1066757,
    1083450,
    1100280,
    1117033,
    1133587,
    1150375,
    1166990,
    1183630,
    1200230,
    1217097,
    1233661,
    1250195,
    1266905,
    1283710,
    1300252,
    1316872,
    1333611,
    1366742,
    1383519,
    1400047,
    1416871,
    1433557,
    1450231,
    1466922,
    1483649,
    1500241,
    1516909,
    1533711,
    1550222,
    1566945,
    1583526,
    1600528,
    1616993,
    1633621,
    1650224,
    1666859,
    1683565,
    1700243,
    1716899,
    1733583,
    1750272,
    1767005,
    1783632,
    1816619,
    1833497,
    1850218,
    1866820,
    1883470,
    1900063,
    1917064,
    1933560,
    1950175,
    1966958,
    1983442,
    2000188,
    2016862,
    2033573,
    2050186,
    2066864,
    2083504,
    2100307,
    2116883,
    2133531,
    2150201,
    2167121,
    2183517,
    2200248,
    2216872,
    2233694,
    2250178
  ],
  "frame_rasterizer_begin_times": [
    0,
    16230,
    32958,
    49544,
    66413,
    83109,
    99799,
    116715,
    133555,
    149767,
    166334,
    182972,
    199822,
    216702,
    233382,
    249957,
    266603,
    283817,
    299899,
    316563,
    332948,
    349734,
    422947,
    434258,
    450948,
    467746,
    484396,
    500379,
    517611,
    534495,
    550953,
    567490,
    584257,
    600844,
    617618,
    634293,
    650523,
    666856,
    683723,
    700448,
    717122,
    733817,
    750466,
    767028,
    783882,
    800461,
    817187,
    836869,
    871390,
    883809,
    920230,
    932921,
    949382,
    966187,
    982955,
    1000385,
    1016914,
    1033750,
    1051027,
    1067812,
    1084316,
    1100607,
    1117240,
    1133858,
    1150397,
    1167347,
    1183877,
    1200410,
    1217122,
    1233935,
    1250436,
    1267041,
    1286398,
    1322537,
    1334461,
    1350255,
    1367511,
    1384131,
    1400788,
    1417653,
    1434281,
    1450806,
    1467511,
    1484384,
    1500843,
    1517523,
    1534171,
    1550458,
    1567155,
    1583773,
    1600397,
    1616885,
    1633768,
    1650333,
    1667068,
    1683775,
    1700401,
    1717141,
    1737165,
    1766292,
    1788953,
    1801776,
    1817072,
    1834187,
    1850695,
    1867932,
    1884216,
    1900769,
    1917548,
    1933706,
    1950836,
    1967511,
    1984424,
    2000484,
    2017108,
    2033757,
    2050629,
    2067154,
    2083776,
    2100486,
    2117408,
    2133825,
    2150502,
    2167131,
    2183791,
    2203669
  ],
  "average_vsync_transitions_missed": 1.3333333333333333,
  "90th_percentile_vsync_transitions_missed": 2.0,
  "99th_percentile_vsync_transitions_missed": 2.0
}