{
  "average_frame_build_time_millis": 1.341761904761905,
  "90th_percentile_frame_build_time_millis": 1.55,
  "99th_percentile_frame_build_time_millis": 7.032,
  "worst_frame_build_time_millis": 7.95,
  "missed_frame_build_budget_count": 0,
  "average_frame_rasterizer_time_millis": 2.513992125984254,
  "90th_percentile_frame_rasterizer_time_millis": 2.443,
  "99th_percentile_frame_rasterizer_time_millis": 16.509,
  "worst_frame_rasterizer_time_millis": 44.593,
  "missed_frame_rasterizer_budget_count": 3,
  "frame_count": 126,
  "frame_rasterizer_count": 127,
  "frame_build_times": [
    814,
    451,
    580,
    572,
    559,
    785,
    762,
    973,
    960,
    162,
    278,
    297,
    426,
    462,
    451,
    444,
    483,
    445,
    437,
    429,
    438,
    366,
    7032,
    1482,
    1427,
    1103,
    1380,
    1367,
    1323,
    1401,
    1376,
    1417,
    1362,
    1483,
    1371,
    1366,
    969,
    979,
    927,
    916,
    954,
    928,
    915,
    937,
    1002,
    925,
    947,
    3994,
    6555,
    1659,
    834,
    524,
    298,
    377,
    456,
    863,
    872,
    1016,
    1134,
    1523,
    1537,
    1026,
    1069,
    985,
    1001,
    1051,
    970,
    973,
    1011,
    1030,
    1083,
    1009,
    3915,
    6851,
    1284,
    1154,
    1500,
    1443,
    1414,
    1532,
    1450,
    1461,
    1479,
    1489,
    1428,
    1475,
    1490,
    1055,
    1069,
    1076,
    1018,
    1132,
    1007,
    978,
    1003,
    1020,
    1011,
    1104,
    4477,
    738,
    7950,
    2253,
    1106,
    1093,
    1107,
    1560,
    1459,
    1446,
    1566,
    1550,
    1487,
    1536,
    1526,
    1253,
    1080,
    1066,
    832,
    1077,
    1028,
    1068,
    1106,
    1060,
    1088,
    1098,
    1126,
    4775
  ],
  "frame_rasterizer_times": [
    1185,
    16509,
    1371,
    372,
    644,
    574,
    396,
    774,
    586,
    671,
    586,
    1210,
    1164,
    1767,
    1937,
    1756,
    1800,
    1925,
    1955,
    1755,
    1845,
    2113,
    1556,
    1679,
    2336,
    2156,
    1985,
    3839,
    2257,
    2242,
    2355,
    2286,
    1962,
    2499,
    2334,
    2248,
    2199,
    2422,
    2255,
    2185,
    2169,
    2073,
    2233,
    2196,
    2250,
    2281,
    2200,
    2246,
    1930,
    1814,
    44593,
    780,
    16464,
    585,
    663,
    798,
    1454,
    1426,
    1643,
    1854,
    2306,
    2514,
    2424,
    2326,
    3390,
    2471,
    2443,
    2344,
    1984,
    2511,
    2471,
    2603,
    2420,
    2156,
    1750,
    1773,
    1940,
    2250,
    3059,
    2352,
    2352,
    2287,
    2232,
    2331,
    2323,
    2277,
    2233,
    2592,
    2285,
    2217,
    2135,
    2408,
    2305,
    2194,
    2210,
    2103,
    2260,
    2207,
    2389,
    1692,
    1291,
    1380,
    1776,
    1576,
    1565,
    2060,
    2130,
    2076,
    1979,
    2190,
    2158,
    2031,
    2041,
    1600,
    2026,
    1917,
    1869,
    1595,
    2009,
    1958,
    2177,
    2047,
    1932,
    1915,
    2287,
    2017,
    1814
  ],
  "frame_begin_times": [
    0,
    16620,
    33357,
    50044,
    66674,
    83355,
    99997,
    116758,
    133382,
    150027,
    166937,
    183534,
    200363,
    217012,
    233649,
    250394,
    267079,
    283717,
    300367,
    317044,
    333783,
    350265,
    416895,
    433582,
    450320,
    467126,
    483696,
    500403,
    517055,
    533680,
    550350,
    566986,
    583710,
    600377,
    616970,
    633550,
    650419,
    667067,
    683621,
    700291,
    717188,
    733659,
    750330,
    766984,
    783704,
    800392,
    817005,
    833560,
    866755,
    883710,
    900071,
    933361,
    949944,
    966675,
    983402,
    1000261,
    1016756,
    1033558,
    1050199,
    1067001,
    1083641,
    1100404,
    1116966,
    1133659,
    1150437,
    1167135,
    1183731,
    1200345,
    1217146,
    1233685,
    1250386,
    1266958,
    1283796,
    1316735,
    1333395,
    1350241,
    1366948,
    1383643,
    1400251,
    1417024,
    1433670,
    1450407,
    1466942,
    1483616,
    1500312,
    1516951,
    1533654,
    1550334,
    1566898,
    1583594,
    1600406,
    1616956,
    1633568,
    1650395,
    1667103,
    1683599,
    1700202,
    1716947,
    1733677,
    1766722,
    1783629,
    1800240,
    1816818,
    1833471,
    1850124,
    1866877,
    1883672,
    1900259,
    1917006,
    1933639,
    1950281,
    1966954,
    1983846,
    2000392,
    2016912,
    2033626,
    2050182,
    2066983,
    2083549,
    2100195,
    2117025,
    2133618,
    2150303,
    2167084,
    2183623,
    2200198
  ],
  "frame_rasterizer_begin_times": [
    0,
    3108,
    19714,
    36236,
    52915,
    69539,
    86496,
    103040,
    119998,
    136622,
    152462,
    169454,
    186110,
    203109,
    219790,
    236383,
    253152,
    269863,
    286479,
    303108,
    319790,
    336541,
    352933,
    425998,
    437342,
    454065,
    470533,
    487377,
    504074,
    520700,
    537317,
    554015,
    570713,
    587392,
    604194,
    620676,
    637221,
    653658,
    670367,
    686863,
    703514,
    720472,
    736941,
    753564,
    770230,
    787042,
    803621,
    820288,
    839831,
    875198,
    887687,
    932401,
    936206,
    952721,
    969406,
    986156,
    1003397,
    1019880,
    1036919,
    1053642,
    1070837,
    1087497,
    1103725,
    1120316,
    1136963,
    1153743,
    1170454,
    1187046,
    1203640,
    1220430,
    1237032,
    1253763,
    1270268,
    1289673,
    1325638,
    1336950,
    1353632,
    1370771,
    1387423,
    1404007,
    1420890,
    1437439,
    1454157,
    1470712,
    1487421,
    1504035,
    1520731,
    1537494,
    1553715,
    1570249,
    1586858,
    1603726,
    1620395,
    1636872,
    1653695,
    1670323,
    1686927,
    1703533,
    1720276,
    1740446,
    1769732,
    1793549,
    1804752,
    1820227,
    1836859,
    1853531,
    1870705,
    1887450,
    1904051,
    1920865,
    1937429,
    1954088,
    1970717,
    1987671,
    2003867,
    2020297,
    2036993,
    2053294,
    2070367,
    2086884,
    2103489,
    2120413,
    2137000,
    2153717,
    2170527,
    2187030,
    2206849
  ],
  "average_vsync_transitions_missed": 1.2,
  "90th_percentile_vsync_transitions_missed": 2.0,
  "99th_percentile_vsync_transitions_missed": 2.0
}