{
  "average_frame_build_time_millis": 1.0882314049586777,
  "90th_percentile_frame_build_time_millis": 1.512,
  "99th_percentile_frame_build_time_millis": 6.213,
  "worst_frame_build_time_millis": 7.173,
  "missed_frame_build_budget_count": 0,
  "average_frame_rasterizer_time_millis": 1.960860655737705,
  "90th_percentile_frame_rasterizer_time_millis": 2.377,
  "99th_percentile_frame_rasterizer_time_millis": 3.445,
  "worst_frame_rasterizer_time_millis": 39.008,
  "missed_frame_rasterizer_budget_count": 1,
  "frame_count": 121,
  "frame_rasterizer_count": 122,
  "frame_build_times": [
    618,
    660,
    857,
    1073,
    298,
    285,
    359,
    426,
    453,
    342,
    443,
    523,
    443,
    450,
    573,
    425,
    426,
    7173,
    1303,
    931,
    1154,
    1552,
    1532,
    1470,
    1389,
    1444,
    1504,
    1401,
    1392,
    1494,
    1510,
    956,
    991,
    1049,
    972,
    985,
    970,
    772,
    1002,
    979,
    1032,
    964,
    3947,
    5829,
    1051,
    440,
    526,
    351,
    426,
    422,
    931,
    983,
    1186,
    1525,
    1498,
    1151,
    762,
    992,
    1027,
    1014,
    1018,
    1004,
    1005,
    998,
    992,
    1008,
    1000,
    3999,
    6213,
    1487,
    1464,
    1452,
    1474,
    1379,
    1380,
    1689,
    1450,
    1427,
    1443,
    1519,
    1479,
    1512,
    962,
    1012,
    976,
    979,
    1051,
    672,
    653,
    638,
    609,
    646,
    485,
    1326,
    429,
    3184,
    827,
    500,
    463,
    506,
    562,
    614,
    390,
    414,
    563,
    449,
    525,
    467,
    410,
    435,
    438,
    423,
    451,
    442,
    451,
    392,
    436,
    464,
    441,
    433,
    1530
  ],
  "frame_rasterizer_times": [
    279,
    390,
    401,
    522,
    551,
    1133,
    1173,
    1464,
    1734,
    1716,
    1665,
    1858,
    1692,
    1835,
    2134,
    1735,
    1738,
    1833,
    1915,
    1825,
    1537,
    1787,
    2779,
    2317,
    2175,
    2276,
    2429,
    2264,
    2205,
    2250,
    2468,
    2226,
    1706,
    2163,
    1710,
    2284,
    2148,
    2191,
    2251,
    2112,
    2243,
    2346,
    2316,
    1558,
    1489,
    39008,
    881,
    457,
    473,
    731,
    639,
    1552,
    1573,
    2001,
    2024,
    2564,
    1922,
    1806,
    2424,
    3445,
    2338,
    2237,
    2593,
    2377,
    2247,
    2267,
    2368,
    2347,
    2181,
    1621,
    1890,
    2139,
    2374,
    3014,
    2257,
    2285,
    2489,
    2356,
    2257,
    2218,
    2465,
    2264,
    2235,
    2178,
    2351,
    2317,
    2354,
    2834,
    2039,
    1575,
    1761,
    1731,
    1634,
    965,
    705,
    1095,
    627,
    774,
    749,
    775,
    850,
    869,
    850,
    656,
    601,
    804,
    648,
    786,
    647,
    740,
    782,
    825,
    769,
    831,
    877,
    879,
    753,
    847,
    851,
    863,
    1046,
    845
  ],
  "frame_begin_times": [
    0,
    16705,
    33388,
    50017,
    66986,
    83598,
    100335,
    116940,
    133660,
    150355,
    167069,
    183621,
    200393,
    217124,
    233701,
    250384,
    266999,
    333445,
    350188,
    366796,
    383569,
    400325,
    417086,
    433679,
    450309,
    467155,
    483682,
    500258,
    516983,
    533904,
    550359,
    567008,
    583674,
    600394,
    616959,
    633756,
    650343,
    666874,
    683647,
    700421,
    716891,
    733753,
    750342,
    783707,
    800102,
    816661,
    850005,
    866664,
    883360,
    900002,
    916896,
    933545,
    950200,
    966932,
    983754,
    1000233,
    1016850,
    1033717,
    1050323,
    1066964,
    1083662,
    1100508,
    1117020,
    1133689,
    1150293,
    1167085,
    1183604,
    1200330,
    1233685,
    1250205,
    1266920,
    1283691,
    1300403,
    1317001,
    1333608,
    1350336,
    1366919,
    1383618,
    1400326,
    1417056,
    1433608,
    1450224,
    1467000,
    1483732,
    1500314,
    1516990,
    1533659,
    1550206,
    1566818,
    1583398,
    1600152,
    1616856,
    1633293,
    1649922,
    1673150,
    1683219,
    1699946,
    1716666,
    1733303,
    1749954,
    1766647,
    1783377,
    1801341,
    1816596,
    1833312,
    1849896,
    1866627,
    1883232,
    1899982,
    1916596,
    1933285,
    1949936,
    1966641,
    1983295,
    1999997,
    2016681,
    2033297,
    2049958,
    2066683,
    2083309,
    2099984
  ],
  "frame_rasterizer_begin_times": [
    0,
    16818,
    33548,
    50412,
    67242,
    83451,
    100059,
    116891,
    133562,
    150288,
    166905,
    183728,
    200295,
    217033,
    233822,
    250395,
    267037,
    283620,
    356508,
    367666,
    383911,
    400918,
    418109,
    434836,
    451333,
    467896,
    484788,
    501400,
    517875,
    534574,
    551619,
    568053,
    584187,
    600868,
    617487,
    634149,
    650962,
    667543,
    683862,
    700907,
    717532,
    734140,
    750930,
    770463,
    805500,
    817355,
    856494,
    866772,
    883195,
    899938,
    916625,
    933998,
    950706,
    967546,
    984671,
    1001430,
    1017517,
    1033785,
    1050927,
    1067568,
    1084194,
    1100916,
    1117734,
    1134243,
    1150899,
    1167482,
    1184293,
    1200792,
    1220060,
    1255904,
    1267868,
    1284601,
    1301327,
    1318092,
    1334598,
    1351218,
    1368246,
    1384554,
    1401237,
    1418002,
    1434771,
    1451297,
    1467956,
    1484192,
    1500965,
    1517516,
    1534159,
    1550892,
    1567070,
    1583659,
    1600216,
    1616936,
    1633676,
    1649937,
    1667393,
    1689786,
    1702427,
    1716931,
    1733312,
    1749912,
    1766604,
    1783357,
    1800141,
    1817953,
    1833205,
    1850046,
    1866494,
    1883303,
    1899851,
    1916534,
    1933182,
    1949867,
    1966509,
    1983241,
    1999988,
    2016596,
    2033223,
    2049883,
    2066570,
    2083274,
    2099901,
    2117526
  ],
  "average_vsync_transitions_missed": 1.5,
  "90th_percentile_vsync_transitions_missed": 2.0,
  "99th_percentile_vsync_transitions_missed": 2.0
}