{
  "average_frame_build_time_millis": 1.3167322834645667,
  "90th_percentile_frame_build_time_millis": 1.591,
  "99th_percentile_frame_build_time_millis": 5.713,
  "worst_frame_build_time_millis": 7.169,
  "missed_frame_build_budget_count": 0,
  "average_frame_rasterizer_time_millis": 2.4035511811023618,
  "90th_percentile_frame_rasterizer_time_millis": 2.402,
  "99th_percentile_frame_rasterizer_time_millis": 5.479,
  "worst_frame_rasterizer_time_millis": 44.091,
  "missed_frame_rasterizer_budget_count": 1,
  "frame_count": 127,
  "frame_rasterizer_count": 127,
  "frame_build_times": [
    456,
    427,
    440,
    452,
    443,
    447,
    451,
    455,
    443,
    7169,
    1933,
    1690,
    1551,
    1516,
    1614,
    1509,
    1468,
    1446,
    1478,
    1498,
    1440,
    1443,
    1591,
    1055,
    956,
    977,
    1077,
    1014,
    736,
    977,
    1114,
    968,
    973,
    1029,
    4025,
    3246,
    660,
    363,
    248,
    133,
    212,
    169,
    413,
    401,
    487,
    482,
    634,
    655,
    3329,
    1515,
    1320,
    1390,
    1088,
    1301,
    1308,
    1340,
    1469,
    1318,
    1308,
    1424,
    1428,
    1336,
    969,
    1037,
    981,
    946,
    954,
    780,
    953,
    987,
    959,
    1017,
    955,
    4142,
    5713,
    1067,
    787,
    1037,
    1032,
    1054,
    1329,
    1303,
    1369,
    1337,
    1361,
    1082,
    1362,
    1351,
    897,
    789,
    893,
    872,
    946,
    979,
    896,
    904,
    984,
    1033,
    1025,
    4211,
    1248,
    5703,
    1754,
    1021,
    1433,
    1494,
    1382,
    1404,
    1542,
    1388,
    1356,
    1531,
    1532,
    1405,
    1007,
    1171,
    1091,
    1038,
    1015,
    1136,
    1039,
    1042,
    1005,
    1109,
    1008,
    1050,
    4790
  ],
  "frame_rasterizer_times": [
    1711,
    1771,
    1881,
    1879,
    1707,
    1774,
    1866,
    1840,
    1917,
    1609,
    2124,
    5479,
    2454,
    3066,
    2537,
    2269,
    2242,
    2268,
    2365,
    2317,
    2210,
    2132,
    2369,
    2289,
    2118,
    2128,
    2528,
    2133,
    1715,
    2193,
    2248,
    2161,
    2138,
    2256,
    1593,
    1251,
    44091,
    600,
    1945,
    1337,
    1758,
    1826,
    2133,
    1076,
    2377,
    1305,
    1671,
    1643,
    2302,
    3621,
    3094,
    2156,
    1725,
    2147,
    2465,
    2497,
    2463,
    2354,
    2341,
    2522,
    2401,
    2379,
    2221,
    2060,
    2283,
    1994,
    2267,
    1783,
    2208,
    2235,
    2397,
    2301,
    2201,
    2089,
    1604,
    1646,
    1438,
    1754,
    2091,
    2077,
    2166,
    1985,
    2158,
    2126,
    2217,
    1718,
    2272,
    2144,
    2208,
    1707,
    2190,
    2118,
    2382,
    2299,
    2171,
    2116,
    2433,
    2214,
    2105,
    1650,
    1257,
    1100,
    1549,
    1575,
    2050,
    2402,
    1971,
    2068,
    2118,
    1950,
    1985,
    2203,
    2057,
    1984,
    1564,
    2190,
    2024,
    1918,
    1872,
    1837,
    1951,
    1907,
    1949,
    2010,
    1905,
    1883,
    2177
  ],
  "frame_begin_times": [
    0,
    16681,
    33335,
    49993,
    66588,
    83399,
    100117,
    116773,
    133402,
    199828,
    216593,
    233787,
    249941,
    266755,
    283353,
    299999,
    316671,
    333361,
    350036,
    366716,
    383366,
    399926,
    416871,
    433361,
    450068,
    466727,
    483450,
    499979,
    516612,
    533286,
    550441,
    566690,
    583324,
    599970,
    616710,
    633204,
    649985,
    666437,
    699774,
    716317,
    732990,
    749680,
    766550,
    783142,
    799932,
    816582,
    833265,
    849987,
    866794,
    883291,
    899976,
    916627,
    933178,
    949863,
    966641,
    983292,
    1000028,
    1016592,
    1033332,
    1050165,
    1066649,
    1083280,
    1099970,
    1116791,
    1133292,
    1149888,
    1166613,
    1183433,
    1200043,
    1216615,
    1233270,
    1249970,
    1266590,
    1283313,
    1316348,
    1333005,
    1349754,
    1366564,
    1383137,
    1399704,
    1416644,
    1433414,
    1449914,
    1466605,
    1483284,
    1499843,
    1516547,
    1533242,
    1549953,
    1566466,
    1583212,
    1599943,
    1616613,
    1633264,
    1649890,
    1666539,
    1683449,
    1699948,
    1716560,
    1733180,
    1750200,
    1766283,
    1783023,
    1799670,
    1816579,
    1833277,
    1849874,
    1866527,
    1883253,
    1899885,
    1916555,
    1933319,
    1949910,
    1966632,
    1983248,
    2000183,
    2016565,
    2033220,
    2049979,
    2066820,
    2083186,
    2099885,
    2116570,
    2133222,
    2149886,
    2166455,
    2183186
  ],
  "frame_rasterizer_begin_times": [
    0,
    16635,
    33324,
    49984,
    66483,
    83372,
    100102,
    116759,
    133308,
    206231,
    218077,
    235021,
    251034,
    267802,
    284475,
    301060,
    317712,
    334352,
    351063,
    367756,
    384335,
    400898,
    417965,
    433968,
    450570,
    467268,
    484069,
    500557,
    516862,
    533793,
    551012,
    567197,
    583843,
    600501,
    620261,
    635985,
    650197,
    694387,
    699503,
    715996,
    732693,
    749328,
    766466,
    783030,
    799922,
    816590,
    833470,
    850169,
    869266,
    884356,
    900824,
    917546,
    933769,
    950703,
    967468,
    984180,
    1001044,
    1017453,
    1034210,
    1051138,
    1067648,
    1084178,
    1100452,
    1117433,
    1133820,
    1150394,
    1167142,
    1183715,
    1200585,
    1217144,
    1233800,
    1250509,
    1267125,
    1286481,
    1321374,
    1333562,
    1350045,
    1367130,
    1383697,
    1400282,
    1417523,
    1434249,
    1450832,
    1467491,
    1484178,
    1500454,
    1517452,
    1534130,
    1550412,
    1566760,
    1583652,
    1600370,
    1617105,
    1633799,
    1650344,
    1667004,
    1683992,
    1700462,
    1717097,
    1736917,
    1750913,
    1771231,
    1784173,
    1800209,
    1817478,
    1834285,
    1850809,
    1867475,
    1884241,
    1900839,
    1917375,
    1934317,
    1950989,
    1967567,
    1983716,
    2000826,
    2017184,
    2033823,
    2050552,
    2067443,
    2083736,
    2100452,
    2117113,
    2133825,
    2150458,
    2167081,
    2187050
  ],
  "average_vsync_transitions_missed": 1.5,
  "90th_percentile_vsync_transitions_missed": 2.0,
  "99th_percentile_vsync_transitions_missed": 2.0
}