{
  "average_frame_build_time_millis": 1.3434444444444444,
  "90th_percentile_frame_build_time_millis": 1.719,
  "99th_percentile_frame_build_time_millis": 6.352,
  "worst_frame_build_time_millis": 6.948,
  "missed_frame_build_budget_count": 0,
  "average_frame_rasterizer_time_millis": 7.521559999999995,
  "90th_percentile_frame_rasterizer_time_millis": 16.707,
  "99th_percentile_frame_rasterizer_time_millis": 17.718,
  "worst_frame_rasterizer_time_millis": 44.21,
  "missed_frame_rasterizer_budget_count": 42,
  "frame_count": 126,
  "frame_rasterizer_count": 125,
  "frame_build_times": [
    1244,
    859,
    411,
    460,
    513,
    660,
    734,
    743,
    802,
    1174,
    100,
    281,
    291,
    444,
    417,
    427,
    404,
    410,
    445,
    410,
    520,
    435,
    431,
    6948,
    2064,
    1294,
    1469,
    1417,
    1389,
    1387,
    1368,
    1361,
    1388,
    1416,
    1365,
    1386,
    1533,
    969,
    958,
    919,
    989,
    952,
    914,
    957,
    864,
    926,
    934,
    927,
    3974,
    5919,
    1703,
    805,
    503,
    316,
    485,
    420,
    952,
    1088,
    1174,
    1462,
    1679,
    1647,
    926,
    941,
    941,
    814,
    932,
    929,
    1053,
    967,
    964,
    928,
    981,
    4444,
    6352,
    1971,
    1416,
    1433,
    1474,
    1443,
    1438,
    1388,
    1385,
    1069,
    1419,
    1454,
    1932,
    1479,
    949,
    1032,
    1145,
    780,
    970,
    954,
    1067,
    964,
    942,
    1221,
    1017,
    4561,
    5937,
    1904,
    1057,
    1078,
    1505,
    1530,
    1690,
    1492,
    1661,
    1568,
    1479,
    1584,
    1719,
    1527,
    1064,
    828,
    1144,
    1120,
    1154,
    1116,
    924,
    1127,
    1200,
    868,
    1226,
    4861
  ],
  "frame_rasterizer_times": [
    16277,
    16302,
    16401,
    16642,
    16483,
    16330,
    16369,
    16452,
    15916,
    17081,
    16451,
    17379,
    16481,
    16418,
    16619,
    16757,
    16430,
    16523,
    17718,
    15635,
    16497,
    16766,
    1563,
    2167,
    1872,
    2362,
    3008,
    2229,
    2335,
    2256,
    2198,
    2333,
    2347,
    2303,
    2265,
    2396,
    2264,
    2250,
    2163,
    2440,
    2215,
    2173,
    1771,
    2015,
    2238,
    2243,
    2391,
    1800,
    1658,
    44210,
    773,
    16576,
    16704,
    16527,
    17219,
    16718,
    16519,
    16982,
    16559,
    16550,
    16707,
    16011,
    16534,
    16998,
    16345,
    16481,
    16714,
    16579,
    16285,
    16616,
    17046,
    16318,
    14014,
    1502,
    2038,
    2353,
    2641,
    2190,
    2270,
    2428,
    2292,
    2329,
    2466,
    2352,
    2443,
    2636,
    2643,
    2322,
    2297,
    2528,
    1793,
    2300,
    2223,
    2590,
    2492,
    2223,
    2250,
    2218,
    1552,
    1313,
    1619,
    1657,
    1553,
    2480,
    2136,
    1953,
    1987,
    2199,
    2028,
    1997,
    2030,
    2510,
    1896,
    1928,
    1513,
    1689,
    1887,
    1952,
    1916,
    2020,
    1914,
    2068,
    1684,
    2053,
    1675
  ],
  "frame_begin_times": [
    0,
    49999,
    66617,
    83326,
    99923,
    116608,
    133259,
    149913,
    166633,
    183369,
    199976,
    216897,
    233445,
    250500,
    266961,
    283525,
    300330,
    316980,
    333554,
    350370,
    367051,
    383604,
    400303,
    466733,
    483577,
    500487,
    516932,
    533519,
    550340,
    566962,
    583642,
    600351,
    616919,
    633653,
    650230,
    666945,
    683712,
    700284,
    716898,
    733507,
    750631,
    766869,
    783588,
    800226,
    817025,
    833635,
    850216,
    866914,
    883607,
    916704,
    933609,
    950012,
    983214,
    999826,
    1016531,
    1033250,
    1050183,
    1066932,
    1083394,
    1100145,
    1116861,
    1133759,
    1150275,
    1166854,
    1183547,
    1200186,
    1216947,
    1233498,
    1250135,
    1266987,
    1283529,
    1300261,
    1316973,
    1333508,
    1366739,
    1383673,
    1400202,
    1416805,
    1433569,
    1450292,
    1466958,
    1483435,
    1500182,
    1516909,
    1533477,
    1550189,
    1566895,
    1583563,
    1600174,
    1616846,
    1633650,
    1650088,
    1667036,
    1683524,
    1700395,
    1716776,
    1733475,
    1750225,
    1767443,
    1783524,
    1817695,
    1833382,
    1850059,
    1866701,
    1883489,
    1900213,
    1916844,
    1933322,
    1950303,
    1966890,
    1983535,
    2000188,
    2016971,
    2033553,
    2050122,
    2066722,
    2083495,
    2100121,
    2116781,
    2133464,
    2150048,
    2166788,
    2183514,
    2199956,
    2216892,
    2233492
  ],
  "frame_rasterizer_begin_times": [
    0,
    16357,
    33023,
    49674,
    66423,
    83232,
    99894,
    116678,
    133755,
    149766,
    166888,
    183371,
    200848,
    217440,
    233943,
    250633,
    267470,
    283978,
    300572,
    318415,
    334112,
    350723,
    422650,
    434891,
    450919,
    467616,
    484184,
    500981,
    517565,
    534259,
    550925,
    567545,
    584299,
    600833,
    617554,
    634476,
    650492,
    667083,
    683648,
    700831,
    717053,
    733758,
    750386,
    767051,
    783785,
    800377,
    817065,
    836705,
    871565,
    884557,
    928887,
    932908,
    949600,
    966393,
    983026,
    1000308,
    1017156,
    1033756,
    1050846,
    1067732,
    1084598,
    1101382,
    1117465,
    1134071,
    1151154,
    1167563,
    1184119,
    1201012,
    1217674,
    1234018,
    1250710,
    1267834,
    1286664,
    1322058,
    1334852,
    1350849,
    1367464,
    1384268,
    1400945,
    1417588,
    1434054,
    1450797,
    1467168,
    1484040,
    1500870,
    1518098,
    1534267,
    1550360,
    1566961,
    1583982,
    1600054,
    1617231,
    1633717,
    1650577,
    1666988,
    1683639,
    1700586,
    1717579,
    1737247,
    1772587,
    1784462,
    1800305,
    1816978,
    1834220,
    1850971,
    1867657,
    1884007,
    1901147,
    1917671,
    1934238,
    1950832,
    1967887,
    1984304,
    2000396,
    2016853,
    2033826,
    2050412,
    2067082,
    2083788,
    2100197,
    2117127,
    2133852,
    2150006,
    2167217,
    2187133
  ],
  "average_vsync_transitions_missed": 1.0212765957446808,
  "90th_percentile_vsync_transitions_missed": 1.0,
  "99th_percentile_vsync_transitions_missed": 2.0
}