{
  "average_frame_build_time_millis": 1.2674453125000003,
  "90th_percentile_frame_build_time_millis": 1.565,
  "99th_percentile_frame_build_time_millis": 5.267,
  "worst_frame_build_time_millis": 5.889,
  "missed_frame_build_budget_count": 0,
  "average_frame_rasterizer_time_millis": 2.459000000000002,
  "90th_percentile_frame_rasterizer_time_millis": 2.468,
  "99th_percentile_frame_rasterizer_time_millis": 3.813,
  "worst_frame_rasterizer_time_millis": 47.123,
  "missed_frame_rasterizer_budget_count": 1,
  "frame_count": 128,
  "frame_rasterizer_count": 127,
  "frame_build_times": [
    473,
    414,
    479,
    537,
    472,
    496,
    433,
    345,
    464,
    496,
    4703,
    1272,
    1107,
    1630,
    1393,
    1409,
    1380,
    1545,
    1407,
    1376,
    1466,
    1579,
    1416,
    1534,
    995,
    1046,
    965,
    988,
    1060,
    1002,
    919,
    945,
    979,
    965,
    959,
    4006,
    2515,
    613,
    397,
    184,
    114,
    208,
    235,
    444,
    397,
    417,
    637,
    609,
    649,
    3857,
    1565,
    1296,
    1299,
    1216,
    1391,
    1416,
    1059,
    898,
    1030,
    1244,
    1229,
    1291,
    1415,
    919,
    897,
    956,
    978,
    907,
    877,
    959,
    916,
    907,
    904,
    952,
    3937,
    5889,
    1582,
    1392,
    1022,
    1035,
    1498,
    1317,
    1325,
    1379,
    1440,
    1316,
    1304,
    1501,
    1439,
    1009,
    881,
    1013,
    906,
    900,
    860,
    788,
    896,
    888,
    907,
    987,
    4239,
    937,
    5267,
    1681,
    990,
    1451,
    1336,
    1505,
    1131,
    1522,
    1443,
    1427,
    1398,
    1555,
    1446,
    991,
    1062,
    1108,
    987,
    1053,
    1055,
    1128,
    1048,
    1014,
    792,
    1059,
    1006,
    4739
  ],
  "frame_rasterizer_times": [
    1512,
    1833,
    1758,
    1788,
    1876,
    1754,
    1412,
    1943,
    1941,
    1899,
    1933,
    1795,
    2476,
    3751,
    2191,
    2261,
    2016,
    2148,
    2245,
    2296,
    2326,
    2170,
    2155,
    2382,
    2271,
    2185,
    2148,
    2468,
    2435,
    2197,
    2212,
    2525,
    2181,
    2218,
    1686,
    1294,
    47123,
    587,
    2262,
    1334,
    1874,
    1791,
    2383,
    1785,
    1072,
    1683,
    1689,
    1730,
    2324,
    3813,
    3112,
    2252,
    2207,
    1841,
    2738,
    2053,
    1619,
    1954,
    2356,
    2396,
    2524,
    2633,
    2298,
    2312,
    2497,
    2417,
    2276,
    2282,
    2754,
    2230,
    2180,
    2208,
    2370,
    2106,
    1685,
    1907,
    2376,
    1876,
    2340,
    2334,
    2223,
    2181,
    2415,
    2258,
    2231,
    2220,
    2600,
    2162,
    2172,
    2169,
    2227,
    2149,
    2153,
    2253,
    2285,
    2187,
    2138,
    2362,
    2275,
    1662,
    3552,
    1174,
    1511,
    1581,
    1596,
    2367,
    1992,
    1648,
    2076,
    1991,
    1943,
    2028,
    2092,
    1920,
    1529,
    2175,
    2048,
    1978,
    1895,
    2236,
    1965,
    1966,
    1889,
    1778,
    1881,
    1933,
    1963
  ],
  "frame_begin_times": [
    0,
    16839,
    33373,
    50002,
    66706,
    83259,
    99976,
    116550,
    133343,
    149956,
    216365,
    233087,
    249824,
    266871,
    283262,
    299873,
    316652,
    333278,
    349998,
    366607,
    383215,
    400033,
    416614,
    433290,
    449901,
    466656,
    483282,
    499902,
    516678,
    533272,
    549914,
    566577,
    583399,
    599914,
    616497,
    633257,
    650002,
    666598,
    683040,
    716219,
    732843,
    749602,
    766266,
    783191,
    799726,
    816412,
    833412,
    849954,
    866587,
    883172,
    900049,
    916620,
    933263,
    949925,
    966685,
    983305,
    999877,
    1016460,
    1033156,
    1049960,
    1066494,
    1083239,
    1099952,
    1116562,
    1133230,
    1149980,
    1166572,
    1183184,
    1199795,
    1216782,
    1233280,
    1249911,
    1266629,
    1283362,
    1299900,
    1333053,
    1349812,
    1366560,
    1383104,
    1399859,
    1416346,
    1433190,
    1449844,
    1466663,
    1483192,
    1499874,
    1516566,
    1533350,
    1549838,
    1566632,
    1583190,
    1599951,
    1616545,
    1633192,
    1649794,
    1666447,
    1683149,
    1699905,
    1716544,
    1733232,
    1749909,
    1783132,
    1799652,
    1816338,
    1833123,
    1850178,
    1866392,
    1883148,
    1899715,
    1916485,
    1933105,
    1949874,
    1966453,
    1983270,
    1999858,
    2016466,
    2033360,
    2049882,
    2066498,
    2083217,
    2099931,
    2116522,
    2133210,
    2149804,
    2166577,
    2183191,
    2199789,
    2216486
  ],
  "frame_rasterizer_begin_times": [
    0,
    16606,
    33347,
    49985,
    66555,
    83225,
    99659,
    116617,
    133238,
    203703,
    217136,
    233695,
    251254,
    267458,
    284114,
    300838,
    317565,
    334201,
    350816,
    367498,
    384417,
    400835,
    417634,
    433709,
    450524,
    467066,
    483720,
    500588,
    517078,
    533637,
    550327,
    567235,
    583676,
    600250,
    620035,
    635323,
    649994,
    697201,
    699218,
    715729,
    732595,
    749277,
    766401,
    782877,
    799607,
    816856,
    833352,
    850020,
    869438,
    884433,
    900741,
    917263,
    933898,
    950867,
    967431,
    983659,
    1000125,
    1016971,
    1033924,
    1050452,
    1067337,
    1084142,
    1100293,
    1116946,
    1133746,
    1150365,
    1166890,
    1183467,
    1200555,
    1216994,
    1233650,
    1250340,
    1267080,
    1286204,
    1321483,
    1334226,
    1350767,
    1366921,
    1383682,
    1400572,
    1417318,
    1433956,
    1450852,
    1467444,
    1484002,
    1500667,
    1517554,
    1534025,
    1550453,
    1566869,
    1583766,
    1600243,
    1616908,
    1633444,
    1650060,
    1666842,
    1683562,
    1700286,
    1717010,
    1736964,
    1766920,
    1787458,
    1800712,
    1817069,
    1834421,
    1850525,
    1867459,
    1883616,
    1900813,
    1917338,
    1934107,
    1950620,
    1967545,
    1984126,
    2000239,
    2017171,
    2033754,
    2050291,
    2067083,
    2083698,
    2100417,
    2117066,
    2133664,
    2150153,
    2167060,
    2183618,
    2203609
  ],
  "average_vsync_transitions_missed": 1.5,
  "90th_percentile_vsync_transitions_missed": 2.0,
  "99th_percentile_vsync_transitions_missed": 2.0
}