{
  "average_frame_build_time_millis": 1.3286559999999996,
  "90th_percentile_frame_build_time_millis": 1.722,
  "99th_percentile_frame_build_time_millis": 6.457,
  "worst_frame_build_time_millis": 7.247,
  "missed_frame_build_budget_count": 0,
  "average_frame_rasterizer_time_millis": 2.2563760000000004,
  "90th_percentile_frame_rasterizer_time_millis": 2.499,
  "99th_percentile_frame_rasterizer_time_millis": 3.729,
  "worst_frame_rasterizer_time_millis": 42.79,
  "missed_frame_rasterizer_budget_count": 1,
  "frame_count": 125,
  "frame_rasterizer_count": 125,
  "frame_build_times": [
    1746,
    942,
    558,
    726,
    694,
    851,
    830,
    694,
    866,
    140,
    300,
    272,
    421,
    346,
    423,
    434,
    430,
    437,
    441,
    431,
    450,
    430,
    7247,
    2044,
    1076,
    1436,
    1447,
    1358,
    1449,
    1385,
    1380,
    1384,
    1407,
    1364,
    1354,
    1504,
    994,
    948,
    965,
    859,
    953,
    951,
    966,
    754,
    945,
    936,
    926,
    4119,
    5225,
    1299,
    839,
    538,
    299,
    400,
    420,
    923,
    976,
    1163,
    1530,
    1578,
    1282,
    1063,
    997,
    981,
    1002,
    1014,
    966,
    1073,
    1020,
    974,
    976,
    990,
    4142,
    6457,
    1320,
    1058,
    1391,
    1393,
    1419,
    1370,
    1422,
    1427,
    1115,
    1670,
    1355,
    1549,
    1460,
    753,
    935,
    1067,
    1065,
    943,
    1056,
    1003,
    966,
    964,
    955,
    759,
    4463,
    5868,
    2073,
    907,
    954,
    1147,
    1594,
    1613,
    1506,
    1545,
    1722,
    1509,
    1502,
    1853,
    1496,
    1108,
    1167,
    1278,
    1136,
    1142,
    1046,
    839,
    1108,
    1079,
    1068,
    1235,
    4569
  ],
  "frame_rasterizer_times": [
    1248,
    701,
    397,
    945,
    706,
    460,
    755,
    429,
    525,
    557,
    1179,
    1028,
    1491,
    1379,
    1804,
    1938,
    1891,
    1828,
    1710,
    2021,
    1886,
    1927,
    2021,
    2572,
    1877,
    2405,
    3729,
    2267,
    2324,
    2239,
    2211,
    2383,
    2466,
    2169,
    2298,
    2403,
    2202,
    2210,
    2234,
    2018,
    2224,
    2167,
    2125,
    1835,
    2183,
    2190,
    2315,
    1667,
    1647,
    42790,
    772,
    517,
    448,
    735,
    700,
    1522,
    1741,
    1975,
    2161,
    2499,
    1876,
    2431,
    2403,
    3278,
    2439,
    2343,
    2513,
    2788,
    2492,
    2296,
    2256,
    2537,
    2158,
    1554,
    1632,
    1824,
    2300,
    2701,
    2300,
    2465,
    2187,
    2360,
    1691,
    2388,
    2299,
    2913,
    2223,
    1572,
    2384,
    3236,
    2275,
    2428,
    2601,
    2121,
    2218,
    2473,
    2243,
    2111,
    1598,
    2523,
    1452,
    1311,
    1293,
    1898,
    2096,
    2045,
    2021,
    2250,
    2068,
    1906,
    1988,
    2006,
    1969,
    1944,
    1956,
    1790,
    1874,
    1977,
    1912,
    1553,
    1924,
    1897,
    1929,
    2076,
    1436
  ],
  "frame_begin_times": [
    0,
    66644,
    83254,
    99941,
    116607,
    133311,
    149910,
    166637,
    183328,
    199991,
    216881,
    233407,
    250163,
    266859,
    283583,
    300399,
    317007,
    333636,
    350429,
    367030,
    383624,
    400328,
    466751,
    483594,
    500537,
    516932,
    533518,
    550297,
    566931,
    583625,
    600340,
    616943,
    633586,
    650318,
    666932,
    683715,
    700340,
    717052,
    733622,
    750500,
    766992,
    783559,
    800313,
    817060,
    833514,
    850284,
    866878,
    883613,
    916886,
    933506,
    950052,
    983230,
    999911,
    1016595,
    1033289,
    1050168,
    1066811,
    1083522,
    1100338,
    1116953,
    1133472,
    1150265,
    1166942,
    1183558,
    1200268,
    1216913,
    1233598,
    1250491,
    1266922,
    1283557,
    1300247,
    1317043,
    1333479,
    1366693,
    1383582,
    1400075,
    1416809,
    1433655,
    1450314,
    1466922,
    1483540,
    1500327,
    1516842,
    1533505,
    1550116,
    1566944,
    1583598,
    1600106,
    1616811,
    1633758,
    1650250,
    1666781,
    1683521,
    1700400,
    1716868,
    1733536,
    1750177,
    1766795,
    1783417,
    1816594,
    1833359,
    1849965,
    1866705,
    1883346,
    1900026,
    1916874,
    1933528,
    1950374,
    1966904,
    1983535,
    2000185,
    2016989,
    2033545,
    2050187,
    2066872,
    2083636,
    2100187,
    2116829,
    2133413,
    2150175,
    2166994,
    2183455,
    2200147,
    2216904,
    2233528
  ],
  "frame_rasterizer_begin_times": [
    0,
    16752,
    32990,
    49783,
    66386,
    83255,
    99881,
    116469,
    133382,
    149236,
    166298,
    182790,
    199704,
    216324,
    233152,
    249988,
    266623,
    283149,
    300023,
    316630,
    333227,
    349895,
    422835,
    434801,
    450715,
    467483,
    484097,
    500825,
    517518,
    534163,
    550878,
    567489,
    584161,
    600840,
    617447,
    634386,
    650505,
    667171,
    683634,
    700493,
    717120,
    733667,
    750450,
    766989,
    783567,
    800403,
    816964,
    836756,
    870996,
    883937,
    926817,
    932881,
    949384,
    966142,
    982856,
    1000219,
    1016906,
    1033815,
    1051007,
    1067557,
    1083829,
    1100383,
    1117097,
    1133688,
    1150346,
    1167045,
    1183739,
    1200687,
    1217084,
    1233702,
    1250381,
    1267177,
    1286318,
    1322051,
    1333978,
    1350271,
    1367346,
    1384206,
    1400892,
    1417453,
    1434124,
    1450862,
    1467081,
    1484335,
    1500650,
    1517499,
    1534218,
    1550004,
    1566907,
    1583988,
    1600387,
    1616877,
    1633736,
    1650481,
    1666995,
    1683683,
    1700290,
    1716673,
    1736999,
    1771361,
    1784504,
    1800002,
    1816770,
    1833590,
    1850722,
    1867613,
    1884220,
    1901091,
    1917784,
    1934273,
    1950861,
    1968012,
    1984114,
    2000495,
    2017106,
    2033956,
    2050442,
    2067164,
    2083626,
    2100150,
    2117172,
    2133678,
    2150411,
    2167151,
    2186743
  ],
  "average_vsync_transitions_missed": 1.75,
  "90th_percentile_vsync_transitions_missed": 3.0,
  "99th_percentile_vsync_transitions_missed": 3.0
}