{
  "average_frame_build_time_millis": 1.3321428571428575,
  "90th_percentile_frame_build_time_millis": 1.491,
  "99th_percentile_frame_build_time_millis": 6.782,
  "worst_frame_build_time_millis": 7.634,
  "missed_frame_build_budget_count": 0,
  "average_frame_rasterizer_time_millis": 2.276352,
  "90th_percentile_frame_rasterizer_time_millis": 2.485,
  "99th_percentile_frame_rasterizer_time_millis": 3.79,
  "worst_frame_rasterizer_time_millis": 42.083,
  "missed_frame_rasterizer_budget_count": 1,
  "frame_count": 126,
  "frame_rasterizer_count": 125,
  "frame_build_times": [
    1272,
    893,
    499,
    517,
    682,
    742,
    749,
    719,
    1029,
    1005,
    141,
    360,
    294,
    443,
    481,
    458,
    489,
    349,
    465,
    577,
    468,
    363,
    6782,
    1433,
    1308,
    1412,
    1420,
    1434,
    1355,
    1377,
    1434,
    1261,
    1318,
    1481,
    1325,
    1331,
    915,
    939,
    885,
    898,
    890,
    740,
    903,
    871,
    904,
    1001,
    882,
    4044,
    5390,
    1133,
    705,
    529,
    279,
    416,
    425,
    1057,
    950,
    1117,
    1619,
    1502,
    1485,
    1278,
    1000,
    995,
    1004,
    1020,
    1000,
    1033,
    959,
    1019,
    1036,
    964,
    4231,
    6563,
    1491,
    1058,
    1472,
    1435,
    1454,
    1421,
    1381,
    1404,
    1402,
    1435,
    1481,
    1386,
    1420,
    994,
    974,
    1048,
    1088,
    750,
    960,
    996,
    981,
    1067,
    1020,
    936,
    4380,
    707,
    7634,
    2428,
    1072,
    1413,
    1466,
    1304,
    1474,
    1470,
    1448,
    1093,
    1445,
    1473,
    1562,
    1115,
    1038,
    1072,
    1121,
    1096,
    1160,
    793,
    1153,
    1122,
    1127,
    1272,
    1137,
    4974
  ],
  "frame_rasterizer_times": [
    841,
    486,
    382,
    697,
    825,
    389,
    1031,
    517,
    525,
    768,
    1093,
    1502,
    2437,
    1968,
    2412,
    1855,
    1371,
    1866,
    2405,
    1811,
    1729,
    1648,
    2246,
    2367,
    2565,
    3790,
    2277,
    2242,
    2745,
    2295,
    2214,
    2209,
    2685,
    2308,
    2219,
    2271,
    2272,
    2216,
    2245,
    2223,
    2297,
    2199,
    2153,
    2402,
    2322,
    2235,
    1600,
    1710,
    42083,
    728,
    476,
    448,
    801,
    656,
    1623,
    1639,
    1891,
    1948,
    2603,
    2485,
    2824,
    2430,
    2728,
    2450,
    2816,
    2943,
    2424,
    2412,
    2272,
    2411,
    2318,
    2106,
    1547,
    2053,
    1969,
    2483,
    2915,
    2238,
    2500,
    2344,
    2262,
    2301,
    2477,
    2266,
    2235,
    2197,
    1727,
    2226,
    2169,
    2169,
    1748,
    2397,
    2287,
    2315,
    2310,
    2216,
    2196,
    1784,
    1295,
    1315,
    1591,
    1552,
    1687,
    2358,
    1680,
    2166,
    2023,
    1979,
    2099,
    2029,
    2189,
    1880,
    2077,
    1987,
    1976,
    2147,
    1994,
    2096,
    1592,
    2025,
    1982,
    1938,
    1932,
    1534,
    1710
  ],
  "frame_begin_times": [
    0,
    49923,
    66628,
    83347,
    99994,
    116652,
    133316,
    149996,
    166642,
    183316,
    199998,
    217027,
    233589,
    250840,
    267116,
    283595,
    300330,
    317620,
    333656,
    350308,
    367025,
    383831,
    450118,
    466867,
    483701,
    500314,
    517070,
    533705,
    550337,
    567110,
    583766,
    600363,
    617001,
    633831,
    650330,
    667039,
    683587,
    700658,
    717005,
    733677,
    750369,
    766891,
    783787,
    800322,
    817133,
    833718,
    850303,
    866953,
    900131,
    916879,
    933406,
    966705,
    983285,
    999950,
    1016644,
    1033567,
    1050112,
    1066867,
    1083758,
    1100327,
    1117024,
    1133908,
    1150474,
    1167278,
    1183652,
    1200784,
    1216998,
    1233534,
    1250386,
    1267449,
    1283783,
    1300296,
    1316944,
    1350130,
    1366957,
    1383515,
    1400351,
    1416973,
    1433639,
    1450376,
    1466867,
    1483684,
    1500274,
    1517130,
    1533628,
    1550309,
    1566949,
    1584032,
    1600319,
    1616915,
    1633634,
    1650250,
    1666974,
    1683587,
    1700258,
    1716967,
    1733574,
    1750206,
    1767048,
    1799978,
    1816811,
    1833647,
    1850109,
    1866904,
    1883840,
    1900448,
    1916990,
    1933553,
    1950333,
    1966896,
    1983642,
    2000271,
    2017004,
    2033717,
    2050148,
    2066839,
    2083833,
    2100267,
    2116862,
    2133569,
    2150443,
    2166906,
    2183656,
    2200272,
    2217149,
    2233620
  ],
  "frame_rasterizer_begin_times": [
    0,
    16309,
    33068,
    49865,
    66581,
    83275,
    99910,
    116889,
    133516,
    149252,
    166499,
    183010,
    200448,
    216782,
    233208,
    249902,
    267105,
    283304,
    300056,
    316609,
    333348,
    405822,
    417433,
    434132,
    450842,
    467748,
    484195,
    500745,
    517648,
    534346,
    550715,
    567442,
    584357,
    600829,
    617544,
    633635,
    650759,
    667011,
    683747,
    700422,
    716833,
    733849,
    750353,
    767229,
    783933,
    800345,
    820130,
    854419,
    867200,
    909381,
    916441,
    932678,
    949559,
    966179,
    983766,
    1000213,
    1017132,
    1034465,
    1051003,
    1067678,
    1084478,
    1100661,
    1117449,
    1133796,
    1151012,
    1167170,
    1183732,
    1200520,
    1217550,
    1234002,
    1250453,
    1269860,
    1305581,
    1317610,
    1333747,
    1350996,
    1367598,
    1384268,
    1400974,
    1417391,
    1434273,
    1450851,
    1467746,
    1484298,
    1500911,
    1517569,
    1534162,
    1550481,
    1567089,
    1583881,
    1600164,
    1617095,
    1633785,
    1650398,
    1667089,
    1683722,
    1700346,
    1720702,
    1749829,
    1773367,
    1785180,
    1800382,
    1817510,
    1834481,
    1850831,
    1867654,
    1884175,
    1900953,
    1917115,
    1934183,
    1950935,
    1967732,
    1983959,
    2000360,
    2017103,
    2034136,
    2050505,
    2067114,
    2083511,
    2100817,
    2117199,
    2133870,
    2150614,
    2167413,
    2187279
  ],
  "average_vsync_transitions_missed": 1.3333333333333333,
  "90th_percentile_vsync_transitions_missed": 2.0,
  "99th_percentile_vsync_transitions_missed": 2.0
}