{
  "average_frame_build_time_millis": 1.2071935483870968,
  "90th_percentile_frame_build_time_millis": 1.612,
  "99th_percentile_frame_build_time_millis": 6.519,
  "worst_frame_build_time_millis": 7.23,
  "missed_frame_build_budget_count": 0,
  "average_frame_rasterizer_time_millis": 4.736674796747967,
  "90th_percentile_frame_rasterizer_time_millis": 16.593,
  "99th_percentile_frame_rasterizer_time_millis": 17.567,
  "worst_frame_rasterizer_time_millis": 43.707,
  "missed_frame_rasterizer_budget_count": 19,
  "frame_count": 124,
  "frame_rasterizer_count": 123,
  "frame_build_times": [
    527,
    578,
    594,
    686,
    692,
    995,
    944,
    162,
    296,
    315,
    417,
    426,
    428,
    365,
    418,
    457,
    511,
    529,
    413,
    349,
    6519,
    1369,
    1157,
    1416,
    1441,
    1503,
    1386,
    1395,
    1364,
    1612,
    1411,
    1374,
    1514,
    1573,
    943,
    955,
    996,
    1092,
    946,
    949,
    1020,
    1068,
    970,
    1003,
    763,
    3983,
    5743,
    1768,
    741,
    492,
    303,
    398,
    459,
    1229,
    1029,
    1110,
    1790,
    1915,
    1588,
    980,
    966,
    775,
    960,
    950,
    1092,
    1037,
    1050,
    1024,
    1142,
    968,
    4320,
    7230,
    1479,
    1401,
    1479,
    1476,
    1526,
    1384,
    1425,
    1094,
    1350,
    1404,
    1409,
    1454,
    1394,
    958,
    994,
    987,
    973,
    895,
    1005,
    1031,
    928,
    961,
    960,
    975,
    4627,
    1090,
    6086,
    1821,
    598,
    558,
    597,
    812,
    650,
    1031,
    593,
    765,
    653,
    910,
    497,
    584,
    451,
    672,
    498,
    433,
    447,
    630,
    455,
    559,
    461,
    666,
    455,
    2268
  ],
  "frame_rasterizer_times": [
    609,
    519,
    405,
    691,
    516,
    525,
    542,
    1109,
    1580,
    1829,
    1767,
    1881,
    2286,
    1854,
    1872,
    2106,
    1814,
    1914,
    2399,
    1765,
    2164,
    1885,
    1766,
    3734,
    2236,
    2261,
    2214,
    2250,
    2151,
    2211,
    2257,
    2324,
    2313,
    2257,
    2211,
    2427,
    2314,
    2190,
    2198,
    2373,
    2238,
    2106,
    2260,
    1725,
    1666,
    1852,
    43707,
    751,
    16453,
    16716,
    16628,
    17567,
    15942,
    16713,
    17110,
    17078,
    15689,
    16497,
    16420,
    16593,
    17392,
    15903,
    16595,
    16850,
    16512,
    16367,
    16742,
    16466,
    16760,
    14044,
    1538,
    1933,
    2464,
    2872,
    2799,
    2310,
    2220,
    2158,
    2045,
    2515,
    2295,
    2408,
    2438,
    2309,
    2270,
    2685,
    2307,
    2370,
    1604,
    3277,
    2433,
    2361,
    2315,
    2193,
    2331,
    1572,
    1234,
    1222,
    1806,
    895,
    865,
    1442,
    1094,
    1211,
    1843,
    1041,
    1006,
    1211,
    1151,
    861,
    876,
    958,
    1164,
    953,
    1001,
    1018,
    1087,
    860,
    958,
    910,
    1027,
    906,
    928
  ],
  "frame_begin_times": [
    0,
    16719,
    33435,
    50056,
    66697,
    83413,
    100103,
    116748,
    133679,
    150264,
    166938,
    183618,
    200351,
    216965,
    233674,
    250403,
    267052,
    283784,
    300274,
    316879,
    383488,
    400356,
    416889,
    433667,
    450293,
    467544,
    483748,
    500360,
    517011,
    533624,
    550314,
    567111,
    583675,
    600402,
    617059,
    633696,
    650388,
    667065,
    683647,
    700365,
    717325,
    733622,
    750310,
    766982,
    783729,
    800300,
    833450,
    850397,
    866783,
    900018,
    916606,
    933287,
    950019,
    967267,
    983515,
    1000145,
    1017030,
    1033927,
    1050281,
    1067030,
    1083609,
    1100432,
    1116994,
    1133635,
    1150297,
    1167223,
    1183565,
    1200264,
    1217034,
    1233700,
    1250323,
    1283765,
    1300196,
    1317022,
    1333648,
    1350501,
    1366979,
    1383635,
    1400110,
    1417088,
    1433690,
    1450222,
    1466926,
    1483746,
    1500235,
    1516855,
    1533691,
    1550385,
    1566862,
    1583650,
    1600491,
    1616967,
    1633483,
    1650259,
    1667154,
    1683598,
    1700293,
    1716845,
    1733473,
    1750036,
    1766665,
    1783309,
    1800063,
    1816767,
    1833325,
    1850400,
    1866711,
    1883385,
    1899971,
    1917163,
    1933310,
    1950094,
    1966668,
    1983578,
    1999960,
    2016577,
    2033339,
    2050164,
    2066661,
    2083445,
    2100000,
    2116776,
    2133331,
    2150144
  ],
  "frame_rasterizer_begin_times": [
    0,
    16720,
    33431,
    50098,
    67124,
    83758,
    99562,
    116610,
    133242,
    149988,
    166709,
    183370,
    199961,
    216764,
    233512,
    250155,
    266846,
    283343,
    299892,
    372443,
    384369,
    400767,
    417752,
    434414,
    451737,
    467770,
    484444,
    501063,
    517906,
    534367,
    551117,
    567870,
    584643,
    600676,
    617333,
    634068,
    650790,
    667264,
    683974,
    701045,
    717275,
    733977,
    750658,
    767123,
    786916,
    821578,
    834840,
    878629,
    883207,
    899730,
    916582,
    933288,
    951084,
    967189,
    983969,
    1001364,
    1018509,
    1034465,
    1051038,
    1067532,
    1084182,
    1101656,
    1117622,
    1134358,
    1151270,
    1167862,
    1184302,
    1201111,
    1217639,
    1236782,
    1273407,
    1284329,
    1301100,
    1317804,
    1334659,
    1351115,
    1367698,
    1384215,
    1400845,
    1417784,
    1434268,
    1451014,
    1467877,
    1484308,
    1500471,
    1517357,
    1534080,
    1550432,
    1567129,
    1584191,
    1600667,
    1617084,
    1633889,
    1650742,
    1667272,
    1687552,
    1700704,
    1721946,
    1734387,
    1749863,
    1766573,
    1783348,
    1800229,
    1816643,
    1834057,
    1849988,
    1866794,
    1883308,
    1900670,
    1916494,
    1933316,
    1949749,
    1966890,
    1983063,
    1999700,
    2016474,
    2033423,
    2049799,
    2066630,
    2083145,
    2100018,
    2116474,
    2134862
  ],
  "average_vsync_transitions_missed": 1.0416666666666667,
  "90th_percentile_vsync_transitions_missed": 1.0,
  "99th_percentile_vsync_transitions_missed": 2.0
}