{
  "average_frame_build_time_millis": 1.3540319999999997,
  "90th_percentile_frame_build_time_millis": 1.729,
  "99th_percentile_frame_build_time_millis": 6.623,
  "worst_frame_build_time_millis": 6.635,
  "missed_frame_build_budget_count": 0,
  "average_frame_rasterizer_time_millis": 4.8458000000000006,
  "90th_percentile_frame_rasterizer_time_millis": 16.512,
  "99th_percentile_frame_rasterizer_time_millis": 17.227,
  "worst_frame_rasterizer_time_millis": 44.376,
  "missed_frame_rasterizer_budget_count": 22,
  "frame_count": 125,
  "frame_rasterizer_count": 125,
  "frame_build_times": [
    901,
    568,
    569,
    763,
    743,
    811,
    945,
    918,
    203,
    284,
    318,
    361,
    315,
    440,
    444,
    442,
    445,
    438,
    441,
    444,
    447,
    6635,
    2493,
    1410,
    1433,
    1388,
    1202,
    1378,
    1378,
    1386,
    1426,
    1378,
    1406,
    1404,
    1531,
    920,
    962,
    979,
    1062,
    948,
    949,
    975,
    950,
    953,
    942,
    743,
    3906,
    5870,
    1671,
    813,
    406,
    284,
    415,
    418,
    1018,
    1073,
    983,
    1147,
    1808,
    1729,
    950,
    952,
    944,
    945,
    964,
    954,
    949,
    975,
    1027,
    938,
    985,
    4972,
    6623,
    1263,
    1141,
    1449,
    1488,
    1470,
    1513,
    1432,
    1484,
    1482,
    1511,
    1454,
    1448,
    1522,
    1116,
    1015,
    988,
    1078,
    1019,
    993,
    1002,
    1770,
    972,
    1016,
    1084,
    4132,
    806,
    5929,
    2030,
    1178,
    1454,
    1527,
    1627,
    1584,
    1303,
    1492,
    1619,
    1637,
    1565,
    1467,
    1307,
    1074,
    1044,
    1077,
    870,
    1065,
    1111,
    827,
    1117,
    1120,
    1064,
    1142,
    5186
  ],
  "frame_rasterizer_times": [
    696,
    364,
    775,
    806,
    429,
    824,
    520,
    550,
    544,
    1200,
    1339,
    1475,
    1363,
    1683,
    1897,
    1774,
    1739,
    2029,
    1873,
    1767,
    1838,
    1670,
    2308,
    2391,
    2371,
    3703,
    1824,
    2196,
    2244,
    2395,
    2440,
    2232,
    2320,
    2355,
    2290,
    2293,
    2160,
    2401,
    2255,
    2147,
    2162,
    1915,
    2244,
    2192,
    2215,
    1904,
    1714,
    1793,
    44376,
    799,
    16587,
    16772,
    16632,
    17227,
    16460,
    16603,
    16807,
    17000,
    16283,
    16404,
    16429,
    16512,
    17148,
    16204,
    16427,
    16484,
    16902,
    16512,
    16422,
    16560,
    17038,
    13149,
    1683,
    1769,
    1905,
    1954,
    3252,
    2275,
    2263,
    2413,
    2404,
    2559,
    2431,
    2226,
    2393,
    2781,
    2233,
    2301,
    2322,
    2438,
    2143,
    2766,
    2286,
    1904,
    2262,
    2083,
    2247,
    1537,
    1354,
    1272,
    1737,
    1442,
    1594,
    2514,
    2394,
    2085,
    1597,
    2389,
    2266,
    1980,
    2089,
    1863,
    1575,
    2012,
    2007,
    2101,
    2108,
    2260,
    1931,
    1612,
    2364,
    1913,
    2065,
    3104,
    1911
  ],
  "frame_begin_times": [
    0,
    16733,
    33367,
    50058,
    66684,
    83336,
    100018,
    116715,
    133374,
    150262,
    166946,
    183620,
    200228,
    217046,
    233811,
    250302,
    267023,
    283889,
    300460,
    317056,
    333729,
    400258,
    417245,
    433780,
    450373,
    467069,
    483654,
    500327,
    516842,
    533734,
    550435,
    566997,
    583737,
    600412,
    616977,
    633670,
    650328,
    667205,
    683753,
    700353,
    717052,
    733874,
    750265,
    767022,
    783676,
    800317,
    816983,
    883445,
    900347,
    916795,
    950026,
    966617,
    983371,
    1000023,
    1016933,
    1033438,
    1050185,
    1066993,
    1083626,
    1100302,
    1117085,
    1133667,
    1150349,
    1166967,
    1183739,
    1200299,
    1217000,
    1233688,
    1250398,
    1267021,
    1283574,
    1300598,
    1333512,
    1350141,
    1366933,
    1383480,
    1400452,
    1416974,
    1433772,
    1450294,
    1466997,
    1483654,
    1500434,
    1516905,
    1533641,
    1550413,
    1567022,
    1583606,
    1600296,
    1617171,
    1633623,
    1650357,
    1666960,
    1683745,
    1700289,
    1716953,
    1733477,
    1750258,
    1767420,
    1783455,
    1800105,
    1816922,
    1833645,
    1850207,
    1867042,
    1883647,
    1900261,
    1916964,
    1933713,
    1950270,
    1966823,
    1983630,
    2000389,
    2016928,
    2033588,
    2050262,
    2066909,
    2083424,
    2100345,
    2116857,
    2133663,
    2150230,
    2166991,
    2183746,
    2200296
  ],
  "frame_rasterizer_begin_times": [
    0,
    16419,
    33099,
    49934,
    66539,
    83294,
    100124,
    116754,
    132600,
    149641,
    166380,
    183026,
    199654,
    216619,
    233380,
    249818,
    266602,
    283459,
    300043,
    316625,
    333285,
    405668,
    418868,
    434297,
    450943,
    467589,
    483968,
    500836,
    517265,
    534252,
    551007,
    567507,
    584148,
    600945,
    617660,
    633710,
    650419,
    667322,
    683918,
    700452,
    717157,
    733960,
    750341,
    767112,
    783744,
    800176,
    819999,
    888178,
    901148,
    945626,
    949524,
    966183,
    983028,
    999736,
    1017025,
    1033637,
    1050311,
    1067296,
    1084452,
    1101165,
    1117673,
    1134174,
    1150748,
    1167983,
    1184302,
    1200805,
    1217353,
    1234338,
    1250997,
    1267484,
    1284149,
    1304209,
    1339007,
    1350463,
    1367158,
    1384066,
    1401085,
    1417584,
    1434401,
    1450863,
    1467633,
    1484284,
    1501070,
    1517496,
    1534229,
    1551047,
    1567278,
    1583712,
    1600391,
    1617361,
    1633754,
    1650458,
    1667096,
    1684643,
    1700417,
    1716992,
    1733720,
    1753489,
    1767352,
    1788332,
    1801170,
    1817187,
    1834189,
    1850891,
    1867820,
    1884365,
    1900614,
    1917577,
    1934486,
    1950923,
    1967512,
    1984205,
    2000776,
    2017131,
    2033756,
    2050459,
    2066829,
    2083608,
    2100494,
    2116781,
    2133877,
    2150424,
    2167190,
    2183975,
    2204117
  ],
  "average_vsync_transitions_missed": 1.04,
  "90th_percentile_vsync_transitions_missed": 1.0,
  "99th_percentile_vsync_transitions_missed": 2.0
}