{
  "average_frame_build_time_millis": 1.3736159999999995,
  "90th_percentile_frame_build_time_millis": 1.735,
  "99th_percentile_frame_build_time_millis": 6.763,
  "worst_frame_build_time_millis": 8.215,
  "missed_frame_build_budget_count": 0,
  "average_frame_rasterizer_time_millis": 4.9722380952380965,
  "90th_percentile_frame_rasterizer_time_millis": 16.539,
  "99th_percentile_frame_rasterizer_time_millis": 18.088,
  "worst_frame_rasterizer_time_millis": 43.322,
  "missed_frame_rasterizer_budget_count": 18,
  "frame_count": 125,
  "frame_rasterizer_count": 126,
  "frame_build_times": [
    441,
    594,
    548,
    561,
    788,
    718,
    994,
    939,
    265,
    260,
    342,
    300,
    322,
    441,
    437,
    433,
    444,
    433,
    455,
    425,
    436,
    4758,
    1661,
    1098,
    1481,
    1378,
    1604,
    1420,
    1364,
    1342,
    1532,
    1463,
    1360,
    1415,
    2049,
    937,
    940,
    911,
    1110,
    937,
    923,
    943,
    1019,
    958,
    901,
    991,
    3095,
    5440,
    1735,
    803,
    499,
    301,
    413,
    465,
    1064,
    1032,
    1710,
    1176,
    1540,
    1696,
    1214,
    976,
    2733,
    998,
    941,
    930,
    1585,
    1068,
    969,
    947,
    1192,
    4495,
    6763,
    1661,
    1670,
    1505,
    1407,
    1478,
    1401,
    1383,
    1903,
    1557,
    1413,
    1380,
    1632,
    1424,
    975,
    1007,
    1597,
    1277,
    980,
    985,
    1036,
    959,
    1023,
    1030,
    1020,
    4579,
    712,
    8215,
    2133,
    1102,
    1482,
    1595,
    1493,
    1474,
    1206,
    1437,
    1462,
    1475,
    1479,
    1464,
    1053,
    1043,
    1084,
    1111,
    1059,
    1088,
    1273,
    1063,
    1083,
    1099,
    1089,
    1049,
    4746
  ],
  "frame_rasterizer_times": [
    16345,
    1352,
    371,
    645,
    559,
    443,
    739,
    571,
    534,
    1085,
    1029,
    1535,
    1259,
    1374,
    1740,
    1962,
    1822,
    1752,
    1795,
    1947,
    1826,
    1834,
    1647,
    2344,
    1911,
    2428,
    3819,
    2886,
    2299,
    2348,
    2478,
    3017,
    2326,
    2481,
    2486,
    2256,
    2414,
    2114,
    2296,
    2342,
    2247,
    2189,
    2372,
    2266,
    2220,
    2461,
    2651,
    1199,
    1606,
    43322,
    706,
    16539,
    16724,
    16614,
    17169,
    16539,
    17143,
    15909,
    16968,
    17115,
    16259,
    16460,
    18088,
    15309,
    15950,
    16450,
    17590,
    15940,
    16409,
    17192,
    16823,
    15754,
    13794,
    1641,
    1918,
    2560,
    2529,
    3251,
    2417,
    2330,
    2752,
    2634,
    2303,
    2352,
    2245,
    2599,
    2454,
    2261,
    2282,
    2936,
    2399,
    2401,
    2242,
    2252,
    2177,
    1561,
    2840,
    2294,
    1582,
    1372,
    1393,
    3041,
    1556,
    2408,
    2348,
    1999,
    1957,
    1639,
    1682,
    1991,
    2010,
    2147,
    1875,
    1940,
    2070,
    1994,
    1977,
    1877,
    2188,
    2037,
    1599,
    1882,
    2149,
    2024,
    1956,
    1791
  ],
  "frame_begin_times": [
    0,
    16663,
    33363,
    50039,
    66762,
    83319,
    100075,
    116785,
    133670,
    150222,
    167001,
    183638,
    200346,
    217098,
    233922,
    250419,
    267081,
    283735,
    300641,
    317033,
    333819,
    400109,
    416804,
    433647,
    450455,
    467056,
    483973,
    500487,
    517033,
    533762,
    550936,
    567158,
    583775,
    600370,
    617562,
    633742,
    650409,
    666968,
    684240,
    700391,
    717024,
    733735,
    750315,
    767079,
    783668,
    800743,
    816959,
    850325,
    867230,
    883476,
    916695,
    933311,
    949994,
    966697,
    983615,
    1000231,
    1017003,
    1033579,
    1050273,
    1067148,
    1083861,
    1100340,
    1117301,
    1133783,
    1150386,
    1167014,
    1184021,
    1200448,
    1217160,
    1233756,
    1251039,
    1267199,
    1300319,
    1317029,
    1333776,
    1350336,
    1367156,
    1383794,
    1400368,
    1416942,
    1434008,
    1450630,
    1466999,
    1483666,
    1500779,
    1517036,
    1533674,
    1550312,
    1567465,
    1583691,
    1600370,
    1616998,
    1633873,
    1650292,
    1667058,
    1683695,
    1700411,
    1717016,
    1750542,
    1767020,
    1783538,
    1800208,
    1817174,
    1833696,
    1850267,
    1866974,
    1883583,
    1900321,
    1916996,
    1933628,
    1950300,
    1966995,
    1983604,
    2000272,
    2016947,
    2033604,
    2050341,
    2067074,
    2083650,
    2100286,
    2116927,
    2134109,
    2150344,
    2166938,
    2183754
  ],
  "frame_rasterizer_begin_times": [
    0,
    16391,
    32895,
    49608,
    66343,
    83227,
    99723,
    116747,
    133441,
    149594,
    166140,
    182972,
    199583,
    216414,
    233268,
    250097,
    266516,
    283144,
    299892,
    316809,
    333166,
    349949,
    420410,
    434053,
    450425,
    467639,
    484138,
    501287,
    517624,
    534114,
    550813,
    568138,
    584335,
    600849,
    617437,
    635137,
    650390,
    667047,
    683584,
    700946,
    717039,
    733666,
    750391,
    767065,
    783753,
    800302,
    817398,
    835723,
    871118,
    884684,
    928088,
    932872,
    949456,
    966282,
    983003,
    1000300,
    1016893,
    1034396,
    1050384,
    1067505,
    1084686,
    1101025,
    1117570,
    1135972,
    1151372,
    1167400,
    1183937,
    1201591,
    1217613,
    1234082,
    1251355,
    1268251,
    1286862,
    1322453,
    1334380,
    1351151,
    1367467,
    1384278,
    1400976,
    1417487,
    1433955,
    1451585,
    1467853,
    1484133,
    1500746,
    1518190,
    1534144,
    1550272,
    1567033,
    1584224,
    1600569,
    1617085,
    1633688,
    1650630,
    1666964,
    1683752,
    1700439,
    1717142,
    1737195,
    1766932,
    1790707,
    1801319,
    1817001,
    1834460,
    1851015,
    1867471,
    1884199,
    1900439,
    1917471,
    1934173,
    1950806,
    1967484,
    1984131,
    2000401,
    2017052,
    2033745,
    2050410,
    2067110,
    2083862,
    2100636,
    2117063,
    2133737,
    2150959,
    2167138,
    2183683,
    2203784
  ],
  "average_vsync_transitions_missed": 1.0384615384615385,
  "90th_percentile_vsync_transitions_missed": 1.0,
  "99th_percentile_vsync_transitions_missed": 2.0
}