{
  "average_frame_build_time_millis": 1.0828249999999997,
  "90th_percentile_frame_build_time_millis": 1.639,
  "99th_percentile_frame_build_time_millis": 6.537,
  "worst_frame_build_time_millis": 9.466,
  "missed_frame_build_budget_count": 0,
  "average_frame_rasterizer_time_millis": 9.73151260504202,
  "90th_percentile_frame_rasterizer_time_millis": 16.937,
  "99th_percentile_frame_rasterizer_time_millis": 17.211,
  "worst_frame_rasterizer_time_millis": 28.823,
  "missed_frame_rasterizer_budget_count": 59,
  "frame_count": 120,
  "frame_rasterizer_count": 119,
  "frame_build_times": [
    1575,
    1090,
    330,
    271,
    435,
    425,
    401,
    409,
    425,
    413,
    391,
    400,
    658,
    323,
    412,
    6537,
    1466,
    1016,
    906,
    639,
    1013,
    569,
    757,
    633,
    883,
    615,
    791,
    631,
    916,
    462,
    403,
    645,
    671,
    464,
    522,
    458,
    403,
    419,
    532,
    484,
    2232,
    2229,
    671,
    443,
    438,
    365,
    692,
    521,
    546,
    380,
    547,
    495,
    535,
    452,
    682,
    385,
    466,
    412,
    525,
    404,
    452,
    393,
    468,
    390,
    413,
    408,
    1368,
    3084,
    651,
    969,
    1179,
    910,
    983,
    1654,
    1441,
    1696,
    1704,
    1422,
    1639,
    1383,
    1610,
    1033,
    996,
    990,
    800,
    950,
    934,
    977,
    953,
    916,
    921,
    1027,
    4632,
    1034,
    9466,
    2158,
    910,
    1057,
    1450,
    1493,
    1422,
    1441,
    1152,
    1463,
    1487,
    1445,
    1523,
    1055,
    1128,
    1128,
    1210,
    1044,
    1062,
    1166,
    1251,
    1152,
    1048,
    1799,
    1052,
    4784
  ],
  "frame_rasterizer_times": [
    16774,
    16250,
    17163,
    16957,
    16419,
    16517,
    17024,
    16189,
    16346,
    16843,
    16694,
    15969,
    17073,
    16490,
    1873,
    2997,
    1407,
    1572,
    1636,
    1594,
    1027,
    1438,
    1067,
    1482,
    1055,
    1383,
    1053,
    1358,
    979,
    874,
    1317,
    1340,
    988,
    1242,
    1018,
    920,
    943,
    1269,
    1158,
    949,
    992,
    28823,
    659,
    16850,
    17059,
    16191,
    16735,
    16721,
    16926,
    16112,
    16599,
    16483,
    16978,
    16353,
    16556,
    16801,
    16714,
    16254,
    16578,
    16760,
    16434,
    16611,
    16545,
    16743,
    16330,
    16000,
    13843,
    17047,
    16480,
    16511,
    16757,
    17206,
    16135,
    16654,
    17211,
    15789,
    16405,
    16416,
    17060,
    16100,
    16625,
    16376,
    16246,
    17072,
    16581,
    16512,
    16937,
    16198,
    16644,
    16838,
    16538,
    13038,
    1441,
    1300,
    1867,
    1247,
    1568,
    2204,
    2371,
    2226,
    2019,
    1648,
    2208,
    2026,
    2130,
    2046,
    2287,
    2023,
    2279,
    2410,
    1903,
    1980,
    2344,
    2418,
    2927,
    1843,
    1726,
    2168,
    1768
  ],
  "frame_begin_times": [
    0,
    16655,
    33584,
    50098,
    66981,
    83739,
    100319,
    116931,
    133845,
    150362,
    166928,
    183639,
    200619,
    216891,
    233613,
    301831,
    316879,
    333545,
    350162,
    366675,
    383613,
    400040,
    416679,
    433292,
    450217,
    466656,
    483411,
    499969,
    516887,
    533334,
    549991,
    566765,
    583536,
    599993,
    616766,
    633340,
    649944,
    666730,
    683479,
    699984,
    716800,
    749994,
    766792,
    783275,
    799892,
    816570,
    833327,
    849890,
    866623,
    883197,
    900000,
    916644,
    933302,
    949902,
    966670,
    983340,
    999946,
    1016690,
    1033287,
    1049929,
    1066639,
    1083276,
    1099961,
    1116582,
    1133327,
    1150010,
    1166661,
    1183782,
    1199926,
    1216870,
    1233376,
    1250086,
    1266677,
    1283753,
    1300223,
    1316964,
    1334133,
    1350347,
    1366929,
    1383557,
    1400456,
    1416910,
    1433616,
    1450212,
    1466772,
    1483679,
    1500114,
    1516806,
    1533787,
    1550186,
    1566884,
    1583690,
    1600345,
    1633747,
    1650432,
    1666734,
    1683456,
    1700116,
    1717093,
    1733639,
    1750107,
    1766847,
    1783535,
    1800188,
    1816822,
    1833584,
    1850275,
    1866716,
    1883572,
    1900280,
    1916928,
    1933554,
    1950228,
    1967176,
    1983520,
    2000167,
    2016855,
    2033796,
    2050188,
    2066808
  ],
  "frame_rasterizer_begin_times": [
    0,
    16807,
    33099,
    50327,
    67362,
    83859,
    100469,
    117599,
    133947,
    150373,
    167298,
    184050,
    200071,
    217231,
    290362,
    304827,
    316833,
    333316,
    349531,
    366813,
    382835,
    399667,
    416144,
    433343,
    449488,
    466437,
    482820,
    500035,
    516015,
    532620,
    549642,
    566454,
    582672,
    599517,
    616023,
    632599,
    649375,
    666263,
    682765,
    701280,
    734317,
    749681,
    778647,
    782571,
    799499,
    816598,
    832878,
    849663,
    866464,
    883495,
    899655,
    916329,
    932891,
    949970,
    966410,
    983028,
    999913,
    1016719,
    1033025,
    1049656,
    1066494,
    1082982,
    1099677,
    1116323,
    1133212,
    1150135,
    1169035,
    1182961,
    1200065,
    1216796,
    1233395,
    1250190,
    1267680,
    1283925,
    1300798,
    1318174,
    1334069,
    1350777,
    1367298,
    1384481,
    1400655,
    1417370,
    1433812,
    1450110,
    1467262,
    1483940,
    1500527,
    1517554,
    1533825,
    1550558,
    1567465,
    1587318,
    1617010,
    1641905,
    1651093,
    1666616,
    1683420,
    1700824,
    1717419,
    1733814,
    1750577,
    1766958,
    1783943,
    1800599,
    1817319,
    1834084,
    1850053,
    1866943,
    1883647,
    1900272,
    1916921,
    1933560,
    1950584,
    1966940,
    1983540,
    2000195,
    2017860,
    2033527,
    2053423
  ],
  "average_vsync_transitions_missed": 1.0,
  "90th_percentile_vsync_transitions_missed": 1.0,
  "99th_percentile_vsync_transitions_missed": 1.0
}