{
  "average_frame_build_time_millis": 1.1237083333333326,
  "90th_percentile_frame_build_time_millis": 1.49,
  "99th_percentile_frame_build_time_millis": 7.304,
  "worst_frame_build_time_millis": 8.575,
  "missed_frame_build_budget_count": 0,
  "average_frame_rasterizer_time_millis": 2.126355371900826,
  "90th_percentile_frame_rasterizer_time_millis": 2.524,
  "99th_percentile_frame_rasterizer_time_millis": 3.783,
  "worst_frame_rasterizer_time_millis": 42.938,
  "missed_frame_rasterizer_budget_count": 1,
  "frame_count": 120,
  "frame_rasterizer_count": 121,
  "frame_build_times": [
    706,
    1095,
    994,
    307,
    262,
    305,
    348,
    472,
    449,
    347,
    454,
    521,
    453,
    547,
    436,
    453,
    7304,
    1610,
    1062,
    1438,
    1422,
    1391,
    1370,
    1372,
    1375,
    1429,
    1364,
    1647,
    1431,
    1438,
    977,
    950,
    944,
    957,
    957,
    923,
    1045,
    946,
    946,
    953,
    946,
    4004,
    5199,
    1389,
    805,
    541,
    301,
    428,
    405,
    965,
    971,
    1165,
    1147,
    1321,
    1643,
    1001,
    1056,
    780,
    1035,
    963,
    984,
    1037,
    988,
    1014,
    1035,
    1002,
    4116,
    8575,
    1676,
    1428,
    1402,
    1589,
    1445,
    1388,
    1364,
    1124,
    1472,
    1502,
    1436,
    1434,
    1397,
    976,
    1006,
    974,
    1457,
    969,
    1095,
    709,
    680,
    614,
    707,
    428,
    1357,
    414,
    2437,
    809,
    507,
    497,
    600,
    612,
    562,
    682,
    568,
    566,
    539,
    639,
    553,
    482,
    378,
    555,
    420,
    450,
    429,
    494,
    427,
    469,
    416,
    484,
    521,
    1490
  ],
  "frame_rasterizer_times": [
    394,
    702,
    734,
    974,
    1130,
    1142,
    1530,
    1757,
    1966,
    1897,
    2108,
    2355,
    1871,
    2612,
    1923,
    1926,
    2570,
    2004,
    2239,
    1906,
    2437,
    3783,
    2332,
    2196,
    2312,
    2524,
    2333,
    2283,
    2612,
    2409,
    2308,
    2251,
    2159,
    2445,
    2277,
    2177,
    2178,
    2098,
    2185,
    2182,
    2175,
    2305,
    1797,
    1833,
    42938,
    709,
    469,
    509,
    789,
    688,
    1734,
    1632,
    1753,
    1957,
    2039,
    2406,
    2394,
    2277,
    2558,
    2392,
    2313,
    2379,
    2428,
    2295,
    2282,
    2586,
    2372,
    2089,
    1602,
    2253,
    2477,
    2544,
    2314,
    2465,
    2480,
    2370,
    1908,
    2490,
    2354,
    2556,
    2500,
    2368,
    2368,
    2732,
    3115,
    2401,
    2339,
    2729,
    2209,
    1417,
    1475,
    1347,
    1448,
    715,
    635,
    646,
    1072,
    985,
    801,
    1036,
    878,
    1130,
    1368,
    934,
    922,
    836,
    1106,
    831,
    823,
    789,
    867,
    1128,
    1068,
    1190,
    929,
    814,
    845,
    806,
    903,
    863,
    789
  ],
  "frame_begin_times": [
    0,
    16707,
    33309,
    50289,
    66939,
    83644,
    100363,
    116987,
    133626,
    150323,
    167091,
    183661,
    200517,
    217094,
    233714,
    250266,
    316823,
    333947,
    350249,
    366984,
    383788,
    400475,
    417001,
    433669,
    450253,
    467016,
    483646,
    500338,
    517104,
    533783,
    551000,
    567040,
    583803,
    600298,
    617057,
    633703,
    650796,
    667015,
    683692,
    700350,
    717126,
    733689,
    766750,
    783573,
    800069,
    833261,
    849963,
    866656,
    883295,
    900464,
    916823,
    933609,
    950208,
    967203,
    983658,
    1000308,
    1016973,
    1033550,
    1050263,
    1066940,
    1083627,
    1100433,
    1117024,
    1133658,
    1150456,
    1167027,
    1183674,
    1216935,
    1233405,
    1250349,
    1267051,
    1284063,
    1300452,
    1316968,
    1333658,
    1350254,
    1367111,
    1383619,
    1400246,
    1417050,
    1433627,
    1450285,
    1467223,
    1483713,
    1500534,
    1516939,
    1534075,
    1550832,
    1566846,
    1583513,
    1600162,
    1616688,
    1633345,
    1649966,
    1666592,
    1683312,
    1700000,
    1716612,
    1733317,
    1749935,
    1766625,
    1783320,
    1799911,
    1816622,
    1833311,
    1849951,
    1866536,
    1883255,
    1899935,
    1916629,
    1933199,
    1949995,
    1966579,
    1983299,
    1999955,
    2016597,
    2033284,
    2049931,
    2066875,
    2083249
  ],
  "frame_rasterizer_begin_times": [
    0,
    16726,
    33827,
    50322,
    66543,
    83131,
    99884,
    116650,
    133433,
    150052,
    166612,
    183527,
    200153,
    216861,
    233627,
    250126,
    266674,
    339786,
    351516,
    367241,
    384398,
    401157,
    417834,
    434367,
    451027,
    467607,
    484423,
    501009,
    517753,
    534523,
    551199,
    567980,
    583927,
    600720,
    617222,
    633943,
    650622,
    667842,
    683939,
    700607,
    717284,
    734078,
    753633,
    787566,
    800960,
    844026,
    849792,
    866176,
    883001,
    899618,
    917364,
    933745,
    950686,
    967327,
    984421,
    1001281,
    1017262,
    1033901,
    1050269,
    1067247,
    1083890,
    1100638,
    1117409,
    1133994,
    1150546,
    1167476,
    1184021,
    1203287,
    1241240,
    1251150,
    1267765,
    1284436,
    1301607,
    1317884,
    1334346,
    1351008,
    1367329,
    1384569,
    1401057,
    1417648,
    1434498,
    1451012,
    1467245,
    1484218,
    1500670,
    1517934,
    1533893,
    1551157,
    1568179,
    1583466,
    1600058,
    1616790,
    1633147,
    1650664,
    1666376,
    1684864,
    1700011,
    1716422,
    1733105,
    1749935,
    1766538,
    1783184,
    1799915,
    1816480,
    1833180,
    1849862,
    1866585,
    1883085,
    1899729,
    1916229,
    1933122,
    1949599,
    1966439,
    1983007,
    1999786,
    2016366,
    2033071,
    2049695,
    2066414,
    2083314,
    2100569
  ],
  "average_vsync_transitions_missed": 1.5,
  "90th_percentile_vsync_transitions_missed": 2.0,
  "99th_percentile_vsync_transitions_missed": 2.0
}