{
  "average_frame_build_time_millis": 1.3730239999999998,
  "90th_percentile_frame_build_time_millis": 1.715,
  "99th_percentile_frame_build_time_millis": 6.712,
  "worst_frame_build_time_millis": 6.979,
  "missed_frame_build_budget_count": 0,
  "average_frame_rasterizer_time_millis": 2.3141746031746027,
  "90th_percentile_frame_rasterizer_time_millis": 2.576,
  "99th_percentile_frame_rasterizer_time_millis": 3.62,
  "worst_frame_rasterizer_time_millis": 42.248,
  "missed_frame_rasterizer_budget_count": 1,
  "frame_count": 125,
  "frame_rasterizer_count": 126,
  "frame_build_times": [
    594,
    450,
    513,
    543,
    607,
    700,
    694,
    715,
    928,
    324,
    300,
    351,
    461,
    451,
    373,
    461,
    446,
    467,
    498,
    474,
    558,
    546,
    6979,
    1679,
    1242,
    1584,
    1218,
    1525,
    1476,
    1462,
    1530,
    1443,
    1402,
    1427,
    1305,
    1464,
    1002,
    1217,
    1065,
    888,
    932,
    1169,
    1041,
    987,
    1138,
    1071,
    998,
    4076,
    5715,
    1715,
    809,
    556,
    321,
    441,
    1102,
    931,
    1013,
    1312,
    1737,
    992,
    1172,
    988,
    1564,
    1028,
    1026,
    1023,
    1088,
    1001,
    1100,
    1040,
    1093,
    1099,
    4182,
    6712,
    1578,
    1574,
    1523,
    1740,
    1610,
    1138,
    1596,
    1417,
    1417,
    1518,
    1449,
    1473,
    983,
    1013,
    1000,
    1003,
    980,
    1393,
    1001,
    1039,
    972,
    779,
    964,
    4610,
    688,
    6556,
    1879,
    1112,
    1551,
    1664,
    1612,
    1587,
    1746,
    1484,
    1487,
    1556,
    1602,
    1581,
    1069,
    1096,
    1053,
    1056,
    1105,
    1223,
    1170,
    1097,
    1081,
    1161,
    1086,
    1094,
    4928
  ],
  "frame_rasterizer_times": [
    712,
    714,
    457,
    394,
    575,
    694,
    413,
    1075,
    403,
    558,
    1105,
    1398,
    1439,
    2460,
    1886,
    1578,
    1911,
    1880,
    1943,
    1906,
    1889,
    1982,
    2995,
    1758,
    2208,
    1938,
    2576,
    3000,
    2325,
    2326,
    2360,
    2394,
    2292,
    2320,
    2496,
    2254,
    2278,
    2321,
    2674,
    2407,
    1660,
    1990,
    2288,
    2212,
    2113,
    2191,
    2466,
    2147,
    1546,
    1618,
    42248,
    698,
    459,
    446,
    938,
    1744,
    1356,
    1507,
    1881,
    2642,
    1690,
    1799,
    2485,
    1931,
    3620,
    2472,
    2261,
    2846,
    2411,
    2271,
    2395,
    2408,
    2445,
    2061,
    1577,
    2097,
    2407,
    3002,
    3159,
    2454,
    2215,
    2218,
    2347,
    2387,
    2617,
    2451,
    2469,
    2300,
    2551,
    2369,
    2823,
    2297,
    2510,
    2135,
    2432,
    2274,
    1624,
    2073,
    1609,
    1532,
    1285,
    1641,
    1666,
    2158,
    2540,
    2165,
    2241,
    2428,
    2118,
    2173,
    2259,
    2188,
    2040,
    2061,
    2088,
    2112,
    2227,
    1921,
    1906,
    2043,
    2045,
    2043,
    2770,
    2378,
    1871,
    1751
  ],
  "frame_begin_times": [
    0,
    16706,
    33392,
    50073,
    66718,
    83376,
    99996,
    116724,
    133411,
    150378,
    166978,
    183626,
    200473,
    216966,
    234022,
    250447,
    267168,
    284583,
    300511,
    317104,
    333613,
    350564,
    419306,
    433631,
    450260,
    467006,
    484142,
    500312,
    516999,
    533905,
    550493,
    567088,
    583841,
    600298,
    616898,
    633806,
    650440,
    667293,
    684022,
    700342,
    716879,
    733998,
    750283,
    767033,
    783676,
    800508,
    816982,
    833610,
    866758,
    883648,
    900110,
    933256,
    949926,
    966580,
    983995,
    1000183,
    1016810,
    1033557,
    1050852,
    1067115,
    1083631,
    1100432,
    1117514,
    1133780,
    1150368,
    1167055,
    1183764,
    1200756,
    1217094,
    1233733,
    1250464,
    1267076,
    1283703,
    1446482,
    1466822,
    1483771,
    1500602,
    1517115,
    1533968,
    1550374,
    1567137,
    1584026,
    1600429,
    1617425,
    1633708,
    1650343,
    1667024,
    1684066,
    1700389,
    1717035,
    1733723,
    1750813,
    1767071,
    1783823,
    1800369,
    1816910,
    1833742,
    1850357,
    1867077,
    1883551,
    1900128,
    1916764,
    1933979,
    1950382,
    1967051,
    1983701,
    2000660,
    2017053,
    2033714,
    2050350,
    2067859,
    2083655,
    2100355,
    2117155,
    2133574,
    2150334,
    2166960,
    2183866,
    2200470,
    2217042,
    2233663,
    2250640,
    2267037,
    2283715,
    2300377
  ],
  "frame_rasterizer_begin_times": [
    0,
    3945,
    20582,
    37320,
    54032,
    70659,
    87524,
    104127,
    120887,
    137766,
    154071,
    170663,
    187332,
    204293,
    220847,
    237776,
    254270,
    270931,
    288485,
    304412,
    320980,
    337600,
    354473,
    429359,
    438683,
    454893,
    471974,
    488684,
    505247,
    521885,
    538778,
    555400,
    571901,
    588646,
    605133,
    621637,
    638662,
    654759,
    671927,
    688535,
    704597,
    721240,
    738468,
    754646,
    771318,
    788122,
    804906,
    821294,
    840978,
    875524,
    888647,
    930995,
    937234,
    953698,
    970447,
    988388,
    1004437,
    1021146,
    1038163,
    1055934,
    1071432,
    1088172,
    1104780,
    1122467,
    1138195,
    1154738,
    1171412,
    1188199,
    1205125,
    1221499,
    1238111,
    1254886,
    1271544,
    1290772,
    1456233,
    1471823,
    1488639,
    1505489,
    1522065,
    1538880,
    1554918,
    1572055,
    1588812,
    1605206,
    1622280,
    1638491,
    1655182,
    1671340,
    1688495,
    1704752,
    1721403,
    1738069,
    1755722,
    1771405,
    1788255,
    1804656,
    1821022,
    1838045,
    1858332,
    1871111,
    1893243,
    1905259,
    1921234,
    1938879,
    1955292,
    1971991,
    1988638,
    2005792,
    2021908,
    2038569,
    2055301,
    2072788,
    2088608,
    2104796,
    2121622,
    2137993,
    2154721,
    2171432,
    2188602,
    2204976,
    2221523,
    2238117,
    2255330,
    2271453,
    2288243,
    2308258
  ],
  "average_vsync_transitions_missed": 1.3333333333333333,
  "90th_percentile_vsync_transitions_missed": 2.0,
  "99th_percentile_vsync_transitions_missed": 2.0
}