{
  "average_frame_build_time_millis": 1.3629126984126978,
  "90th_percentile_frame_build_time_millis": 1.637,
  "99th_percentile_frame_build_time_millis": 7.83,
  "worst_frame_build_time_millis": 8.079,
  "missed_frame_build_budget_count": 0,
  "average_frame_rasterizer_time_millis": 2.4371904761904766,
  "90th_percentile_frame_rasterizer_time_millis": 2.428,
  "99th_percentile_frame_rasterizer_time_millis": 16.569,
  "worst_frame_rasterizer_time_millis": 37.221,
  "missed_frame_rasterizer_budget_count": 3,
  "frame_count": 126,
  "frame_rasterizer_count": 126,
  "frame_build_times": [
    565,
    356,
    457,
    432,
    572,
    608,
    593,
    820,
    962,
    175,
    315,
    300,
    346,
    460,
    430,
    555,
    499,
    482,
    489,
    435,
    483,
    448,
    7830,
    1628,
    1160,
    1523,
    1446,
    1555,
    1493,
    1431,
    1430,
    1620,
    1424,
    1525,
    1495,
    1153,
    960,
    1020,
    969,
    1028,
    955,
    1146,
    961,
    1056,
    963,
    1034,
    1028,
    4217,
    6873,
    1084,
    432,
    553,
    320,
    430,
    450,
    1032,
    944,
    1008,
    1212,
    1594,
    1640,
    1071,
    998,
    1083,
    1051,
    1050,
    1024,
    1298,
    1000,
    989,
    980,
    762,
    4123,
    6714,
    1665,
    1425,
    1492,
    1682,
    1599,
    1428,
    1435,
    1475,
    1432,
    1378,
    1408,
    1368,
    1446,
    989,
    979,
    970,
    983,
    929,
    964,
    993,
    953,
    959,
    996,
    984,
    4762,
    716,
    8079,
    2164,
    1084,
    1293,
    1084,
    1496,
    1476,
    1533,
    1459,
    1509,
    1637,
    1512,
    1515,
    1059,
    1071,
    1111,
    1050,
    808,
    1132,
    1134,
    1076,
    1070,
    1051,
    1082,
    1072,
    5213
  ],
  "frame_rasterizer_times": [
    16569,
    16484,
    265,
    303,
    362,
    402,
    406,
    491,
    1298,
    521,
    1172,
    1542,
    1401,
    1811,
    1765,
    2099,
    1813,
    1733,
    1725,
    1848,
    1725,
    1934,
    1704,
    2093,
    1885,
    2360,
    3002,
    2457,
    2246,
    2220,
    2251,
    2585,
    2265,
    2230,
    2198,
    1703,
    2133,
    2177,
    2359,
    2269,
    2119,
    2111,
    2385,
    2245,
    2212,
    2145,
    2428,
    1600,
    1843,
    37221,
    729,
    494,
    458,
    707,
    701,
    1580,
    1457,
    1615,
    1840,
    2615,
    2388,
    2283,
    2282,
    3888,
    2381,
    2223,
    2296,
    2711,
    2132,
    2310,
    2255,
    1913,
    2128,
    1706,
    1961,
    2514,
    2382,
    3506,
    2344,
    2299,
    2294,
    2327,
    2257,
    2233,
    2270,
    1785,
    2249,
    2180,
    2188,
    2331,
    2216,
    2282,
    2535,
    2275,
    2227,
    2242,
    2380,
    2292,
    1818,
    1570,
    1338,
    1847,
    1534,
    1626,
    1817,
    1758,
    1946,
    2074,
    1987,
    2044,
    2203,
    2117,
    2004,
    1911,
    2174,
    2056,
    1962,
    1477,
    2040,
    1915,
    1909,
    1866,
    1555,
    1869,
    1941,
    1952
  ],
  "frame_begin_times": [
    0,
    16701,
    33355,
    49980,
    66729,
    83408,
    100071,
    116687,
    133391,
    150024,
    166993,
    183696,
    200295,
    217146,
    233685,
    250503,
    267108,
    283757,
    300443,
    317185,
    333678,
    350503,
    416875,
    433696,
    450307,
    467089,
    483633,
    500614,
    517147,
    533648,
    550378,
    567331,
    583648,
    600392,
    617110,
    633625,
    650323,
    667130,
    683652,
    700744,
    717119,
    733821,
    750463,
    767090,
    783724,
    800322,
    817268,
    833730,
    866832,
    883465,
    900048,
    933374,
    950050,
    966780,
    983402,
    1000212,
    1016874,
    1033526,
    1050232,
    1067139,
    1083720,
    1100325,
    1116968,
    1133814,
    1150328,
    1167021,
    1183605,
    1200586,
    1216994,
    1233703,
    1250405,
    1266936,
    1283710,
    1316823,
    1333554,
    1350401,
    1366959,
    1383951,
    1400383,
    1416943,
    1433670,
    1450425,
    1466979,
    1483702,
    1500249,
    1517346,
    1533659,
    1550301,
    1567049,
    1583655,
    1600334,
    1616965,
    1633603,
    1650315,
    1667007,
    1683646,
    1700420,
    1716961,
    1733569,
    1766850,
    1783636,
    1800195,
    1816803,
    1833786,
    1850133,
    1866974,
    1883661,
    1900287,
    1917005,
    1933605,
    1950246,
    1966965,
    1983612,
    2000237,
    2017089,
    2033598,
    2050302,
    2066770,
    2083745,
    2100295,
    2116937,
    2133629,
    2150348,
    2166955,
    2183647,
    2200218
  ],
  "frame_rasterizer_begin_times": [
    0,
    16633,
    33225,
    49859,
    66783,
    83463,
    100120,
    117023,
    133807,
    149621,
    166765,
    183445,
    200083,
    217086,
    233618,
    250546,
    267111,
    283736,
    300360,
    317102,
    333637,
    350411,
    423917,
    434808,
    450854,
    468100,
    484547,
    501665,
    518149,
    534563,
    551291,
    568319,
    584505,
    601404,
    618108,
    634154,
    650796,
    667607,
    684072,
    701309,
    717551,
    734451,
    750914,
    767621,
    784187,
    800828,
    817782,
    837396,
    872788,
    883987,
    921367,
    933371,
    949812,
    966624,
    983323,
    1000678,
    1017253,
    1034009,
    1050862,
    1068224,
    1084848,
    1100852,
    1117454,
    1134369,
    1150846,
    1167537,
    1184128,
    1201233,
    1217476,
    1234176,
    1250913,
    1267163,
    1286809,
    1322703,
    1334663,
    1351306,
    1367931,
    1385014,
    1401292,
    1417857,
    1434578,
    1451389,
    1467878,
    1484547,
    1501123,
    1518177,
    1534503,
    1550773,
    1567461,
    1584122,
    1600789,
    1617378,
    1634056,
    1650805,
    1667452,
    1684060,
    1700922,
    1717426,
    1737697,
    1767039,
    1790936,
    1801781,
    1817328,
    1834470,
    1850668,
    1867919,
    1884594,
    1901309,
    1917944,
    1934505,
    1951370,
    1967957,
    1984563,
    2000767,
    2017700,
    2034159,
    2050838,
    2067018,
    2084328,
    2100875,
    2117512,
    2134173,
    2150798,
    2167472,
    2184189,
    2204321
  ],
  "average_vsync_transitions_missed": 1.2,
  "90th_percentile_vsync_transitions_missed": 2.0,
  "99th_percentile_vsync_transitions_missed": 2.0
}