{
  "average_frame_build_time_millis": 1.0187563025210082,
  "90th_percentile_frame_build_time_millis": 1.521,
  "99th_percentile_frame_build_time_millis": 5.507,
  "worst_frame_build_time_millis": 7.643,
  "missed_frame_build_budget_count": 0,
  "average_frame_rasterizer_time_millis": 1.7806166666666667,
  "90th_percentile_frame_rasterizer_time_millis": 2.265,
  "99th_percentile_frame_rasterizer_time_millis": 3.184,
  "worst_frame_rasterizer_time_millis": 33.949,
  "missed_frame_rasterizer_budget_count": 1,
  "frame_count": 119,
  "frame_rasterizer_count": 120,
  "frame_build_times": [
    607,
    874,
    1042,
    298,
    294,
    343,
    431,
    440,
    441,
    445,
    442,
    440,
    354,
    430,
    337,
    463,
    7643,
    1565,
    1046,
    1431,
    1442,
    1467,
    1361,
    1346,
    1972,
    1366,
    1369,
    1428,
    1429,
    1407,
    1024,
    934,
    953,
    947,
    946,
    998,
    1038,
    941,
    940,
    1066,
    961,
    3954,
    5507,
    947,
    550,
    497,
    503,
    513,
    423,
    516,
    517,
    611,
    485,
    616,
    564,
    478,
    442,
    441,
    525,
    474,
    470,
    449,
    521,
    441,
    633,
    439,
    1963,
    2572,
    771,
    549,
    638,
    574,
    648,
    510,
    636,
    575,
    630,
    564,
    626,
    535,
    577,
    426,
    476,
    516,
    476,
    393,
    424,
    432,
    425,
    429,
    453,
    390,
    1393,
    3104,
    919,
    887,
    952,
    887,
    959,
    1122,
    1499,
    1516,
    1521,
    1483,
    1626,
    1549,
    1534,
    1091,
    1124,
    1145,
    1070,
    1089,
    1109,
    1115,
    1077,
    1073,
    1081,
    1080,
    4802
  ],
  "frame_rasterizer_times": [
    355,
    361,
    614,
    539,
    1258,
    1410,
    1392,
    1747,
    1789,
    1861,
    1853,
    1762,
    1744,
    1511,
    1739,
    1425,
    1883,
    2167,
    1978,
    1874,
    2298,
    3184,
    2284,
    2344,
    2260,
    2091,
    2227,
    2265,
    2196,
    2350,
    2177,
    2247,
    2244,
    2289,
    2319,
    2235,
    2392,
    2295,
    2229,
    2184,
    2402,
    2298,
    1559,
    1745,
    33949,
    1558,
    907,
    757,
    866,
    794,
    909,
    962,
    1045,
    1061,
    1089,
    880,
    1023,
    980,
    1344,
    1323,
    1080,
    937,
    1498,
    1245,
    1014,
    1436,
    1044,
    1208,
    1053,
    1028,
    933,
    1135,
    1091,
    961,
    878,
    1021,
    889,
    951,
    926,
    1015,
    872,
    927,
    873,
    1015,
    1155,
    943,
    845,
    1006,
    865,
    925,
    1027,
    976,
    891,
    758,
    740,
    718,
    1242,
    1189,
    1446,
    1304,
    1579,
    2135,
    2128,
    2023,
    2025,
    2169,
    2086,
    1978,
    1978,
    2183,
    2079,
    1948,
    1965,
    2220,
    1975,
    2001,
    2005,
    1630,
    1927,
    1757
  ],
  "frame_begin_times": [
    0,
    16671,
    33330,
    50325,
    66970,
    83474,
    100323,
    116996,
    133818,
    150350,
    166987,
    183676,
    200436,
    216999,
    233499,
    250359,
    316821,
    333496,
    350181,
    366985,
    383721,
    400254,
    416938,
    433620,
    450425,
    467020,
    483651,
    500253,
    517113,
    533644,
    550305,
    566936,
    583653,
    600288,
    616918,
    633659,
    650313,
    666920,
    683632,
    700460,
    716982,
    733624,
    766895,
    783503,
    800007,
    833437,
    849991,
    866561,
    883351,
    900072,
    916683,
    933321,
    949935,
    966731,
    983306,
    1000021,
    1016575,
    1033305,
    1050043,
    1066757,
    1083274,
    1100018,
    1116783,
    1133326,
    1150088,
    1166649,
    1183398,
    1219603,
    1233347,
    1249904,
    1266601,
    1283309,
    1300035,
    1316651,
    1333280,
    1349886,
    1366634,
    1383322,
    1400078,
    1416582,
    1433349,
    1449949,
    1466600,
    1483254,
    1499958,
    1516634,
    1533349,
    1549904,
    1566698,
    1583224,
    1599946,
    1616637,
    1633313,
    1649819,
    1666519,
    1683475,
    1700071,
    1716725,
    1733365,
    1750184,
    1766815,
    1783499,
    1800324,
    1816930,
    1833552,
    1850295,
    1866909,
    1883469,
    1900491,
    1916916,
    1933580,
    1950222,
    1967032,
    1983598,
    2000272,
    2016795,
    2033638,
    2050173,
    2066919
  ],
  "frame_rasterizer_begin_times": [
    0,
    16633,
    33486,
    50373,
    66598,
    83204,
    99794,
    116747,
    133459,
    150272,
    166811,
    183361,
    200122,
    216765,
    233457,
    249844,
    266816,
    340058,
    351030,
    367182,
    384415,
    401184,
    417761,
    434298,
    450994,
    468419,
    484380,
    501034,
    517644,
    534581,
    551084,
    567209,
    583875,
    600600,
    617231,
    633850,
    650631,
    667335,
    683870,
    700568,
    717425,
    733974,
    753555,
    788055,
    800731,
    834788,
    849878,
    866442,
    883013,
    899712,
    916538,
    933188,
    949876,
    966445,
    983290,
    999831,
    1016443,
    1032963,
    1049691,
    1066522,
    1083204,
    1099688,
    1116446,
    1133268,
    1149707,
    1166704,
    1183029,
    1201151,
    1238002,
    1250064,
    1266398,
    1283264,
    1299829,
    1316629,
    1333107,
    1349858,
    1366407,
    1383209,
    1399835,
    1416649,
    1433064,
    1449870,
    1466322,
    1483022,
    1499787,
    1516380,
    1532982,
    1549798,
    1566283,
    1583067,
    1599677,
    1616345,
    1633076,
    1650644,
    1668728,
    1683387,
    1700324,
    1716984,
    1733570,
    1750297,
    1767237,
    1784326,
    1801026,
    1817749,
    1834449,
    1851190,
    1867866,
    1884458,
    1900530,
    1917613,
    1934017,
    1950667,
    1967314,
    1984218,
    2000683,
    2017345,
    2033888,
    2050638,
    2067256,
    2087313
  ],
  "average_vsync_transitions_missed": 1.3333333333333333,
  "90th_percentile_vsync_transitions_missed": 2.0,
  "99th_percentile_vsync_transitions_missed": 2.0
}