{
  "average_frame_build_time_millis": 1.3247680000000002,
  "90th_percentile_frame_build_time_millis": 1.553,
  "99th_percentile_frame_build_time_millis": 6.621,
  "worst_frame_build_time_millis": 7.673,
  "missed_frame_build_budget_count": 0,
  "average_frame_rasterizer_time_millis": 2.235784000000001,
  "90th_percentile_frame_rasterizer_time_millis": 2.386,
  "99th_percentile_frame_rasterizer_time_millis": 3.75,
  "worst_frame_rasterizer_time_millis": 42.304,
  "missed_frame_rasterizer_budget_count": 1,
  "frame_count": 125,
  "frame_rasterizer_count": 125,
  "frame_build_times": [
    940,
    445,
    562,
    526,
    806,
    746,
    738,
    1006,
    927,
    295,
    290,
    350,
    441,
    410,
    426,
    453,
    422,
    431,
    435,
    439,
    424,
    335,
    7673,
    1401,
    965,
    1234,
    1420,
    1456,
    1470,
    1401,
    1353,
    1525,
    1356,
    1374,
    1381,
    1008,
    936,
    960,
    956,
    1013,
    909,
    948,
    1012,
    1007,
    958,
    899,
    959,
    4196,
    5431,
    1306,
    746,
    506,
    317,
    463,
    449,
    933,
    1000,
    1150,
    1491,
    1645,
    1636,
    980,
    991,
    1045,
    1025,
    1007,
    970,
    1015,
    1308,
    987,
    963,
    1003,
    4247,
    6621,
    1553,
    1421,
    1520,
    1462,
    1446,
    1563,
    1446,
    1491,
    1515,
    1365,
    1450,
    1067,
    1415,
    982,
    970,
    993,
    945,
    970,
    1010,
    964,
    977,
    943,
    982,
    1011,
    4523,
    6127,
    1769,
    871,
    1109,
    976,
    1057,
    1493,
    1461,
    1504,
    1476,
    1488,
    1475,
    1499,
    1490,
    1081,
    1219,
    1068,
    1067,
    1047,
    1091,
    1068,
    1109,
    1050,
    1164,
    1077,
    4924
  ],
  "frame_rasterizer_times": [
    517,
    477,
    323,
    630,
    693,
    427,
    778,
    530,
    568,
    1213,
    1179,
    1654,
    1768,
    1778,
    1795,
    2079,
    1768,
    1777,
    1748,
    1903,
    1915,
    1501,
    1694,
    2214,
    1620,
    2218,
    3750,
    2386,
    2217,
    2278,
    2216,
    1876,
    2231,
    2183,
    2235,
    2292,
    2150,
    2139,
    2321,
    2263,
    2187,
    2205,
    2374,
    2299,
    2158,
    2160,
    2147,
    1635,
    1643,
    42304,
    666,
    658,
    484,
    739,
    794,
    1698,
    1637,
    1834,
    1959,
    2653,
    2456,
    2329,
    2315,
    2965,
    2338,
    2295,
    2365,
    2323,
    2318,
    2360,
    2410,
    2455,
    2123,
    1773,
    1944,
    2076,
    2435,
    3306,
    2407,
    2238,
    2302,
    2155,
    2266,
    2199,
    2234,
    1866,
    2354,
    2178,
    2281,
    2262,
    2188,
    2321,
    2446,
    2307,
    2189,
    2187,
    2426,
    2203,
    1598,
    1229,
    1657,
    1391,
    1545,
    1602,
    1520,
    2039,
    2017,
    2081,
    1996,
    2025,
    2219,
    2124,
    1995,
    1877,
    2119,
    2073,
    1994,
    1886,
    1863,
    1939,
    1940,
    1888,
    2025,
    1963,
    1735
  ],
  "frame_begin_times": [
    0,
    16579,
    33283,
    49944,
    66628,
    83250,
    99911,
    116662,
    133248,
    150155,
    166815,
    183751,
    200333,
    216952,
    233596,
    250634,
    266966,
    283639,
    300332,
    316947,
    333658,
    350180,
    416720,
    433582,
    450047,
    466799,
    483644,
    500540,
    516928,
    533609,
    550280,
    567037,
    583604,
    600339,
    617026,
    633702,
    650268,
    667020,
    683547,
    700259,
    716986,
    733628,
    750469,
    766958,
    783602,
    800292,
    817445,
    833616,
    866686,
    883506,
    900020,
    933241,
    949895,
    966579,
    983286,
    1000194,
    1016764,
    1033490,
    1050081,
    1067032,
    1083671,
    1100236,
    1116946,
    1133798,
    1150261,
    1166941,
    1183620,
    1200288,
    1217031,
    1233595,
    1250298,
    1267006,
    1283574,
    1316788,
    1333458,
    1350235,
    1366947,
    1383732,
    1400207,
    1416891,
    1433539,
    1450446,
    1466938,
    1483605,
    1500124,
    1516893,
    1533599,
    1550248,
    1566869,
    1583660,
    1600250,
    1616859,
    1633624,
    1650306,
    1666976,
    1683562,
    1700344,
    1716921,
    1733512,
    1767563,
    1783397,
    1800042,
    1816769,
    1833362,
    1849974,
    1866984,
    1883549,
    1900301,
    1916834,
    1933538,
    1950293,
    1966902,
    1983555,
    2000207,
    2016964,
    2033571,
    2050202,
    2066839,
    2083708,
    2100187,
    2116872,
    2133462,
    2150284,
    2166839,
    2183559
  ],
  "frame_rasterizer_begin_times": [
    0,
    16081,
    32932,
    49539,
    66526,
    83031,
    99781,
    116812,
    133243,
    149529,
    166164,
    183115,
    199895,
    216476,
    233137,
    250220,
    266482,
    283184,
    299871,
    316484,
    333168,
    349599,
    423239,
    434078,
    450088,
    467057,
    484192,
    501106,
    517503,
    534119,
    550742,
    567684,
    583960,
    600845,
    617533,
    633808,
    650294,
    667078,
    683616,
    700366,
    717013,
    733615,
    750647,
    767082,
    783691,
    800283,
    817546,
    836875,
    870947,
    883880,
    926245,
    932783,
    949247,
    966085,
    982776,
    1000192,
    1016840,
    1033727,
    1050693,
    1067745,
    1084391,
    1100334,
    1117019,
    1133927,
    1150337,
    1167033,
    1183683,
    1200412,
    1217497,
    1233698,
    1250363,
    1267103,
    1286428,
    1322217,
    1334072,
    1350743,
    1367520,
    1384307,
    1400760,
    1417494,
    1434093,
    1451049,
    1467515,
    1484077,
    1500526,
    1517132,
    1534103,
    1550301,
    1566944,
    1583759,
    1600304,
    1616916,
    1633746,
    1650402,
    1667088,
    1683595,
    1700431,
    1717056,
    1737115,
    1772616,
    1784206,
    1799973,
    1816860,
    1833406,
    1850116,
    1867580,
    1884115,
    1900899,
    1917401,
    1934124,
    1950828,
    1967509,
    1984151,
    2000381,
    2017230,
    2033734,
    2050355,
    2066977,
    2083889,
    2100334,
    2117070,
    2133609,
    2150514,
    2167022,
    2187154
  ],
  "average_vsync_transitions_missed": 1.3333333333333333,
  "90th_percentile_vsync_transitions_missed": 2.0,
  "99th_percentile_vsync_transitions_missed": 2.0
}