{
  "average_frame_build_time_millis": 1.3215440000000005,
  "90th_percentile_frame_build_time_millis": 1.61,
  "99th_percentile_frame_build_time_millis": 7.439,
  "worst_frame_build_time_millis": 7.467,
  "missed_frame_build_budget_count": 0,
  "average_frame_rasterizer_time_millis": 4.901119047619047,
  "90th_percentile_frame_rasterizer_time_millis": 16.611,
  "99th_percentile_frame_rasterizer_time_millis": 18.487,
  "worst_frame_rasterizer_time_millis": 40.739,
  "missed_frame_rasterizer_budget_count": 22,
  "frame_count": 125,
  "frame_rasterizer_count": 126,
  "frame_build_times": [
    445,
    564,
    568,
    769,
    911,
    783,
    1038,
    1031,
    302,
    388,
    342,
    443,
    503,
    508,
    417,
    366,
    499,
    468,
    460,
    479,
    576,
    7467,
    1245,
    1061,
    1118,
    1403,
    1421,
    1763,
    1357,
    1444,
    1437,
    1122,
    1419,
    1468,
    1473,
    1045,
    1026,
    1009,
    998,
    1017,
    980,
    983,
    981,
    972,
    943,
    963,
    3691,
    4687,
    1236,
    721,
    544,
    304,
    423,
    406,
    968,
    987,
    1163,
    1871,
    1539,
    1552,
    991,
    1395,
    1000,
    985,
    1000,
    779,
    979,
    965,
    984,
    1021,
    993,
    4152,
    5159,
    1528,
    1404,
    1513,
    1484,
    1369,
    1427,
    1471,
    1417,
    1382,
    1412,
    1069,
    1427,
    1126,
    968,
    983,
    1048,
    968,
    987,
    1018,
    956,
    940,
    1138,
    972,
    958,
    4148,
    651,
    7439,
    2142,
    1149,
    1506,
    1477,
    1610,
    1533,
    1475,
    1442,
    1500,
    1613,
    1447,
    1467,
    1110,
    812,
    1054,
    1048,
    1112,
    1125,
    1056,
    1060,
    1081,
    1050,
    834,
    1045,
    4772
  ],
  "frame_rasterizer_times": [
    16725,
    16431,
    16503,
    16863,
    16635,
    16136,
    16668,
    16094,
    16807,
    16279,
    16829,
    18487,
    15130,
    16398,
    16653,
    16734,
    16689,
    16361,
    16498,
    16611,
    16591,
    16722,
    1675,
    1996,
    2074,
    1813,
    3677,
    2282,
    1767,
    2234,
    2246,
    2272,
    1867,
    2217,
    2250,
    2149,
    2297,
    2223,
    2174,
    2349,
    1748,
    2126,
    2170,
    2452,
    2286,
    2135,
    2206,
    1369,
    1611,
    40739,
    791,
    521,
    498,
    729,
    691,
    1552,
    1651,
    1862,
    2550,
    2460,
    2405,
    2466,
    2131,
    3284,
    2595,
    2301,
    1944,
    2296,
    2311,
    2321,
    2408,
    2303,
    2080,
    1482,
    1923,
    1939,
    2659,
    2990,
    2266,
    2262,
    2683,
    2258,
    2260,
    2342,
    1811,
    2309,
    1730,
    2311,
    2325,
    2292,
    2255,
    2522,
    2335,
    2255,
    2241,
    2404,
    2225,
    2208,
    1664,
    1287,
    1310,
    1721,
    1630,
    2070,
    2297,
    2110,
    2100,
    2010,
    2025,
    2227,
    1786,
    2000,
    1983,
    2767,
    1572,
    1947,
    1983,
    2149,
    1922,
    1888,
    1933,
    2110,
    1954,
    1542,
    2056,
    1813
  ],
  "frame_begin_times": [
    0,
    16704,
    33378,
    50044,
    66733,
    83411,
    100115,
    116740,
    133758,
    150240,
    166959,
    184311,
    200441,
    217098,
    233795,
    250923,
    267154,
    283777,
    300434,
    317131,
    333745,
    400180,
    416914,
    433664,
    450295,
    467034,
    483741,
    500661,
    516994,
    533779,
    550432,
    567199,
    583873,
    600413,
    617042,
    633780,
    650318,
    667039,
    683722,
    700425,
    717048,
    733705,
    750694,
    767081,
    783768,
    800378,
    817213,
    886049,
    900272,
    916763,
    950013,
    966701,
    983366,
    999991,
    1016927,
    1033631,
    1050280,
    1067529,
    1083691,
    1100435,
    1117042,
    1133850,
    1150333,
    1167051,
    1183668,
    1200292,
    1216937,
    1233696,
    1250329,
    1267193,
    1283706,
    1300354,
    1333389,
    1350246,
    1366949,
    1383807,
    1400384,
    1417020,
    1433643,
    1450511,
    1467062,
    1483678,
    1500354,
    1516893,
    1533748,
    1550246,
    1566888,
    1583757,
    1600406,
    1617021,
    1633812,
    1650366,
    1667075,
    1683681,
    1700557,
    1717039,
    1733688,
    1750232,
    1783521,
    1800143,
    1816860,
    1833564,
    1850349,
    1867002,
    1883597,
    1900377,
    1916866,
    1933656,
    1950468,
    1967148,
    1983574,
    2000296,
    2017212,
    2033484,
    2050310,
    2066999,
    2083924,
    2100317,
    2116995,
    2133631,
    2150386,
    2166986,
    2183535,
    2200297,
    2217020
  ],
  "frame_rasterizer_begin_times": [
    0,
    16821,
    33373,
    49958,
    66890,
    83668,
    100301,
    117264,
    133895,
    150743,
    167062,
    183941,
    202563,
    217827,
    234338,
    251073,
    267861,
    284630,
    301082,
    317668,
    334361,
    351040,
    423420,
    434197,
    450691,
    467479,
    484457,
    501233,
    518440,
    534429,
    551306,
    567876,
    584373,
    601402,
    617972,
    634605,
    650898,
    667313,
    684144,
    700795,
    717487,
    734103,
    750791,
    767759,
    784112,
    800782,
    817422,
    836956,
    906565,
    917506,
    958334,
    966608,
    983022,
    999849,
    1016525,
    1033943,
    1050683,
    1067543,
    1085461,
    1101315,
    1118056,
    1134102,
    1151300,
    1167409,
    1184070,
    1200720,
    1217148,
    1233982,
    1250663,
    1267404,
    1284342,
    1300799,
    1320123,
    1354361,
    1367844,
    1384439,
    1401409,
    1417978,
    1434493,
    1451157,
    1468050,
    1484544,
    1501150,
    1517830,
    1534004,
    1551185,
    1567406,
    1583926,
    1600816,
    1617538,
    1634078,
    1650910,
    1667487,
    1684125,
    1700696,
    1717790,
    1734117,
    1750750,
    1770429,
    1800215,
    1823433,
    1835027,
    1850727,
    1867973,
    1884582,
    1901299,
    1917999,
    1934406,
    1951177,
    1967961,
    1984728,
    2001122,
    2017837,
    2034420,
    2050316,
    2067451,
    2084141,
    2101185,
    2117533,
    2134135,
    2150792,
    2167533,
    2184107,
    2200370,
    2217416,
    2237442
  ],
  "average_vsync_transitions_missed": 1.04,
  "90th_percentile_vsync_transitions_missed": 1.0,
  "99th_percentile_vsync_transitions_missed": 2.0
}