{
  "average_frame_build_time_millis": 1.3648399999999994,
  "90th_percentile_frame_build_time_millis": 1.802,
  "99th_percentile_frame_build_time_millis": 6.79,
  "worst_frame_build_time_millis": 7.964,
  "missed_frame_build_budget_count": 0,
  "average_frame_rasterizer_time_millis": 4.717728,
  "90th_percentile_frame_rasterizer_time_millis": 16.556,
  "99th_percentile_frame_rasterizer_time_millis": 17.232,
  "worst_frame_rasterizer_time_millis": 43.546,
  "missed_frame_rasterizer_budget_count": 18,
  "frame_count": 125,
  "frame_rasterizer_count": 125,
  "frame_build_times": [
    1802,
    870,
    548,
    534,
    556,
    775,
    698,
    973,
    964,
    310,
    263,
    309,
    332,
    427,
    434,
    441,
    434,
    457,
    481,
    450,
    428,
    433,
    6500,
    2074,
    1403,
    1409,
    1375,
    1457,
    1433,
    1378,
    1386,
    1206,
    1374,
    1415,
    1398,
    1092,
    963,
    952,
    928,
    977,
    951,
    929,
    967,
    977,
    931,
    941,
    971,
    4108,
    5864,
    1731,
    790,
    511,
    326,
    416,
    410,
    1044,
    1001,
    1038,
    1464,
    2043,
    1596,
    985,
    1025,
    1092,
    1022,
    984,
    983,
    1450,
    975,
    765,
    1035,
    3681,
    6790,
    1240,
    1127,
    1475,
    1503,
    1530,
    1500,
    1467,
    1456,
    1847,
    1551,
    1501,
    1483,
    1608,
    975,
    1027,
    973,
    799,
    972,
    959,
    954,
    998,
    959,
    948,
    993,
    4372,
    820,
    7964,
    2188,
    1084,
    1606,
    1364,
    1519,
    1552,
    1471,
    1360,
    1575,
    1437,
    1644,
    1614,
    1064,
    1058,
    1118,
    1132,
    1099,
    1041,
    1143,
    1082,
    1120,
    1146,
    858,
    1146,
    4748
  ],
  "frame_rasterizer_times": [
    1265,
    696,
    361,
    622,
    542,
    435,
    727,
    511,
    543,
    1144,
    1201,
    1575,
    1397,
    1752,
    1749,
    1807,
    1786,
    1816,
    2102,
    1908,
    1769,
    1875,
    1629,
    2741,
    2490,
    2461,
    3672,
    2435,
    2276,
    2202,
    2223,
    1997,
    2299,
    1977,
    2218,
    2233,
    2208,
    2248,
    2149,
    2311,
    2181,
    2171,
    2405,
    2352,
    2191,
    2278,
    2291,
    1738,
    1695,
    43546,
    693,
    16343,
    16832,
    16572,
    17232,
    16875,
    16111,
    17153,
    17027,
    15562,
    16208,
    16556,
    17143,
    16766,
    15878,
    16821,
    17080,
    15799,
    16351,
    17183,
    16039,
    14691,
    1546,
    2067,
    1978,
    1882,
    3147,
    2813,
    2317,
    2375,
    2498,
    2487,
    2459,
    2249,
    2419,
    1778,
    2254,
    2186,
    2441,
    2289,
    2145,
    2847,
    2375,
    2327,
    2465,
    2149,
    2573,
    1596,
    1375,
    1293,
    1805,
    1541,
    1981,
    1886,
    2019,
    2039,
    2000,
    2126,
    1979,
    2077,
    2181,
    2031,
    1947,
    1932,
    2095,
    2018,
    1895,
    1990,
    1731,
    1920,
    1865,
    1863,
    1544,
    1989,
    1817
  ],
  "frame_begin_times": [
    0,
    66522,
    83256,
    99876,
    116548,
    133227,
    149922,
    166600,
    183236,
    200243,
    216763,
    233611,
    250240,
    267029,
    283600,
    300691,
    316939,
    333627,
    350378,
    367209,
    383603,
    400355,
    466727,
    483674,
    500379,
    516974,
    533645,
    550563,
    566967,
    583522,
    600310,
    617184,
    633651,
    650243,
    666884,
    683473,
    700238,
    716899,
    733590,
    750352,
    766924,
    783550,
    800390,
    816886,
    833594,
    850264,
    867116,
    883633,
    916708,
    933688,
    949985,
    983324,
    999941,
    1016537,
    1033251,
    1050152,
    1066750,
    1083321,
    1100120,
    1117250,
    1133633,
    1150202,
    1166875,
    1183947,
    1200268,
    1216844,
    1233618,
    1250563,
    1266831,
    1283561,
    1300455,
    1316920,
    1350291,
    1366736,
    1383517,
    1400399,
    1416837,
    1434025,
    1450322,
    1466901,
    1483667,
    1500620,
    1516880,
    1533436,
    1550330,
    1567263,
    1583539,
    1600192,
    1616959,
    1633600,
    1650073,
    1666880,
    1683565,
    1700389,
    1716890,
    1733581,
    1750414,
    1766960,
    1800214,
    1816995,
    1833435,
    1850062,
    1866857,
    1883563,
    1900185,
    1916874,
    1933484,
    1950073,
    1966834,
    1983503,
    2000207,
    2016872,
    2033515,
    2050147,
    2066974,
    2083564,
    2100207,
    2116731,
    2133778,
    2150177,
    2166845,
    2183576,
    2200418,
    2216836,
    2233585
  ],
  "frame_rasterizer_begin_times": [
    0,
    16831,
    33228,
    49852,
    66564,
    83458,
    100075,
    117076,
    133654,
    149980,
    166454,
    183379,
    200018,
    216931,
    233495,
    250619,
    266846,
    283553,
    300343,
    317120,
    333516,
    350245,
    422375,
    435233,
    451259,
    467843,
    484488,
    501494,
    517900,
    534287,
    551170,
    567725,
    584446,
    601148,
    617757,
    634003,
    650674,
    667349,
    683938,
    700794,
    717311,
    733939,
    750838,
    767341,
    783998,
    800684,
    817557,
    837188,
    871759,
    884895,
    928506,
    933269,
    949672,
    966606,
    983247,
    1000580,
    1017497,
    1033885,
    1051123,
    1068967,
    1084674,
    1100992,
    1117610,
    1134824,
    1151673,
    1167658,
    1184549,
    1201691,
    1217595,
    1234007,
    1251274,
    1269587,
    1306324,
    1317424,
    1334092,
    1351326,
    1367723,
    1385076,
    1401301,
    1417846,
    1434553,
    1451904,
    1467794,
    1484303,
    1501251,
    1518337,
    1533988,
    1550682,
    1567408,
    1583839,
    1600503,
    1617315,
    1633996,
    1650778,
    1667329,
    1684002,
    1700905,
    1720765,
    1750522,
    1774205,
    1785039,
    1800536,
    1817912,
    1834352,
    1851175,
    1867823,
    1884427,
    1900909,
    1917856,
    1934398,
    1951352,
    1967850,
    1984100,
    2000709,
    2017521,
    2034183,
    2050755,
    2067228,
    2084415,
    2100723,
    2117403,
    2134156,
    2150722,
    2167378,
    2187367
  ],
  "average_vsync_transitions_missed": 1.12,
  "90th_percentile_vsync_transitions_missed": 1.0,
  "99th_percentile_vsync_transitions_missed": 3.0
}