{
  "average_frame_build_time_millis": 1.0681239669421485,
  "90th_percentile_frame_build_time_millis": 1.558,
  "99th_percentile_frame_build_time_millis": 5.477,
  "worst_frame_build_time_millis": 6.236,
  "missed_frame_build_budget_count": 0,
  "average_frame_rasterizer_time_millis": 1.896483606557377,
  "90th_percentile_frame_rasterizer_time_millis": 2.483,
  "99th_percentile_frame_rasterizer_time_millis": 3.301,
  "worst_frame_rasterizer_time_millis": 27.838,
  "missed_frame_rasterizer_budget_count": 1,
  "frame_count": 121,
  "frame_rasterizer_count": 122,
  "frame_build_times": [
    668,
    617,
    644,
    1054,
    273,
    269,
    351,
    445,
    453,
    463,
    446,
    441,
    446,
    435,
    440,
    311,
    293,
    3141,
    1361,
    627,
    876,
    476,
    527,
    518,
    527,
    512,
    556,
    545,
    583,
    474,
    551,
    418,
    417,
    528,
    452,
    655,
    439,
    416,
    422,
    603,
    436,
    540,
    1333,
    1951,
    457,
    388,
    427,
    304,
    297,
    343,
    428,
    425,
    997,
    1007,
    1132,
    1153,
    1522,
    1020,
    981,
    1012,
    1015,
    1016,
    980,
    978,
    1017,
    1016,
    1193,
    779,
    2418,
    6236,
    1597,
    1121,
    1492,
    1408,
    1464,
    1071,
    1357,
    1378,
    1360,
    1451,
    1395,
    1358,
    1457,
    794,
    970,
    954,
    1140,
    983,
    1049,
    946,
    999,
    1029,
    965,
    951,
    3334,
    5477,
    1782,
    1128,
    1464,
    1469,
    1608,
    1597,
    1434,
    1446,
    1747,
    1536,
    1450,
    1558,
    1407,
    1056,
    1084,
    1070,
    833,
    1054,
    1080,
    1094,
    1105,
    1070,
    1085,
    1150,
    3962
  ],
  "frame_rasterizer_times": [
    393,
    449,
    386,
    373,
    542,
    1153,
    1028,
    1367,
    2016,
    1880,
    1780,
    1765,
    1988,
    1840,
    1871,
    1880,
    1901,
    1350,
    1364,
    1403,
    1045,
    1337,
    1006,
    803,
    942,
    887,
    841,
    941,
    984,
    910,
    864,
    917,
    954,
    957,
    1248,
    999,
    1328,
    1013,
    1389,
    981,
    1470,
    1036,
    1261,
    855,
    914,
    27838,
    907,
    410,
    472,
    476,
    504,
    704,
    690,
    1613,
    1660,
    1846,
    1844,
    2483,
    2544,
    2342,
    2911,
    2582,
    2401,
    2286,
    2298,
    2455,
    2330,
    3301,
    1852,
    1587,
    1566,
    1871,
    1900,
    2514,
    2876,
    2469,
    1639,
    2278,
    2306,
    2742,
    2463,
    2280,
    2375,
    2581,
    1766,
    2055,
    2911,
    2529,
    2284,
    2245,
    2570,
    2448,
    2076,
    2411,
    2414,
    1546,
    1175,
    1506,
    1649,
    1594,
    2401,
    2184,
    2070,
    2009,
    1997,
    2180,
    2063,
    1950,
    2047,
    1639,
    1960,
    1929,
    1928,
    1679,
    2020,
    1905,
    2073,
    2014,
    1934,
    1887,
    2208,
    1308
  ],
  "frame_begin_times": [
    0,
    16680,
    33320,
    50062,
    66981,
    83551,
    100244,
    117190,
    133756,
    150391,
    167108,
    183887,
    200427,
    217059,
    233725,
    250270,
    266899,
    333482,
    350251,
    366833,
    383433,
    400335,
    416738,
    433420,
    450024,
    466807,
    483439,
    500100,
    516788,
    533429,
    550173,
    566730,
    583418,
    600220,
    616814,
    633570,
    650154,
    666699,
    683427,
    700153,
    716815,
    733507,
    750067,
    784539,
    799988,
    816700,
    833412,
    849933,
    866617,
    883318,
    900008,
    916590,
    933500,
    950162,
    966838,
    983558,
    1000247,
    1017003,
    1033731,
    1050291,
    1067026,
    1083697,
    1100277,
    1116825,
    1133711,
    1150240,
    1166964,
    1183453,
    1200069,
    1233636,
    1250161,
    1266829,
    1283539,
    1300284,
    1316991,
    1333500,
    1350181,
    1366870,
    1383577,
    1400314,
    1416982,
    1433665,
    1450365,
    1466830,
    1483577,
    1500259,
    1517201,
    1533733,
    1550290,
    1566926,
    1583775,
    1600228,
    1616948,
    1633626,
    1650237,
    1684334,
    1700069,
    1716858,
    1733606,
    1750157,
    1766981,
    1783632,
    1800095,
    1816846,
    1833909,
    1850304,
    1866909,
    1883577,
    1900365,
    1916845,
    1933493,
    1950210,
    1966861,
    1983560,
    2000248,
    2016868,
    2033626,
    2050231,
    2066927,
    2083606,
    2100260
  ],
  "frame_rasterizer_begin_times": [
    0,
    16731,
    33416,
    50065,
    67237,
    83337,
    99900,
    116711,
    133768,
    150326,
    166948,
    183626,
    200455,
    217007,
    233545,
    250294,
    266659,
    283279,
    352501,
    367699,
    383525,
    400384,
    416890,
    433363,
    450101,
    466617,
    483391,
    500060,
    516712,
    533435,
    549968,
    566788,
    583217,
    599899,
    616829,
    633328,
    650310,
    666657,
    683276,
    699916,
    716855,
    733316,
    750132,
    767523,
    802476,
    816561,
    844506,
    849936,
    866300,
    883008,
    899758,
    916554,
    933139,
    950595,
    967275,
    984067,
    1000784,
    1017923,
    1034181,
    1050847,
    1067435,
    1084173,
    1100845,
    1117393,
    1133935,
    1150961,
    1167433,
    1184145,
    1200281,
    1218356,
    1255786,
    1267797,
    1284026,
    1301113,
    1317775,
    1334582,
    1350691,
    1367671,
    1384285,
    1401076,
    1417845,
    1434515,
    1451237,
    1467978,
    1483721,
    1500679,
    1517363,
    1534430,
    1550859,
    1567518,
    1584009,
    1600819,
    1617393,
    1634047,
    1650714,
    1669663,
    1705762,
    1717855,
    1734090,
    1751187,
    1767739,
    1784606,
    1801311,
    1817574,
    1834425,
    1851705,
    1867978,
    1884488,
    1901161,
    1917894,
    1934018,
    1950708,
    1967418,
    1983784,
    2000826,
    2017446,
    2034099,
    2050905,
    2067443,
    2084077,
    2100780,
    2119968
  ],
  "average_vsync_transitions_missed": 1.0,
  "90th_percentile_vsync_transitions_missed": 1.0,
  "99th_percentile_vsync_transitions_missed": 1.0
}