{
  "average_frame_build_time_millis": 1.2993968253968255,
  "90th_percentile_frame_build_time_millis": 1.625,
  "99th_percentile_frame_build_time_millis": 5.688,
  "worst_frame_build_time_millis": 6.724,
  "missed_frame_build_budget_count": 0,
  "average_frame_rasterizer_time_millis": 2.26252,
  "90th_percentile_frame_rasterizer_time_millis": 2.456,
  "99th_percentile_frame_rasterizer_time_millis": 3.86,
  "worst_frame_rasterizer_time_millis": 41.695,
  "missed_frame_rasterizer_budget_count": 1,
  "frame_count": 126,
  "frame_rasterizer_count": 125,
  "frame_build_times": [
    1593,
    913,
    475,
    569,
    576,
    742,
    702,
    715,
    993,
    172,
    304,
    295,
    360,
    305,
    465,
    412,
    469,
    447,
    465,
    372,
    426,
    461,
    6724,
    1977,
    1433,
    1576,
    1390,
    1625,
    1442,
    1370,
    1390,
    2070,
    1386,
    1334,
    1369,
    1450,
    914,
    916,
    893,
    972,
    903,
    938,
    978,
    979,
    903,
    930,
    976,
    4150,
    4587,
    1311,
    767,
    536,
    306,
    408,
    468,
    945,
    1034,
    1122,
    1130,
    1197,
    1201,
    1000,
    996,
    1012,
    999,
    968,
    968,
    1158,
    979,
    971,
    984,
    998,
    3789,
    5498,
    1560,
    1370,
    1482,
    1403,
    1463,
    1384,
    1382,
    1576,
    1429,
    1470,
    1431,
    1864,
    1459,
    945,
    982,
    1002,
    966,
    928,
    987,
    992,
    969,
    987,
    1010,
    1028,
    4461,
    716,
    5688,
    1774,
    1064,
    1481,
    1468,
    1488,
    1454,
    1453,
    1143,
    1430,
    1553,
    1550,
    1074,
    1385,
    1181,
    1112,
    1084,
    1032,
    1083,
    942,
    734,
    815,
    1165,
    1072,
    1033,
    4669
  ],
  "frame_rasterizer_times": [
    721,
    337,
    626,
    549,
    413,
    774,
    391,
    556,
    618,
    1499,
    1443,
    1327,
    1229,
    1718,
    1717,
    1777,
    1751,
    1700,
    1448,
    1705,
    1830,
    1587,
    2501,
    2555,
    2513,
    3860,
    2705,
    2291,
    2301,
    2333,
    2356,
    2311,
    2377,
    2726,
    2425,
    2257,
    2164,
    2385,
    2430,
    2086,
    2242,
    2652,
    2311,
    2161,
    2380,
    2456,
    1532,
    1764,
    41695,
    730,
    525,
    476,
    701,
    727,
    1657,
    1674,
    1718,
    1857,
    2004,
    1872,
    2423,
    2301,
    3325,
    2417,
    2399,
    2317,
    1983,
    2302,
    2274,
    2346,
    2424,
    1648,
    1812,
    1911,
    2436,
    2357,
    3190,
    2346,
    2295,
    2244,
    2236,
    2232,
    2374,
    2264,
    2331,
    2142,
    2232,
    2181,
    2287,
    2226,
    2150,
    2390,
    2364,
    2213,
    2174,
    2514,
    2289,
    1726,
    1877,
    1156,
    1506,
    1494,
    2061,
    2307,
    1968,
    1988,
    2106,
    1558,
    1892,
    2175,
    2078,
    1870,
    2009,
    2130,
    2037,
    1927,
    1902,
    1973,
    1788,
    1354,
    1521,
    2097,
    2007,
    1827,
    3706
  ],
  "frame_begin_times": [
    0,
    66738,
    83328,
    100010,
    116619,
    133347,
    150000,
    166650,
    183393,
    200016,
    216860,
    233862,
    250237,
    266835,
    283748,
    300469,
    317011,
    333810,
    350347,
    367039,
    383780,
    400401,
    466806,
    484063,
    500482,
    517048,
    533765,
    551086,
    567128,
    583870,
    600315,
    617422,
    633712,
    650435,
    667035,
    684122,
    700337,
    717026,
    733612,
    750438,
    766985,
    783835,
    800602,
    817091,
    833636,
    850242,
    867460,
    883694,
    916811,
    933625,
    950084,
    983268,
    999914,
    1016674,
    1033317,
    1050258,
    1066859,
    1083540,
    1100205,
    1116996,
    1133585,
    1150335,
    1167000,
    1183810,
    1200399,
    1216933,
    1233667,
    1250469,
    1267003,
    1283656,
    1300346,
    1316978,
    1333657,
    1366836,
    1383590,
    1400259,
    1416962,
    1433734,
    1450375,
    1467015,
    1483647,
    1500514,
    1516948,
    1533610,
    1550213,
    1567209,
    1583600,
    1600340,
    1617022,
    1633675,
    1650353,
    1666919,
    1683650,
    1700326,
    1717043,
    1733653,
    1750658,
    1766945,
    1783536,
    1816774,
    1833270,
    1850100,
    1866842,
    1883689,
    1900212,
    1916991,
    1933561,
    1950303,
    1966859,
    1983606,
    2000269,
    2016971,
    2033545,
    2050314,
    2066998,
    2083558,
    2100302,
    2116884,
    2133816,
    2150225,
    2166730,
    2183433,
    2200397,
    2217032,
    2233613,
    2250138
  ],
  "frame_rasterizer_begin_times": [
    0,
    16205,
    32923,
    49549,
    66445,
    83071,
    99768,
    116707,
    132497,
    149472,
    166519,
    182991,
    199500,
    216561,
    233232,
    249891,
    266655,
    283204,
    299771,
    316617,
    333228,
    405509,
    418401,
    434306,
    451018,
    467529,
    484980,
    500952,
    517627,
    533979,
    551881,
    567374,
    584159,
    600684,
    617998,
    633629,
    650354,
    666916,
    683797,
    700279,
    717191,
    733967,
    750472,
    766926,
    783560,
    800849,
    820191,
    853531,
    867314,
    909124,
    916121,
    932570,
    949438,
    966107,
    983549,
    1000248,
    1017032,
    1033663,
    1050539,
    1067113,
    1083709,
    1100381,
    1117214,
    1133777,
    1150307,
    1167012,
    1183749,
    1200354,
    1216966,
    1233704,
    1250362,
    1269483,
    1304425,
    1317512,
    1334011,
    1350750,
    1367560,
    1384224,
    1400783,
    1417430,
    1434489,
    1450760,
    1467436,
    1484048,
    1501459,
    1517418,
    1533666,
    1550408,
    1567036,
    1583693,
    1600235,
    1616974,
    1633749,
    1650411,
    1667016,
    1684052,
    1700303,
    1720379,
    1749821,
    1771182,
    1784196,
    1800251,
    1817538,
    1833957,
    1850876,
    1867390,
    1884096,
    1900299,
    1917425,
    1934191,
    1950921,
    1967013,
    1983892,
    2000432,
    2017064,
    2033786,
    2050307,
    2067293,
    2083451,
    2099813,
    2116612,
    2133860,
    2150463,
    2167054,
    2186944
  ],
  "average_vsync_transitions_missed": 1.3333333333333333,
  "90th_percentile_vsync_transitions_missed": 2.0,
  "99th_percentile_vsync_transitions_missed": 2.0
}