{
  "average_frame_build_time_millis": 1.3410714285714291,
  "90th_percentile_frame_build_time_millis": 1.598,
  "99th_percentile_frame_build_time_millis": 6.568,
  "worst_frame_build_time_millis": 8.476,
  "missed_frame_build_budget_count": 0,
  "average_frame_rasterizer_time_millis": 2.281753968253969,
  "90th_percentile_frame_rasterizer_time_millis": 2.513,
  "99th_percentile_frame_rasterizer_time_millis": 3.997,
  "worst_frame_rasterizer_time_millis": 43.162,
  "missed_frame_rasterizer_budget_count": 1,
  "frame_count": 126,
  "frame_rasterizer_count": 126,
  "frame_build_times": [
    875,
    473,
    516,
    549,
    653,
    734,
    747,
    990,
    926,
    107,
    287,
    262,
    369,
    474,
    438,
    433,
    441,
    447,
    488,
    432,
    435,
    398,
    6043,
    1996,
    1021,
    1529,
    1496,
    1415,
    1346,
    1424,
    1427,
    1360,
    1049,
    1498,
    1398,
    1409,
    934,
    758,
    967,
    977,
    956,
    954,
    944,
    925,
    936,
    834,
    944,
    4136,
    5496,
    1672,
    801,
    548,
    309,
    430,
    418,
    991,
    1014,
    960,
    1159,
    1519,
    1598,
    1024,
    1027,
    984,
    996,
    1040,
    1029,
    1033,
    973,
    1053,
    983,
    1019,
    4084,
    6568,
    1969,
    1452,
    1394,
    1403,
    1419,
    1460,
    1079,
    1304,
    1399,
    1560,
    1492,
    1385,
    1517,
    1005,
    968,
    986,
    993,
    1013,
    1228,
    973,
    966,
    994,
    981,
    962,
    4265,
    794,
    8476,
    2321,
    1129,
    1501,
    1431,
    1471,
    1439,
    1520,
    1448,
    1524,
    1467,
    1425,
    1485,
    1128,
    1152,
    1094,
    1092,
    1119,
    1341,
    1106,
    1122,
    1139,
    1067,
    1059,
    1169,
    4911
  ],
  "frame_rasterizer_times": [
    661,
    493,
    381,
    603,
    740,
    423,
    731,
    565,
    578,
    747,
    1265,
    1118,
    1455,
    2092,
    1880,
    1699,
    1752,
    2088,
    1826,
    1747,
    1772,
    1548,
    1701,
    2513,
    2011,
    2642,
    3977,
    2216,
    2258,
    2432,
    2324,
    2184,
    1776,
    2427,
    2247,
    2312,
    2143,
    1749,
    2214,
    2196,
    2177,
    2329,
    2167,
    2208,
    2382,
    1711,
    2180,
    1672,
    1710,
    43162,
    819,
    522,
    489,
    718,
    680,
    1643,
    1545,
    1642,
    1916,
    2475,
    2418,
    2605,
    2383,
    3293,
    2422,
    2557,
    2378,
    2312,
    1874,
    2782,
    2371,
    2342,
    2168,
    1596,
    1977,
    2458,
    2608,
    2944,
    2296,
    2479,
    1537,
    1986,
    2225,
    2478,
    2298,
    2244,
    2269,
    2209,
    2202,
    2186,
    2211,
    2283,
    2303,
    2221,
    3997,
    2829,
    2176,
    2170,
    1870,
    1330,
    1364,
    2118,
    1550,
    3961,
    2454,
    1603,
    2019,
    1986,
    2002,
    2093,
    1995,
    2082,
    2014,
    2037,
    1945,
    1882,
    2224,
    1855,
    2084,
    1939,
    2150,
    1921,
    1886,
    1886,
    1781,
    1750
  ],
  "frame_begin_times": [
    0,
    16634,
    33364,
    50059,
    66682,
    83339,
    100037,
    116724,
    133437,
    150096,
    166925,
    183539,
    200350,
    217341,
    233751,
    250415,
    267104,
    283957,
    300426,
    317132,
    333743,
    350745,
    416849,
    433783,
    450247,
    467008,
    483760,
    500400,
    517065,
    533853,
    550446,
    567073,
    583627,
    600565,
    617210,
    633685,
    650446,
    667249,
    683698,
    700406,
    717044,
    733710,
    750368,
    767038,
    783797,
    800287,
    816985,
    833768,
    866832,
    883736,
    900111,
    933309,
    949970,
    966675,
    983357,
    1000307,
    1016841,
    1033530,
    1050249,
    1067049,
    1083800,
    1100438,
    1117033,
    1133660,
    1150383,
    1167203,
    1183703,
    1200360,
    1217031,
    1233964,
    1250398,
    1267096,
    1283690,
    1316832,
    1333738,
    1350338,
    1366908,
    1383667,
    1400284,
    1417178,
    1433568,
    1450250,
    1467101,
    1483859,
    1500378,
    1517039,
    1533685,
    1550588,
    1566989,
    1583698,
    1600384,
    1617177,
    1633653,
    1650318,
    1667036,
    1683665,
    1700308,
    1717006,
    1733732,
    1766721,
    1783538,
    1800340,
    1816869,
    1833649,
    1850160,
    1867351,
    1883665,
    1900330,
    1917021,
    1933719,
    1950309,
    1966948,
    1983564,
    2000359,
    2016950,
    2033598,
    2050357,
    2066960,
    2083664,
    2100314,
    2117223,
    2133662,
    2150304,
    2166979,
    2183779,
    2200262
  ],
  "frame_rasterizer_begin_times": [
    0,
    16224,
    33057,
    49767,
    66494,
    83227,
    99939,
    116828,
    133471,
    149357,
    166333,
    182919,
    199808,
    216963,
    233359,
    249991,
    266685,
    283587,
    300083,
    316758,
    333346,
    350217,
    421804,
    434965,
    450421,
    467683,
    484439,
    501002,
    517565,
    534457,
    551040,
    567603,
    583819,
    601125,
    617780,
    634276,
    650537,
    667140,
    683833,
    700556,
    717174,
    733834,
    750432,
    767131,
    783891,
    800250,
    817127,
    837030,
    871189,
    884559,
    927806,
    933034,
    949385,
    966228,
    982941,
    1000382,
    1016994,
    1033639,
    1050487,
    1067652,
    1084541,
    1100636,
    1117232,
    1133795,
    1150548,
    1167441,
    1183898,
    1200565,
    1217227,
    1234162,
    1250536,
    1267270,
    1286481,
    1322328,
    1334870,
    1350928,
    1367500,
    1384379,
    1400873,
    1417813,
    1433785,
    1450726,
    1467620,
    1484464,
    1501021,
    1517544,
    1534342,
    1550798,
    1567113,
    1583824,
    1600577,
    1617351,
    1633766,
    1650457,
    1667155,
    1683804,
    1700447,
    1717153,
    1737163,
    1766619,
    1790950,
    1801773,
    1817158,
    1834323,
    1850766,
    1867950,
    1884295,
    1901021,
    1917624,
    1934401,
    1950947,
    1967528,
    1984218,
    2000615,
    2017183,
    2033847,
    2050621,
    2067210,
    2084117,
    2100564,
    2117522,
    2133988,
    2150541,
    2167204,
    2184020,
    2203904
  ],
  "average_vsync_transitions_missed": 1.3333333333333333,
  "90th_percentile_vsync_transitions_missed": 2.0,
  "99th_percentile_vsync_transitions_missed": 2.0
}