{
  "average_frame_build_time_millis": 1.3110560000000004,
  "90th_percentile_frame_build_time_millis": 1.695,
  "99th_percentile_frame_build_time_millis": 5.624,
  "worst_frame_build_time_millis": 7.715,
  "missed_frame_build_budget_count": 0,
  "average_frame_rasterizer_time_millis": 2.363688000000001,
  "90th_percentile_frame_rasterizer_time_millis": 2.406,
  "99th_percentile_frame_rasterizer_time_millis": 16.395,
  "worst_frame_rasterizer_time_millis": 42.046,
  "missed_frame_rasterizer_budget_count": 2,
  "frame_count": 125,
  "frame_rasterizer_count": 125,
  "frame_build_times": [
    733,
    364,
    509,
    450,
    433,
    563,
    592,
    847,
    1044,
    260,
    310,
    344,
    438,
    442,
    439,
    442,
    467,
    441,
    352,
    460,
    433,
    457,
    7715,
    1964,
    1040,
    1081,
    1466,
    1498,
    1467,
    1424,
    1442,
    1418,
    1405,
    1347,
    1085,
    1403,
    943,
    948,
    739,
    945,
    932,
    951,
    995,
    930,
    956,
    973,
    989,
    4023,
    5384,
    1272,
    741,
    529,
    345,
    416,
    411,
    970,
    972,
    1121,
    1695,
    1547,
    1167,
    969,
    1015,
    1032,
    1013,
    997,
    1048,
    1035,
    1038,
    983,
    1023,
    998,
    3940,
    5316,
    1521,
    1479,
    1437,
    1453,
    1410,
    1397,
    1451,
    1486,
    1387,
    1379,
    1989,
    1424,
    1427,
    1021,
    996,
    984,
    970,
    933,
    975,
    1022,
    973,
    992,
    1049,
    742,
    4199,
    5624,
    1798,
    1088,
    1800,
    1502,
    1537,
    1502,
    1120,
    1462,
    1458,
    1468,
    1575,
    1451,
    1495,
    1085,
    1103,
    1047,
    1116,
    1096,
    1068,
    1143,
    1138,
    1243,
    1107,
    1056,
    4828
  ],
  "frame_rasterizer_times": [
    16395,
    1193,
    392,
    281,
    295,
    401,
    406,
    527,
    584,
    1103,
    1476,
    1489,
    1763,
    1747,
    2147,
    1822,
    1759,
    1745,
    1522,
    1745,
    1873,
    1905,
    1777,
    2097,
    1686,
    1845,
    3167,
    2263,
    2198,
    2172,
    2728,
    2256,
    2247,
    2293,
    1738,
    2202,
    2263,
    2195,
    2278,
    2168,
    2217,
    2348,
    2357,
    2210,
    2159,
    2486,
    2279,
    1672,
    1458,
    42046,
    977,
    492,
    492,
    732,
    713,
    1589,
    1611,
    1852,
    2080,
    2569,
    1798,
    2395,
    2577,
    3340,
    2381,
    2369,
    2377,
    2230,
    2274,
    2263,
    2461,
    2292,
    2169,
    1523,
    2050,
    2130,
    2871,
    3081,
    2243,
    2280,
    2529,
    2268,
    2287,
    2254,
    1812,
    2053,
    2195,
    2185,
    2285,
    2209,
    2153,
    2253,
    2281,
    2195,
    2195,
    2406,
    2294,
    1694,
    1496,
    1174,
    1594,
    1543,
    2196,
    2316,
    2001,
    1980,
    1867,
    2034,
    2151,
    1738,
    2113,
    2059,
    1975,
    2190,
    1958,
    1927,
    1928,
    2365,
    2058,
    1891,
    1885,
    2157,
    1993,
    1881,
    1857
  ],
  "frame_begin_times": [
    0,
    16647,
    33338,
    50040,
    66688,
    83328,
    99986,
    116729,
    133416,
    150308,
    167068,
    183661,
    200376,
    217022,
    233951,
    250313,
    266991,
    283697,
    300499,
    316968,
    333622,
    350262,
    416914,
    433568,
    450239,
    466973,
    483760,
    500393,
    516952,
    533578,
    550489,
    567014,
    583719,
    600351,
    617140,
    633718,
    650442,
    667053,
    683613,
    700331,
    717010,
    733707,
    750400,
    767019,
    783739,
    800507,
    817012,
    833645,
    866895,
    883626,
    900118,
    933346,
    949970,
    966678,
    983363,
    1000232,
    1016846,
    1033526,
    1050320,
    1067050,
    1083508,
    1100343,
    1117162,
    1133757,
    1150235,
    1166990,
    1183829,
    1200326,
    1216994,
    1233698,
    1250654,
    1266967,
    1283639,
    1316755,
    1333553,
    1350275,
    1367086,
    1383737,
    1400203,
    1416990,
    1433817,
    1450348,
    1466985,
    1483683,
    1500561,
    1516946,
    1533709,
    1550314,
    1567103,
    1583634,
    1600307,
    1616912,
    1633717,
    1650285,
    1666946,
    1683693,
    1700277,
    1716859,
    1733537,
    1766695,
    1783460,
    1800109,
    1817083,
    1833586,
    1850122,
    1866912,
    1883590,
    1900261,
    1916957,
    1933634,
    1950330,
    1966932,
    1983615,
    2000413,
    2016947,
    2033599,
    2050235,
    2067097,
    2083656,
    2100248,
    2116951,
    2133873,
    2150198,
    2166923,
    2183647
  ],
  "frame_rasterizer_begin_times": [
    0,
    16498,
    33112,
    49762,
    66400,
    83158,
    99846,
    116863,
    133708,
    149821,
    166661,
    183265,
    200145,
    216737,
    233693,
    250073,
    266721,
    283439,
    300140,
    316688,
    333358,
    349978,
    423568,
    434841,
    450565,
    467338,
    484545,
    501141,
    517722,
    534220,
    551241,
    567742,
    584382,
    601006,
    617497,
    634408,
    650704,
    667225,
    683635,
    700599,
    717262,
    733960,
    750699,
    767265,
    784022,
    800779,
    817258,
    836925,
    871287,
    884190,
    926392,
    933132,
    949581,
    966335,
    983056,
    1000465,
    1017096,
    1033937,
    1051262,
    1067817,
    1083894,
    1100665,
    1117490,
    1134011,
    1150591,
    1167279,
    1184186,
    1200660,
    1217341,
    1233990,
    1251006,
    1267291,
    1286402,
    1321128,
    1334368,
    1351049,
    1367839,
    1384493,
    1400900,
    1417684,
    1434551,
    1451137,
    1467656,
    1484349,
    1501803,
    1517690,
    1534460,
    1550641,
    1567398,
    1583960,
    1600573,
    1617147,
    1633984,
    1650625,
    1667237,
    1684024,
    1700641,
    1716868,
    1736995,
    1771451,
    1784512,
    1800494,
    1818184,
    1834389,
    1850960,
    1867716,
    1883972,
    1901014,
    1917737,
    1934477,
    1951203,
    1967686,
    1984373,
    2000789,
    2017361,
    2033956,
    2050628,
    2067512,
    2084055,
    2100646,
    2117393,
    2134325,
    2150616,
    2167267,
    2187382
  ],
  "average_vsync_transitions_missed": 1.25,
  "90th_percentile_vsync_transitions_missed": 2.0,
  "99th_percentile_vsync_transitions_missed": 2.0
}