{
  "average_frame_build_time_millis": 0.6410925925925924,
  "90th_percentile_frame_build_time_millis": 1.132,
  "99th_percentile_frame_build_time_millis": 2.367,
  "worst_frame_build_time_millis": 4.954,
  "missed_frame_build_budget_count": 0,
  "average_frame_rasterizer_time_millis": 1.169203703703704,
  "90th_percentile_frame_rasterizer_time_millis": 1.97,
  "99th_percentile_frame_rasterizer_time_millis": 2.373,
  "worst_frame_rasterizer_time_millis": 19.999,
  "missed_frame_rasterizer_budget_count": 1,
  "frame_count": 108,
  "frame_rasterizer_count": 108,
  "frame_build_times": [
    484,
    526,
    501,
    423,
    409,
    429,
    390,
    400,
    351,
    414,
    391,
    387,
    400,
    441,
    1074,
    1166,
    250,
    236,
    189,
    192,
    207,
    255,
    194,
    222,
    167,
    194,
    254,
    241,
    258,
    888,
    375,
    376,
    540,
    577,
    541,
    514,
    428,
    368,
    542,
    459,
    535,
    465,
    553,
    385,
    437,
    432,
    370,
    333,
    538,
    416,
    588,
    351,
    333,
    255,
    1132,
    1635,
    465,
    538,
    344,
    428,
    512,
    531,
    379,
    499,
    466,
    546,
    472,
    535,
    480,
    327,
    273,
    456,
    367,
    330,
    288,
    444,
    473,
    367,
    357,
    349,
    864,
    367,
    2367,
    672,
    353,
    345,
    404,
    886,
    898,
    1055,
    1178,
    1547,
    1477,
    1549,
    1514,
    1236,
    1088,
    1132,
    1106,
    1064,
    1095,
    1115,
    1076,
    1097,
    1086,
    944,
    1132,
    4954
  ],
  "frame_rasterizer_times": [
    869,
    784,
    799,
    876,
    753,
    765,
    731,
    889,
    764,
    787,
    732,
    862,
    741,
    775,
    686,
    630,
    19999,
    303,
    1280,
    432,
    1121,
    1273,
    1112,
    1302,
    405,
    947,
    647,
    548,
    601,
    695,
    793,
    808,
    819,
    871,
    899,
    847,
    727,
    591,
    803,
    889,
    833,
    820,
    833,
    906,
    858,
    926,
    906,
    767,
    915,
    899,
    833,
    803,
    897,
    595,
    807,
    712,
    639,
    917,
    524,
    789,
    800,
    854,
    626,
    910,
    796,
    776,
    678,
    866,
    739,
    720,
    776,
    655,
    931,
    686,
    661,
    764,
    822,
    695,
    840,
    688,
    487,
    468,
    494,
    536,
    450,
    638,
    677,
    1203,
    1234,
    1704,
    1564,
    1970,
    2001,
    2373,
    2108,
    2039,
    1956,
    2315,
    1977,
    1930,
    1973,
    2028,
    1949,
    1930,
    1929,
    1972,
    2018,
    1734
  ],
  "frame_begin_times": [
    0,
    16715,
    33367,
    49981,
    66614,
    83255,
    99934,
    116653,
    133299,
    149909,
    166683,
    183260,
    199941,
    216613,
    233260,
    255225,
    266617,
    283319,
    299889,
    316575,
    333243,
    349963,
    366586,
    383233,
    399879,
    416590,
    433272,
    449966,
    466596,
    483240,
    499887,
    516572,
    533268,
    549960,
    566633,
    583279,
    599907,
    616545,
    633280,
    649916,
    666604,
    683242,
    699891,
    716579,
    733238,
    749946,
    766577,
    783200,
    799977,
    816610,
    833298,
    849963,
    866611,
    883158,
    899891,
    933164,
    949860,
    966606,
    983194,
    999827,
    1016518,
    1033240,
    1049867,
    1066629,
    1083254,
    1099956,
    1116523,
    1133241,
    1149873,
    1166555,
    1183170,
    1199869,
    1216512,
    1233161,
    1249869,
    1266571,
    1283249,
    1299888,
    1316570,
    1333228,
    1349836,
    1366493,
    1383230,
    1399789,
    1416518,
    1433189,
    1449849,
    1466792,
    1483314,
    1500193,
    1516744,
    1533510,
    1550166,
    1567082,
    1583481,
    1600286,
    1616859,
    1633562,
    1650187,
    1666849,
    1683529,
    1700600,
    1716902,
    1733544,
    1750114,
    1766836,
    1783488,
    1800153
  ],
  "frame_rasterizer_begin_times": [
    0,
    16759,
    33344,
    49877,
    66497,
    83158,
    99802,
    116522,
    133125,
    149791,
    166558,
    183141,
    199822,
    216510,
    233879,
    255889,
    266368,
    286464,
    299570,
    316264,
    332904,
    349694,
    366251,
    382951,
    399554,
    416253,
    433017,
    449709,
    466323,
    483526,
    499768,
    516449,
    533290,
    550083,
    566649,
    583269,
    599847,
    616398,
    633302,
    649850,
    666624,
    683207,
    699960,
    716437,
    733144,
    749850,
    766421,
    783079,
    800019,
    816497,
    833387,
    849794,
    866429,
    882885,
    900348,
    934193,
    949796,
    966662,
    983009,
    999729,
    1016585,
    1033259,
    1049753,
    1066604,
    1083195,
    1099982,
    1116498,
    1133259,
    1149826,
    1166377,
    1182994,
    1199809,
    1216368,
    1232968,
    1249660,
    1266485,
    1283197,
    1299727,
    1316427,
    1333081,
    1350186,
    1366339,
    1385003,
    1399954,
    1416391,
    1433049,
    1449786,
    1467189,
    1483712,
    1500771,
    1517407,
    1534602,
    1551192,
    1568133,
    1584546,
    1600990,
    1617495,
    1634251,
    1650806,
    1667447,
    1684137,
    1701180,
    1717498,
    1734172,
    1750739,
    1767349,
    1784124,
    1804207
  ],
  "average_vsync_transitions_missed": 1.0,
  "90th_percentile_vsync_transitions_missed": 1.0,
  "99th_percentile_vsync_transitions_missed": 1.0
}