{
  "average_frame_build_time_millis": 0.6911754385964913,
  "90th_percentile_frame_build_time_millis": 1.241,
  "99th_percentile_frame_build_time_millis": 2.478,
  "worst_frame_build_time_millis": 5.199,
  "missed_frame_build_budget_count": 0,
  "average_frame_rasterizer_time_millis": 1.3064690265486731,
  "90th_percentile_frame_rasterizer_time_millis": 1.929,
  "99th_percentile_frame_rasterizer_time_millis": 2.132,
  "worst_frame_rasterizer_time_millis": 26.812,
  "missed_frame_rasterizer_budget_count": 1,
  "frame_count": 114,
  "frame_rasterizer_count": 113,
  "frame_build_times": [
    533,
    616,
    540,
    595,
    526,
    643,
    529,
    608,
    567,
    414,
    401,
    425,
    427,
    424,
    402,
    409,
    486,
    431,
    381,
    490,
    1346,
    1129,
    271,
    192,
    220,
    202,
    212,
    267,
    226,
    229,
    273,
    257,
    263,
    231,
    259,
    1097,
    543,
    459,
    476,
    525,
    568,
    568,
    448,
    499,
    448,
    468,
    472,
    499,
    555,
    418,
    453,
    445,
    417,
    365,
    425,
    351,
    427,
    414,
    439,
    389,
    1357,
    1920,
    665,
    456,
    558,
    499,
    480,
    473,
    499,
    487,
    521,
    488,
    478,
    442,
    527,
    378,
    443,
    353,
    398,
    386,
    369,
    341,
    366,
    374,
    378,
    329,
    1100,
    257,
    2478,
    793,
    531,
    444,
    962,
    1030,
    970,
    1259,
    1570,
    1693,
    1655,
    1610,
    1693,
    1130,
    1175,
    1182,
    1132,
    1130,
    1183,
    1139,
    1099,
    1223,
    1195,
    1164,
    1241,
    5199
  ],
  "frame_rasterizer_times": [
    1085,
    927,
    901,
    959,
    966,
    856,
    922,
    921,
    906,
    803,
    934,
    982,
    913,
    860,
    919,
    963,
    872,
    881,
    913,
    819,
    625,
    26812,
    569,
    1248,
    540,
    1373,
    1676,
    1286,
    1583,
    631,
    1310,
    640,
    594,
    682,
    855,
    1112,
    1107,
    762,
    860,
    1207,
    885,
    873,
    900,
    778,
    854,
    859,
    851,
    931,
    949,
    1000,
    955,
    919,
    781,
    1000,
    775,
    906,
    923,
    1119,
    773,
    873,
    773,
    850,
    827,
    992,
    1049,
    821,
    759,
    899,
    793,
    804,
    758,
    887,
    776,
    1207,
    766,
    1402,
    814,
    788,
    858,
    848,
    759,
    770,
    823,
    765,
    757,
    616,
    635,
    613,
    762,
    628,
    551,
    1474,
    1293,
    1467,
    1619,
    1962,
    2026,
    2132,
    2089,
    1986,
    1600,
    1950,
    1918,
    1921,
    1925,
    1569,
    1944,
    1929,
    1937,
    2008,
    1915,
    1872,
    2067
  ],
  "frame_begin_times": [
    0,
    16712,
    33302,
    49940,
    66597,
    83293,
    99982,
    116628,
    133273,
    149987,
    166625,
    183448,
    199999,
    216692,
    233271,
    250027,
    266606,
    283358,
    300019,
    316612,
    333309,
    355741,
    366577,
    383293,
    399890,
    416516,
    433278,
    449894,
    466568,
    483262,
    499906,
    516557,
    533260,
    549974,
    566557,
    583182,
    599957,
    616620,
    633274,
    649956,
    666560,
    683242,
    699921,
    716586,
    733277,
    749988,
    766543,
    783286,
    799977,
    816687,
    833263,
    849996,
    866616,
    883214,
    899992,
    916690,
    933248,
    950023,
    966615,
    983289,
    999906,
    1033190,
    1049888,
    1066613,
    1083204,
    1099966,
    1116616,
    1133331,
    1150020,
    1166596,
    1183280,
    1199867,
    1216691,
    1233247,
    1249907,
    1266566,
    1283329,
    1299947,
    1316568,
    1333228,
    1349882,
    1366561,
    1383274,
    1399915,
    1416566,
    1433238,
    1449962,
    1467464,
    1483136,
    1499815,
    1516515,
    1533164,
    1550034,
    1566743,
    1583345,
    1600116,
    1616829,
    1633485,
    1650283,
    1666858,
    1683514,
    1700164,
    1716975,
    1733526,
    1750206,
    1766890,
    1783652,
    1800202,
    1816777,
    1833526,
    1850138,
    1866835,
    1883515,
    1900133
  ],
  "frame_rasterizer_begin_times": [
    0,
    16513,
    33213,
    49892,
    66606,
    83182,
    99906,
    116507,
    133068,
    149741,
    166544,
    183099,
    199787,
    216361,
    233107,
    249763,
    266458,
    283075,
    299771,
    317355,
    339575,
    349553,
    376496,
    382799,
    399411,
    416151,
    432826,
    449489,
    466153,
    482879,
    499479,
    516187,
    532878,
    549501,
    566847,
    583165,
    599745,
    616452,
    633152,
    649862,
    666533,
    683131,
    699751,
    716392,
    733120,
    749685,
    766450,
    783211,
    799775,
    816387,
    833111,
    849705,
    866279,
    883088,
    899705,
    916349,
    933108,
    949726,
    966350,
    983762,
    1017688,
    1033230,
    1049734,
    1066426,
    1083133,
    1099784,
    1116483,
    1133188,
    1149750,
    1166467,
    1183049,
    1199840,
    1216357,
    1233105,
    1249626,
    1266509,
    1282964,
    1299651,
    1316372,
    1332912,
    1349568,
    1366306,
    1382989,
    1399619,
    1416236,
    1433731,
    1450411,
    1468156,
    1483267,
    1499708,
    1516303,
    1533696,
    1550490,
    1567043,
    1584023,
    1601104,
    1617919,
    1634687,
    1651207,
    1667946,
    1684002,
    1700822,
    1717424,
    1734009,
    1750726,
    1767501,
    1784027,
    1800613,
    1817355,
    1834019,
    1850711,
    1867369,
    1887234
  ],
  "average_vsync_transitions_missed": 1.0,
  "90th_percentile_vsync_transitions_missed": 1.0,
  "99th_percentile_vsync_transitions_missed": 1.0
}