{
  "average_frame_build_time_millis": 1.3261360000000002,
  "90th_percentile_frame_build_time_millis": 1.713,
  "99th_percentile_frame_build_time_millis": 5.816,
  "worst_frame_build_time_millis": 7.007,
  "missed_frame_build_budget_count": 0,
  "average_frame_rasterizer_time_millis": 2.3842799999999995,
  "90th_percentile_frame_rasterizer_time_millis": 2.586,
  "99th_percentile_frame_rasterizer_time_millis": 16.653,
  "worst_frame_rasterizer_time_millis": 36.831,
  "missed_frame_rasterizer_budget_count": 2,
  "frame_count": 125,
  "frame_rasterizer_count": 125,
  "frame_build_times": [
    823,
    434,
    599,
    656,
    566,
    735,
    726,
    987,
    997,
    293,
    302,
    337,
    433,
    351,
    480,
    341,
    438,
    447,
    444,
    430,
    441,
    497,
    7007,
    2047,
    1420,
    1806,
    1459,
    1410,
    1384,
    1409,
    1388,
    1357,
    1354,
    1472,
    1372,
    1418,
    1010,
    1004,
    930,
    978,
    1041,
    1004,
    953,
    927,
    989,
    990,
    1194,
    4169,
    5305,
    1033,
    407,
    590,
    316,
    407,
    413,
    961,
    1013,
    1241,
    1199,
    1576,
    1531,
    1075,
    1022,
    1006,
    1041,
    1015,
    965,
    1021,
    1003,
    1005,
    1031,
    1004,
    4145,
    5172,
    1199,
    1713,
    1469,
    1416,
    1475,
    2054,
    1379,
    1482,
    1382,
    1455,
    1493,
    1527,
    1437,
    988,
    969,
    950,
    1064,
    1008,
    975,
    950,
    1257,
    996,
    953,
    955,
    3816,
    5816,
    1800,
    1107,
    1453,
    1491,
    1472,
    1563,
    1453,
    1482,
    1653,
    1537,
    1091,
    1447,
    1644,
    1086,
    1107,
    1055,
    948,
    1057,
    1068,
    1042,
    1142,
    1069,
    1062,
    1070,
    4944
  ],
  "frame_rasterizer_times": [
    16653,
    1290,
    357,
    752,
    575,
    381,
    740,
    534,
    541,
    1429,
    1210,
    1304,
    1788,
    1510,
    1783,
    1523,
    1742,
    1892,
    1777,
    1748,
    2038,
    2113,
    1679,
    2586,
    2504,
    1938,
    3697,
    2353,
    2713,
    2358,
    2214,
    2253,
    2202,
    2339,
    2219,
    2187,
    2435,
    2329,
    2291,
    2177,
    2368,
    2236,
    2166,
    2194,
    2698,
    2205,
    2413,
    1568,
    1738,
    36831,
    819,
    506,
    647,
    670,
    707,
    1474,
    1543,
    1952,
    1914,
    2414,
    2524,
    2272,
    2374,
    3264,
    2324,
    2383,
    2301,
    2588,
    2336,
    2407,
    2328,
    2237,
    2334,
    1490,
    1719,
    2561,
    2329,
    3040,
    2373,
    2464,
    2332,
    2407,
    2345,
    2351,
    2446,
    2137,
    2613,
    2192,
    2335,
    3038,
    2572,
    2591,
    2172,
    2268,
    2614,
    2327,
    2269,
    2267,
    1298,
    1162,
    1568,
    1601,
    1993,
    2323,
    2138,
    2171,
    2109,
    1991,
    2255,
    2085,
    1562,
    2087,
    2299,
    1998,
    1986,
    1890,
    1624,
    2021,
    1907,
    1903,
    2021,
    1922,
    2033,
    2082,
    1865
  ],
  "frame_begin_times": [
    0,
    16563,
    33202,
    49888,
    66532,
    83255,
    99900,
    116627,
    133219,
    150331,
    166811,
    183454,
    200288,
    216880,
    233576,
    250143,
    266841,
    283630,
    300342,
    317040,
    333650,
    350291,
    416670,
    433620,
    450325,
    467281,
    483566,
    500268,
    516905,
    533598,
    550218,
    566891,
    583531,
    600169,
    616981,
    633586,
    650301,
    666828,
    683504,
    700223,
    717090,
    733562,
    750227,
    766876,
    783726,
    800213,
    817005,
    833644,
    866726,
    883391,
    899839,
    933294,
    949862,
    966540,
    983258,
    1000161,
    1016699,
    1033556,
    1050094,
    1066861,
    1083564,
    1100444,
    1116852,
    1133570,
    1150256,
    1166900,
    1183577,
    1200095,
    1216892,
    1233479,
    1250179,
    1266884,
    1283624,
    1316594,
    1333290,
    1350403,
    1366899,
    1383533,
    1400238,
    1417068,
    1433497,
    1450161,
    1466808,
    1483613,
    1500215,
    1516976,
    1533547,
    1550266,
    1566873,
    1583484,
    1600403,
    1616853,
    1633511,
    1650235,
    1667129,
    1683483,
    1700291,
    1716841,
    1734113,
    1766619,
    1783321,
    1800178,
    1816854,
    1833492,
    1850257,
    1866897,
    1883437,
    1900207,
    1916934,
    1933499,
    1950075,
    1966811,
    1983721,
    2000119,
    2016831,
    2033421,
    2050357,
    2066792,
    2083487,
    2100136,
    2116857,
    2133509,
    2150248,
    2166717,
    2183537
  ],
  "frame_rasterizer_begin_times": [
    0,
    16757,
    33005,
    49749,
    66295,
    83251,
    99832,
    116777,
    133371,
    149812,
    166309,
    183017,
    199939,
    216406,
    233156,
    249683,
    266509,
    283307,
    300027,
    316680,
    333336,
    349928,
    422633,
    434886,
    450906,
    468283,
    484241,
    500899,
    517428,
    534224,
    550813,
    567437,
    584101,
    600858,
    617601,
    634240,
    650484,
    667054,
    683678,
    700374,
    717391,
    733801,
    750366,
    767020,
    783939,
    800366,
    817386,
    836984,
    870962,
    883609,
    920572,
    933060,
    949362,
    966206,
    982904,
    1000294,
    1016860,
    1033963,
    1050425,
    1067656,
    1084333,
    1100753,
    1117135,
    1133790,
    1150501,
    1167134,
    1183763,
    1200337,
    1217109,
    1233702,
    1250418,
    1267082,
    1286469,
    1320712,
    1333643,
    1351216,
    1367526,
    1384172,
    1400937,
    1418306,
    1434096,
    1450849,
    1467416,
    1484287,
    1500805,
    1517817,
    1534195,
    1550504,
    1567077,
    1583677,
    1600682,
    1617010,
    1633765,
    1650420,
    1667763,
    1683713,
    1700464,
    1717030,
    1737114,
    1771482,
    1784271,
    1800463,
    1817525,
    1834197,
    1850914,
    1867677,
    1884142,
    1900931,
    1917782,
    1934249,
    1950361,
    1967480,
    1984593,
    2000407,
    2017134,
    2033711,
    2050463,
    2067072,
    2083758,
    2100396,
    2117185,
    2133805,
    2150525,
    2167052,
    2187263
  ],
  "average_vsync_transitions_missed": 1.25,
  "90th_percentile_vsync_transitions_missed": 2.0,
  "99th_percentile_vsync_transitions_missed": 2.0
}