{
  "average_frame_build_time_millis": 1.3247619047619044,
  "90th_percentile_frame_build_time_millis": 1.572,
  "99th_percentile_frame_build_time_millis": 7.598,
  "worst_frame_build_time_millis": 7.787,
  "missed_frame_build_budget_count": 0,
  "average_frame_rasterizer_time_millis": 2.2261904761904763,
  "90th_percentile_frame_rasterizer_time_millis": 2.456,
  "99th_percentile_frame_rasterizer_time_millis": 3.779,
  "worst_frame_rasterizer_time_millis": 40.558,
  "missed_frame_rasterizer_budget_count": 1,
  "frame_count": 126,
  "frame_rasterizer_count": 126,
  "frame_build_times": [
    642,
    620,
    572,
    566,
    603,
    747,
    722,
    991,
    917,
    269,
    315,
    296,
    483,
    433,
    339,
    441,
    452,
    441,
    465,
    451,
    436,
    470,
    7598,
    1774,
    1433,
    1120,
    1425,
    1582,
    1067,
    1346,
    1469,
    1369,
    1436,
    1375,
    1440,
    1571,
    1105,
    945,
    993,
    972,
    1034,
    938,
    1049,
    937,
    934,
    931,
    986,
    3887,
    4360,
    1234,
    791,
    511,
    303,
    405,
    405,
    922,
    1022,
    1154,
    1135,
    1510,
    1572,
    1005,
    967,
    973,
    997,
    973,
    966,
    978,
    1044,
    971,
    978,
    1024,
    3915,
    6722,
    1315,
    1085,
    1107,
    1408,
    1453,
    1456,
    1415,
    1450,
    1480,
    1444,
    1466,
    1409,
    1533,
    986,
    1004,
    1024,
    995,
    1024,
    971,
    1030,
    1030,
    987,
    1008,
    795,
    4389,
    615,
    7787,
    2132,
    1112,
    1475,
    1475,
    1503,
    1477,
    1589,
    1524,
    1461,
    1520,
    1534,
    1507,
    1057,
    1083,
    871,
    1069,
    1068,
    1088,
    1106,
    1055,
    1076,
    1200,
    1099,
    1050,
    4899
  ],
  "frame_rasterizer_times": [
    516,
    593,
    352,
    646,
    517,
    458,
    761,
    551,
    523,
    1144,
    1163,
    1296,
    1764,
    1814,
    1756,
    1830,
    1867,
    1699,
    1730,
    2080,
    1931,
    1856,
    1925,
    2517,
    2321,
    1859,
    3779,
    2316,
    2180,
    2278,
    2434,
    2853,
    2333,
    2304,
    2457,
    2544,
    1598,
    2307,
    2234,
    2626,
    2293,
    2206,
    2247,
    1743,
    2252,
    2281,
    2310,
    1555,
    1396,
    40558,
    716,
    534,
    454,
    723,
    697,
    1544,
    1683,
    1835,
    1859,
    2456,
    2188,
    2417,
    2339,
    3423,
    2509,
    2252,
    2302,
    2420,
    2417,
    2265,
    2303,
    2522,
    2287,
    1580,
    1822,
    1886,
    1859,
    2926,
    2081,
    2322,
    2226,
    2306,
    2322,
    2233,
    1879,
    2350,
    2284,
    2243,
    2231,
    2443,
    2273,
    2293,
    2125,
    2387,
    2206,
    2171,
    2172,
    1794,
    1474,
    1225,
    1422,
    1791,
    1594,
    2213,
    2491,
    2013,
    1968,
    2201,
    2142,
    1735,
    2079,
    2004,
    1951,
    1921,
    1950,
    1543,
    1925,
    1952,
    1982,
    1990,
    1972,
    2011,
    2115,
    2069,
    1916,
    1739
  ],
  "frame_begin_times": [
    0,
    16724,
    33390,
    50096,
    66795,
    83410,
    100078,
    116763,
    133467,
    150394,
    166964,
    183657,
    200495,
    217236,
    233628,
    250468,
    267268,
    283788,
    300520,
    317179,
    333864,
    350490,
    416963,
    433657,
    450737,
    467001,
    484018,
    500488,
    517118,
    533818,
    550501,
    567113,
    583931,
    600491,
    617104,
    634143,
    650688,
    667142,
    683834,
    701078,
    717153,
    733826,
    750455,
    767502,
    783772,
    800624,
    817019,
    833764,
    866923,
    883646,
    900178,
    933429,
    950054,
    966700,
    983470,
    1000492,
    1017391,
    1033672,
    1050423,
    1067081,
    1083834,
    1100531,
    1117067,
    1133802,
    1150580,
    1167067,
    1183808,
    1200517,
    1217181,
    1233839,
    1250510,
    1267172,
    1283751,
    1316946,
    1333900,
    1350320,
    1366974,
    1383681,
    1400684,
    1417124,
    1433757,
    1450411,
    1467174,
    1483724,
    1500406,
    1517068,
    1533777,
    1550408,
    1567121,
    1583869,
    1600417,
    1616963,
    1633695,
    1650626,
    1667043,
    1683762,
    1700409,
    1717014,
    1733657,
    1766760,
    1783783,
    1800329,
    1816937,
    1833716,
    1850447,
    1867054,
    1883778,
    1900590,
    1917048,
    1933719,
    1950394,
    1967201,
    1983707,
    2000347,
    2017070,
    2034107,
    2050351,
    2067050,
    2083651,
    2100431,
    2117041,
    2133634,
    2150375,
    2167074,
    2183733,
    2200358
  ],
  "frame_rasterizer_begin_times": [
    0,
    16623,
    33328,
    49937,
    66672,
    83481,
    100135,
    117107,
    133669,
    149962,
    166587,
    183260,
    200337,
    216997,
    233271,
    250299,
    267070,
    283573,
    300313,
    316980,
    333674,
    350257,
    423571,
    434687,
    451400,
    467438,
    484803,
    501404,
    517495,
    534516,
    551328,
    567834,
    584714,
    601239,
    617922,
    635045,
    651137,
    667436,
    684189,
    701396,
    717539,
    734111,
    750837,
    767700,
    784052,
    800894,
    817320,
    836891,
    870392,
    884222,
    924901,
    933243,
    949676,
    966420,
    983158,
    1000724,
    1017721,
    1034160,
    1050896,
    1067943,
    1084753,
    1100910,
    1117377,
    1134125,
    1150917,
    1167341,
    1184122,
    1200851,
    1217568,
    1234132,
    1250837,
    1267542,
    1286529,
    1322819,
    1334534,
    1350875,
    1367422,
    1384418,
    1401433,
    1417953,
    1434539,
    1451180,
    1467994,
    1484517,
    1501219,
    1517844,
    1534656,
    1550760,
    1567469,
    1584285,
    1600753,
    1617269,
    1634002,
    1651011,
    1667421,
    1684092,
    1700817,
    1717116,
    1737341,
    1766698,
    1790608,
    1801728,
    1817368,
    1834556,
    1851267,
    1867877,
    1884603,
    1901448,
    1917930,
    1934546,
    1951109,
    1968092,
    1984535,
    2000724,
    2017504,
    2034308,
    2050754,
    2067466,
    2083962,
    2100848,
    2117445,
    2134078,
    2150936,
    2167484,
    2184129,
    2204155
  ],
  "average_vsync_transitions_missed": 1.3333333333333333,
  "90th_percentile_vsync_transitions_missed": 2.0,
  "99th_percentile_vsync_transitions_missed": 2.0
}