{
  "average_frame_build_time_millis": 1.1817235772357726,
  "90th_percentile_frame_build_time_millis": 1.581,
  "99th_percentile_frame_build_time_millis": 6.762,
  "worst_frame_build_time_millis": 8.634,
  "missed_frame_build_budget_count": 0,
  "average_frame_rasterizer_time_millis": 2.1059274193548387,
  "90th_percentile_frame_rasterizer_time_millis": 2.462,
  "99th_percentile_frame_rasterizer_time_millis": 3.737,
  "worst_frame_rasterizer_time_millis": 43.399,
  "missed_frame_rasterizer_budget_count": 1,
  "frame_count": 123,
  "frame_rasterizer_count": 124,
  "frame_build_times": [
    553,
    601,
    688,
    699,
    1033,
    904,
    288,
    300,
    307,
    338,
    440,
    480,
    525,
    436,
    425,
    579,
    449,
    432,
    536,
    5894,
    1594,
    1438,
    1435,
    1369,
    1424,
    1402,
    1404,
    1446,
    1430,
    1414,
    1269,
    1409,
    1438,
    929,
    929,
    967,
    962,
    956,
    921,
    867,
    959,
    1070,
    957,
    741,
    3703,
    5442,
    1514,
    785,
    559,
    288,
    416,
    427,
    1000,
    991,
    978,
    1124,
    1139,
    1588,
    994,
    1024,
    1101,
    979,
    981,
    998,
    1010,
    1018,
    767,
    1009,
    1015,
    4202,
    6762,
    1473,
    1391,
    1662,
    1581,
    1379,
    1413,
    1359,
    1407,
    1411,
    1399,
    1343,
    1540,
    955,
    1027,
    1002,
    964,
    956,
    989,
    982,
    975,
    969,
    960,
    742,
    995,
    4386,
    909,
    8634,
    1599,
    668,
    570,
    564,
    600,
    491,
    581,
    508,
    580,
    541,
    562,
    501,
    474,
    670,
    439,
    617,
    465,
    449,
    442,
    559,
    459,
    609,
    443,
    517,
    2190
  ],
  "frame_rasterizer_times": [
    392,
    576,
    725,
    595,
    1187,
    523,
    511,
    1031,
    1379,
    1649,
    1801,
    1915,
    1978,
    1921,
    1950,
    1898,
    2413,
    1932,
    1919,
    2470,
    1659,
    2291,
    1868,
    2395,
    3737,
    2558,
    2251,
    2237,
    2789,
    2353,
    2236,
    1685,
    2460,
    2237,
    2163,
    2263,
    2357,
    2188,
    2252,
    2106,
    1788,
    2225,
    2180,
    2189,
    1770,
    1322,
    1897,
    43399,
    727,
    467,
    493,
    732,
    780,
    1729,
    1688,
    1561,
    1796,
    1926,
    2391,
    2383,
    2340,
    3389,
    2391,
    2248,
    2541,
    2308,
    2353,
    1807,
    2616,
    2486,
    2064,
    1615,
    1951,
    2389,
    2750,
    2986,
    2276,
    2286,
    2307,
    2280,
    2313,
    2207,
    2462,
    2295,
    2199,
    2168,
    2486,
    2321,
    2172,
    2205,
    1905,
    2301,
    2241,
    2206,
    1730,
    2229,
    1701,
    1531,
    1415,
    1508,
    1616,
    911,
    1073,
    822,
    918,
    900,
    818,
    814,
    867,
    907,
    851,
    834,
    1286,
    851,
    1143,
    887,
    929,
    929,
    1183,
    936,
    1237,
    839,
    1086,
    1227
  ],
  "frame_begin_times": [
    0,
    16639,
    33325,
    49961,
    66658,
    83357,
    100267,
    116844,
    133560,
    150281,
    167020,
    183582,
    200468,
    217056,
    233747,
    250611,
    267117,
    283675,
    300258,
    366716,
    383629,
    400332,
    416960,
    433696,
    450461,
    467017,
    483741,
    500391,
    517104,
    533691,
    550330,
    567111,
    583725,
    600390,
    617027,
    633836,
    650409,
    667072,
    683665,
    700708,
    717065,
    733655,
    750513,
    766833,
    783700,
    816738,
    833501,
    850225,
    883256,
    899939,
    916593,
    933362,
    950592,
    966867,
    983497,
    1000295,
    1016971,
    1033645,
    1050353,
    1066963,
    1083554,
    1100374,
    1116978,
    1133654,
    1150366,
    1166986,
    1183508,
    1200539,
    1217046,
    1233619,
    1266947,
    1283577,
    1300321,
    1317091,
    1334219,
    1350324,
    1366982,
    1383626,
    1400331,
    1416929,
    1433650,
    1450187,
    1467045,
    1483625,
    1500317,
    1517065,
    1533626,
    1550323,
    1566879,
    1583798,
    1600301,
    1616980,
    1633644,
    1650404,
    1667036,
    1683614,
    1716820,
    1733561,
    1750246,
    1766622,
    1783304,
    1799872,
    1816628,
    1833245,
    1850030,
    1866583,
    1883320,
    1899954,
    1916728,
    1933245,
    1949945,
    1966805,
    1983311,
    1999989,
    2016649,
    2033279,
    2049996,
    2066692,
    2083279,
    2100056,
    2116642,
    2133435,
    2149926
  ],
  "frame_rasterizer_begin_times": [
    0,
    16740,
    33419,
    50190,
    66835,
    83823,
    100458,
    116662,
    133256,
    149993,
    166783,
    183610,
    200202,
    217116,
    233580,
    250331,
    267362,
    283753,
    300276,
    316834,
    388525,
    401342,
    417894,
    434539,
    451224,
    468046,
    484578,
    501302,
    517911,
    534695,
    551185,
    567655,
    584727,
    601347,
    617482,
    634142,
    650885,
    667518,
    684190,
    700761,
    717698,
    734200,
    750889,
    767629,
    783723,
    803529,
    837998,
    851186,
    894694,
    899899,
    916317,
    933118,
    949944,
    967731,
    983970,
    1000614,
    1017532,
    1034227,
    1051475,
    1067495,
    1084057,
    1100701,
    1117494,
    1134106,
    1150786,
    1167526,
    1184146,
    1200392,
    1217716,
    1234232,
    1253409,
    1289644,
    1301173,
    1317891,
    1334841,
    1351943,
    1367860,
    1384571,
    1401163,
    1417842,
    1434504,
    1451209,
    1467641,
    1484764,
    1500753,
    1517452,
    1534240,
    1550738,
    1567355,
    1583986,
    1600953,
    1617433,
    1634138,
    1650750,
    1667311,
    1684194,
    1704071,
    1733877,
    1758031,
    1767939,
    1783470,
    1800004,
    1816568,
    1833323,
    1849823,
    1866706,
    1883188,
    1899995,
    1916637,
    1933382,
    1949845,
    1966513,
    1983584,
    1999883,
    2016713,
    2033210,
    2049883,
    2066527,
    2083357,
    2099915,
    2116773,
    2133185,
    2150043,
    2168086
  ],
  "average_vsync_transitions_missed": 1.5,
  "90th_percentile_vsync_transitions_missed": 2.0,
  "99th_percentile_vsync_transitions_missed": 2.0
}