{
  "average_frame_build_time_millis": 1.3219047619047621,
  "90th_percentile_frame_build_time_millis": 1.584,
  "99th_percentile_frame_build_time_millis": 6.261,
  "worst_frame_build_time_millis": 6.946,
  "missed_frame_build_budget_count": 0,
  "average_frame_rasterizer_time_millis": 2.3763599999999996,
  "90th_percentile_frame_rasterizer_time_millis": 2.448,
  "99th_percentile_frame_rasterizer_time_millis": 16.356,
  "worst_frame_rasterizer_time_millis": 42.739,
  "missed_frame_rasterizer_budget_count": 2,
  "frame_count": 126,
  "frame_rasterizer_count": 125,
  "frame_build_times": [
    1379,
    911,
    455,
    569,
    639,
    670,
    826,
    788,
    781,
    956,
    110,
    304,
    359,
    378,
    421,
    473,
    481,
    363,
    473,
    434,
    499,
    473,
    481,
    6946,
    1254,
    985,
    1104,
    1069,
    1469,
    1520,
    1423,
    1433,
    1498,
    1479,
    1428,
    1448,
    1563,
    988,
    1009,
    993,
    1037,
    995,
    996,
    974,
    986,
    940,
    933,
    1144,
    4191,
    5174,
    1303,
    789,
    511,
    295,
    420,
    369,
    939,
    1010,
    1123,
    1492,
    1539,
    1601,
    989,
    1053,
    1012,
    1026,
    1024,
    966,
    1012,
    1030,
    1003,
    986,
    1119,
    4298,
    6069,
    1600,
    1444,
    1490,
    1347,
    1431,
    1436,
    1376,
    1409,
    1469,
    1383,
    1411,
    1506,
    1117,
    985,
    952,
    1028,
    1033,
    943,
    942,
    781,
    976,
    1002,
    954,
    982,
    4203,
    6261,
    1753,
    1077,
    1436,
    1667,
    1480,
    1555,
    1506,
    1276,
    1439,
    1430,
    1584,
    1525,
    1500,
    1193,
    1042,
    1092,
    1054,
    1117,
    1103,
    1103,
    1061,
    1129,
    1140,
    922,
    4735
  ],
  "frame_rasterizer_times": [
    16356,
    1376,
    379,
    798,
    586,
    427,
    775,
    414,
    558,
    548,
    1260,
    1365,
    1516,
    1844,
    1752,
    2003,
    1518,
    1724,
    1775,
    2233,
    1766,
    1827,
    1629,
    1932,
    1691,
    1856,
    2828,
    2169,
    2350,
    2196,
    2170,
    2399,
    2261,
    2149,
    2220,
    1917,
    2127,
    2107,
    2002,
    2253,
    2244,
    2122,
    2152,
    2270,
    2156,
    2208,
    2380,
    1605,
    1690,
    42739,
    704,
    494,
    463,
    711,
    706,
    1725,
    1625,
    1852,
    2201,
    2589,
    2495,
    2460,
    2022,
    3570,
    2448,
    2298,
    2212,
    2527,
    2360,
    2230,
    2272,
    2150,
    2093,
    1616,
    2001,
    2413,
    2448,
    3314,
    2344,
    2216,
    2293,
    2500,
    2350,
    2266,
    2259,
    2434,
    1724,
    2092,
    2208,
    2055,
    2312,
    2172,
    2182,
    1731,
    2220,
    2284,
    2319,
    2309,
    1681,
    1136,
    1524,
    1810,
    2072,
    2925,
    2103,
    2098,
    2017,
    2053,
    2255,
    2044,
    2108,
    2117,
    2299,
    1782,
    2040,
    2856,
    1947,
    1980,
    2264,
    2123,
    2034,
    1958,
    2168,
    1393,
    1367
  ],
  "frame_begin_times": [
    0,
    50033,
    66638,
    83299,
    99961,
    116700,
    133395,
    149974,
    166674,
    183364,
    200066,
    216963,
    233521,
    250306,
    267082,
    283703,
    300492,
    316912,
    333674,
    350354,
    367237,
    383648,
    400429,
    466840,
    483516,
    500197,
    516945,
    533627,
    550418,
    567049,
    583652,
    600329,
    617211,
    633713,
    650401,
    666964,
    683842,
    700336,
    716983,
    733681,
    750708,
    767002,
    783683,
    800376,
    816939,
    833691,
    850475,
    867033,
    883712,
    916801,
    933913,
    950080,
    983264,
    999957,
    1016634,
    1033349,
    1050228,
    1066871,
    1083561,
    1100329,
    1116990,
    1133722,
    1150403,
    1166986,
    1183630,
    1200417,
    1216991,
    1233677,
    1250559,
    1267011,
    1283658,
    1300326,
    1317223,
    1333651,
    1366797,
    1383605,
    1400318,
    1417024,
    1433666,
    1450376,
    1466977,
    1483652,
    1500364,
    1517041,
    1533653,
    1550222,
    1567098,
    1583532,
    1600313,
    1616973,
    1633831,
    1650274,
    1666975,
    1683600,
    1700314,
    1716955,
    1733561,
    1750290,
    1766946,
    1783662,
    1817754,
    1833359,
    1850142,
    1867076,
    1884088,
    1900158,
    1917180,
    1933609,
    1950723,
    1967064,
    1983592,
    2000319,
    2017265,
    2033586,
    2050196,
    2067068,
    2083703,
    2100287,
    2117087,
    2133764,
    2150375,
    2167146,
    2183581,
    2200784,
    2216941,
    2233513
  ],
  "frame_rasterizer_begin_times": [
    0,
    16406,
    32887,
    49595,
    66376,
    83189,
    99750,
    116463,
    133335,
    149218,
    166316,
    182887,
    199673,
    216515,
    233202,
    249996,
    266260,
    283117,
    299816,
    316762,
    333096,
    349893,
    422474,
    433753,
    450170,
    467034,
    483683,
    500916,
    517595,
    534104,
    550820,
    567749,
    584187,
    600824,
    617435,
    634448,
    650352,
    667048,
    683663,
    700756,
    717061,
    733710,
    750378,
    766908,
    783664,
    800425,
    817095,
    836911,
    870744,
    884231,
    927102,
    932728,
    949260,
    966070,
    982691,
    1000127,
    1016845,
    1033669,
    1050853,
    1067555,
    1084347,
    1100452,
    1117061,
    1133701,
    1150463,
    1167044,
    1183698,
    1200594,
    1217107,
    1233692,
    1250367,
    1267325,
    1286485,
    1321622,
    1334200,
    1350772,
    1367540,
    1384077,
    1400858,
    1417443,
    1434076,
    1450799,
    1467538,
    1484089,
    1500681,
    1517649,
    1533648,
    1550323,
    1566969,
    1583860,
    1600323,
    1616948,
    1633492,
    1650084,
    1666957,
    1683609,
    1700293,
    1716958,
    1736853,
    1772848,
    1784089,
    1800215,
    1817548,
    1834711,
    1850669,
    1867693,
    1884061,
    1900909,
    1917540,
    1934054,
    1950826,
    1967737,
    1984119,
    2000202,
    2017143,
    2033834,
    2050377,
    2067201,
    2083903,
    2100526,
    2117282,
    2133748,
    2150966,
    2166857,
    2186964
  ],
  "average_vsync_transitions_missed": 1.25,
  "90th_percentile_vsync_transitions_missed": 2.0,
  "99th_percentile_vsync_transitions_missed": 2.0
}