{
  "average_frame_build_time_millis": 1.3249126984126987,
  "90th_percentile_frame_build_time_millis": 1.598,
  "99th_percentile_frame_build_time_millis": 6.893,
  "worst_frame_build_time_millis": 7.096,
  "missed_frame_build_budget_count": 0,
  "average_frame_rasterizer_time_millis": 2.4002159999999986,
  "90th_percentile_frame_rasterizer_time_millis": 2.553,
  "99th_percentile_frame_rasterizer_time_millis": 16.485,
  "worst_frame_rasterizer_time_millis": 39.708,
  "missed_frame_rasterizer_budget_count": 2,
  "frame_count": 126,
  "frame_rasterizer_count": 125,
  "frame_build_times": [
    1453,
    784,
    472,
    683,
    652,
    576,
    750,
    679,
    997,
    923,
    165,
    286,
    281,
    522,
    471,
    440,
    348,
    449,
    429,
    449,
    453,
    506,
    451,
    7096,
    1503,
    1403,
    1081,
    1355,
    1426,
    1451,
    1365,
    1337,
    1371,
    1490,
    1370,
    1399,
    1469,
    993,
    914,
    997,
    991,
    930,
    943,
    914,
    973,
    1022,
    906,
    1014,
    4073,
    4642,
    1216,
    768,
    534,
    337,
    425,
    418,
    949,
    975,
    1254,
    1548,
    1528,
    1517,
    1247,
    1004,
    1013,
    1012,
    1009,
    1004,
    1018,
    990,
    1126,
    1020,
    946,
    4104,
    6893,
    1719,
    2214,
    1421,
    1394,
    1415,
    1077,
    1462,
    1376,
    1370,
    1454,
    1373,
    1387,
    1283,
    1001,
    971,
    939,
    1142,
    977,
    1117,
    956,
    1210,
    951,
    1032,
    1046,
    4623,
    5018,
    1840,
    1009,
    1146,
    1552,
    1554,
    1615,
    1598,
    1527,
    1575,
    1577,
    1549,
    1554,
    1597,
    1100,
    1190,
    1165,
    1133,
    1097,
    1084,
    1092,
    1168,
    1129,
    1066,
    928,
    3664
  ],
  "frame_rasterizer_times": [
    16485,
    1342,
    462,
    760,
    545,
    437,
    803,
    593,
    526,
    705,
    1212,
    1161,
    2103,
    1823,
    1831,
    1615,
    1936,
    2029,
    1820,
    2018,
    1931,
    1902,
    2147,
    2327,
    2504,
    1831,
    3813,
    2281,
    2338,
    2269,
    2214,
    2551,
    2360,
    2227,
    2259,
    2438,
    2195,
    2247,
    2292,
    2074,
    2205,
    2212,
    2162,
    2270,
    2222,
    2235,
    2199,
    1723,
    1424,
    39708,
    786,
    508,
    498,
    670,
    697,
    1522,
    1582,
    1956,
    2532,
    2479,
    2423,
    2483,
    1958,
    3271,
    2659,
    2553,
    2344,
    2277,
    2644,
    2360,
    2345,
    2267,
    2434,
    1503,
    2122,
    2739,
    2599,
    3053,
    2346,
    1841,
    2428,
    2424,
    2720,
    2313,
    2338,
    2398,
    2030,
    2231,
    2315,
    2961,
    2416,
    2327,
    2261,
    2255,
    1695,
    2155,
    2415,
    2334,
    1773,
    1111,
    1611,
    1391,
    1550,
    2348,
    2269,
    2060,
    1993,
    1942,
    2135,
    2036,
    2085,
    1834,
    1563,
    1912,
    2008,
    1913,
    2051,
    1964,
    1908,
    2041,
    2041,
    1879,
    2041,
    3007,
    1328
  ],
  "frame_begin_times": [
    0,
    49917,
    66498,
    83336,
    99873,
    116557,
    133236,
    149936,
    166614,
    183244,
    199950,
    216873,
    233458,
    250369,
    266846,
    283560,
    300230,
    316942,
    333559,
    350251,
    366935,
    383501,
    400190,
    466606,
    483454,
    500273,
    516711,
    533433,
    550193,
    566923,
    583467,
    600141,
    616925,
    633559,
    650202,
    666831,
    683633,
    700137,
    716827,
    733464,
    750334,
    766845,
    783556,
    800158,
    817164,
    833502,
    850149,
    866857,
    883434,
    902851,
    916778,
    933258,
    966421,
    983092,
    999833,
    1016513,
    1033412,
    1050029,
    1066726,
    1083506,
    1100170,
    1116837,
    1133556,
    1150167,
    1166824,
    1183551,
    1200162,
    1216788,
    1233456,
    1250348,
    1266864,
    1283514,
    1300069,
    1316964,
    1350027,
    1366639,
    1383880,
    1400154,
    1416627,
    1433473,
    1450105,
    1466875,
    1483570,
    1500128,
    1516864,
    1533465,
    1550206,
    1567027,
    1583592,
    1600143,
    1616820,
    1633864,
    1650144,
    1666770,
    1683511,
    1700343,
    1716845,
    1733630,
    1750183,
    1766801,
    1800269,
    1816624,
    1833329,
    1849986,
    1866779,
    1883459,
    1900168,
    1916799,
    1933487,
    1950213,
    1966707,
    1983546,
    2000085,
    2016920,
    2033476,
    2050046,
    2066778,
    2083505,
    2100105,
    2116787,
    2133512,
    2150175,
    2166863,
    2183459,
    2200195,
    2216622
  ],
  "frame_rasterizer_begin_times": [
    0,
    16530,
    33387,
    49842,
    66538,
    83347,
    99947,
    116920,
    133555,
    149480,
    166486,
    183065,
    200258,
    216774,
    233399,
    249943,
    266777,
    283344,
    300054,
    316755,
    333346,
    349985,
    422774,
    434323,
    451047,
    467119,
    484135,
    501007,
    517742,
    534201,
    550844,
    567664,
    584395,
    600931,
    617581,
    634461,
    650479,
    667112,
    683755,
    700704,
    717148,
    733884,
    750389,
    767519,
    783892,
    800408,
    817243,
    836793,
    856650,
    867276,
    907113,
    916272,
    932759,
    949649,
    966298,
    983695,
    1000339,
    1017282,
    1034405,
    1051030,
    1067736,
    1084075,
    1100563,
    1117213,
    1133916,
    1150535,
    1167155,
    1183854,
    1200715,
    1217311,
    1233948,
    1250405,
    1269959,
    1305988,
    1317740,
    1335403,
    1350944,
    1367275,
    1384244,
    1400522,
    1417600,
    1434328,
    1450865,
    1467693,
    1484191,
    1500945,
    1517584,
    1533953,
    1550476,
    1567145,
    1584392,
    1600470,
    1617175,
    1633823,
    1650882,
    1667164,
    1683979,
    1700595,
    1720773,
    1754506,
    1767738,
    1783668,
    1800443,
    1817727,
    1834403,
    1851173,
    1867661,
    1884413,
    1901161,
    1917638,
    1934415,
    1951007,
    1967868,
    1983964,
    2000491,
    2017196,
    2034000,
    2050549,
    2067245,
    2083942,
    2100632,
    2117337,
    2133843,
    2150451,
    2169323
  ],
  "average_vsync_transitions_missed": 1.25,
  "90th_percentile_vsync_transitions_missed": 2.0,
  "99th_percentile_vsync_transitions_missed": 2.0
}