{
  "average_frame_build_time_millis": 1.3051328125000001,
  "90th_percentile_frame_build_time_millis": 1.596,
  "99th_percentile_frame_build_time_millis": 6.841,
  "worst_frame_build_time_millis": 7.863,
  "missed_frame_build_budget_count": 0,
  "average_frame_rasterizer_time_millis": 2.4287421875000015,
  "90th_percentile_frame_rasterizer_time_millis": 2.498,
  "99th_percentile_frame_rasterizer_time_millis": 3.805,
  "worst_frame_rasterizer_time_millis": 42.39,
  "missed_frame_rasterizer_budget_count": 1,
  "frame_count": 128,
  "frame_rasterizer_count": 128,
  "frame_build_times": [
    449,
    517,
    441,
    450,
    477,
    433,
    438,
    542,
    451,
    453,
    6841,
    1640,
    1182,
    1596,
    1368,
    1460,
    1921,
    1462,
    1424,
    1489,
    1531,
    1389,
    1447,
    1409,
    921,
    840,
    915,
    972,
    976,
    913,
    1017,
    987,
    959,
    976,
    929,
    3547,
    3318,
    542,
    382,
    229,
    152,
    184,
    216,
    403,
    423,
    499,
    625,
    614,
    634,
    4128,
    1488,
    1303,
    1303,
    1786,
    1265,
    1338,
    1246,
    956,
    1239,
    1242,
    1243,
    1392,
    1367,
    887,
    921,
    945,
    901,
    885,
    953,
    924,
    919,
    966,
    968,
    912,
    2971,
    5113,
    1485,
    1366,
    1386,
    1506,
    1311,
    1287,
    1533,
    1389,
    1249,
    1354,
    1448,
    1373,
    1414,
    891,
    833,
    907,
    884,
    908,
    932,
    918,
    928,
    892,
    983,
    901,
    4339,
    813,
    7863,
    2058,
    1553,
    1382,
    1394,
    1501,
    1111,
    1394,
    1055,
    1382,
    1410,
    1374,
    1392,
    1004,
    1076,
    1046,
    991,
    1060,
    1060,
    1001,
    1000,
    1276,
    1018,
    1001,
    1012,
    3869
  ],
  "frame_rasterizer_times": [
    1800,
    1852,
    1800,
    1768,
    1894,
    1748,
    1791,
    1769,
    1900,
    1861,
    1604,
    1926,
    2290,
    1861,
    3805,
    2333,
    1894,
    2321,
    2344,
    2316,
    2432,
    2350,
    2371,
    2445,
    3259,
    1999,
    2323,
    2623,
    2290,
    2233,
    2203,
    2535,
    2271,
    2364,
    2224,
    1419,
    1224,
    42390,
    683,
    1708,
    1335,
    1825,
    2191,
    2251,
    1138,
    2738,
    1745,
    1661,
    1873,
    2375,
    2770,
    3181,
    2247,
    2280,
    2243,
    2383,
    2370,
    2063,
    2370,
    2358,
    2544,
    2354,
    2365,
    2298,
    2539,
    2446,
    2298,
    2255,
    2761,
    2201,
    2321,
    2280,
    1800,
    2260,
    1609,
    1651,
    1928,
    2153,
    2498,
    2935,
    2194,
    2141,
    2472,
    2244,
    2181,
    2324,
    2144,
    2461,
    2704,
    2174,
    1782,
    2142,
    2173,
    2186,
    2374,
    2098,
    2089,
    2289,
    1826,
    2148,
    1679,
    1504,
    1354,
    1759,
    1967,
    2033,
    2338,
    1971,
    1661,
    2059,
    1558,
    2043,
    2108,
    1978,
    1967,
    2069,
    2041,
    1912,
    1993,
    2232,
    2030,
    1896,
    2038,
    1795,
    1939,
    1957,
    1945,
    1791
  ],
  "frame_begin_times": [
    0,
    16204,
    32980,
    49631,
    66355,
    82949,
    99583,
    116226,
    132985,
    149556,
    216022,
    232700,
    249867,
    266291,
    282897,
    299564,
    316920,
    332941,
    349652,
    366188,
    383000,
    399594,
    416317,
    432925,
    449793,
    466139,
    482802,
    499819,
    516386,
    532921,
    549565,
    566785,
    582892,
    599472,
    616320,
    633292,
    649758,
    666145,
    682805,
    715795,
    732465,
    749222,
    765851,
    782688,
    799378,
    816272,
    832884,
    849530,
    866217,
    883172,
    899603,
    916206,
    932916,
    949677,
    966250,
    982922,
    999508,
    1016091,
    1032847,
    1049524,
    1066141,
    1082907,
    1099511,
    1116180,
    1132944,
    1149603,
    1166156,
    1182836,
    1199944,
    1216212,
    1233016,
    1249550,
    1266257,
    1282885,
    1299376,
    1332559,
    1349438,
    1366141,
    1382806,
    1399561,
    1416145,
    1432840,
    1449744,
    1466239,
    1482868,
    1499572,
    1516388,
    1532811,
    1549511,
    1566200,
    1582950,
    1599518,
    1616170,
    1632857,
    1649514,
    1666127,
    1682889,
    1699521,
    1716137,
    1732859,
    1749539,
    1782519,
    1799502,
    1816073,
    1833049,
    1849482,
    1866052,
    1882837,
    1899815,
    1916167,
    1932727,
    1949522,
    1966095,
    1982773,
    1999433,
    2016093,
    2032810,
    2049485,
    2066148,
    2082899,
    2099511,
    2116153,
    2132866,
    2149682,
    2166137,
    2182779,
    2199491,
    2216563
  ],
  "frame_rasterizer_begin_times": [
    0,
    16170,
    32984,
    49650,
    66384,
    82938,
    99579,
    116250,
    132993,
    149582,
    222145,
    233834,
    250534,
    267440,
    283813,
    300587,
    318284,
    333949,
    350662,
    367190,
    384110,
    400551,
    417295,
    433874,
    450215,
    466545,
    483269,
    500310,
    516922,
    533393,
    550021,
    567348,
    583357,
    599995,
    616809,
    636357,
    652480,
    666159,
    708633,
    715584,
    732103,
    748932,
    765497,
    782599,
    799328,
    816307,
    833018,
    849659,
    866390,
    886397,
    900609,
    916983,
    933776,
    951003,
    966990,
    983706,
    1000228,
    1016598,
    1033550,
    1050234,
    1066905,
    1083852,
    1100325,
    1116653,
    1133406,
    1150228,
    1166642,
    1183397,
    1200460,
    1216694,
    1233489,
    1250092,
    1266777,
    1283371,
    1301557,
    1337014,
    1350437,
    1367088,
    1383751,
    1400524,
    1416924,
    1433688,
    1450709,
    1467186,
    1483592,
    1500373,
    1517381,
    1533626,
    1550437,
    1566648,
    1583322,
    1599981,
    1616597,
    1633309,
    1649992,
    1666621,
    1683258,
    1699884,
    1716679,
    1733301,
    1753411,
    1782927,
    1806613,
    1817627,
    1834062,
    1850334,
    1867000,
    1883868,
    1900458,
    1917121,
    1933345,
    1950424,
    1967053,
    1983612,
    2000378,
    2016640,
    2033401,
    2050099,
    2066705,
    2083520,
    2100129,
    2116734,
    2133447,
    2150287,
    2166694,
    2183356,
    2200053,
    2219525
  ],
  "average_vsync_transitions_missed": 1.5,
  "90th_percentile_vsync_transitions_missed": 2.0,
  "99th_percentile_vsync_transitions_missed": 2.0
}