{
  "average_frame_build_time_millis": 1.3063439999999993,
  "90th_percentile_frame_build_time_millis": 1.637,
  "99th_percentile_frame_build_time_millis": 6.286,
  "worst_frame_build_time_millis": 8.185,
  "missed_frame_build_budget_count": 0,
  "average_frame_rasterizer_time_millis": 4.827751999999998,
  "90th_percentile_frame_rasterizer_time_millis": 16.467,
  "99th_percentile_frame_rasterizer_time_millis": 17.203,
  "worst_frame_rasterizer_time_millis": 42.5,
  "missed_frame_rasterizer_budget_count": 22,
  "frame_count": 125,
  "frame_rasterizer_count": 125,
  "frame_build_times": [
    368,
    455,
    465,
    726,
    695,
    963,
    966,
    1106,
    145,
    161,
    221,
    190,
    206,
    140,
    224,
    159,
    177,
    208,
    280,
    152,
    216,
    2997,
    1325,
    809,
    1099,
    1072,
    1443,
    1595,
    1437,
    1368,
    1446,
    1514,
    1358,
    1661,
    1484,
    1009,
    944,
    1083,
    975,
    932,
    1057,
    995,
    914,
    941,
    937,
    901,
    4196,
    5434,
    1307,
    808,
    571,
    343,
    418,
    410,
    999,
    950,
    962,
    1346,
    1327,
    1533,
    973,
    961,
    983,
    974,
    994,
    958,
    993,
    957,
    961,
    1014,
    1029,
    4109,
    6286,
    1914,
    1430,
    1623,
    1490,
    1410,
    1375,
    1345,
    1486,
    1425,
    1438,
    1533,
    1496,
    1467,
    969,
    1099,
    811,
    944,
    954,
    974,
    955,
    949,
    943,
    1018,
    1031,
    4451,
    1027,
    8185,
    2156,
    1728,
    1527,
    1463,
    1477,
    1532,
    1557,
    1528,
    1509,
    1637,
    1514,
    1481,
    1083,
    1252,
    1052,
    1112,
    1178,
    1255,
    1096,
    1153,
    1131,
    1154,
    1268,
    1069,
    5324
  ],
  "frame_rasterizer_times": [
    16461,
    16688,
    16712,
    16467,
    16530,
    16451,
    16052,
    16116,
    16656,
    16825,
    16266,
    16768,
    16454,
    16881,
    16381,
    16600,
    17203,
    16139,
    16380,
    16724,
    16892,
    696,
    1567,
    1334,
    1833,
    2303,
    2078,
    2558,
    2282,
    2563,
    2342,
    2342,
    2322,
    2604,
    2311,
    2272,
    2387,
    2688,
    2074,
    2240,
    2366,
    2377,
    2373,
    2220,
    2167,
    2239,
    1597,
    1825,
    42500,
    822,
    442,
    549,
    705,
    700,
    1556,
    1525,
    1598,
    2082,
    1955,
    2378,
    2341,
    2353,
    3353,
    2426,
    2503,
    2482,
    2439,
    2297,
    2337,
    2493,
    2354,
    2099,
    1573,
    1871,
    2391,
    2007,
    3139,
    2276,
    2256,
    2291,
    2302,
    2322,
    2261,
    2499,
    2316,
    2238,
    2207,
    2401,
    1752,
    2328,
    2173,
    2159,
    2205,
    2221,
    2223,
    2314,
    2159,
    1590,
    1258,
    1279,
    1823,
    1804,
    2206,
    2330,
    2085,
    2328,
    2179,
    2105,
    2006,
    2194,
    2037,
    1873,
    1900,
    2044,
    2979,
    1970,
    1876,
    2430,
    1974,
    1988,
    2184,
    1958,
    1997,
    1832,
    1461
  ],
  "frame_begin_times": [
    0,
    16699,
    33400,
    50041,
    66738,
    83391,
    100170,
    116667,
    133538,
    150099,
    166830,
    183425,
    200208,
    216789,
    233551,
    250227,
    266879,
    283724,
    300113,
    316866,
    333476,
    400134,
    416902,
    433499,
    450276,
    466926,
    483782,
    500475,
    516970,
    533643,
    550485,
    567024,
    583661,
    600588,
    617024,
    633664,
    650330,
    667195,
    683720,
    700402,
    717092,
    733783,
    750257,
    766968,
    783618,
    800364,
    816952,
    850210,
    866911,
    883424,
    916670,
    933283,
    950006,
    966675,
    983631,
    1000175,
    1016868,
    1033577,
    1050549,
    1066899,
    1083656,
    1100358,
    1117151,
    1133835,
    1150278,
    1167012,
    1183706,
    1200316,
    1217088,
    1233774,
    1250227,
    1267011,
    1300328,
    1317010,
    1333641,
    1350302,
    1367003,
    1383597,
    1400285,
    1416878,
    1433639,
    1450325,
    1467007,
    1483673,
    1500334,
    1516976,
    1533616,
    1550436,
    1567004,
    1583554,
    1600330,
    1617169,
    1633634,
    1650282,
    1666967,
    1684024,
    1700336,
    1716946,
    1750213,
    1766846,
    1783470,
    1800582,
    1817019,
    1833579,
    1850276,
    1867111,
    1883465,
    1900305,
    1916918,
    1933783,
    1950203,
    1966930,
    1983545,
    2000335,
    2016841,
    2033728,
    2050271,
    2067022,
    2083581,
    2100329,
    2116973,
    2133673,
    2150208,
    2166848,
    2183787
  ],
  "frame_rasterizer_begin_times": [
    0,
    16551,
    33298,
    50175,
    66919,
    83831,
    100622,
    117258,
    133419,
    150155,
    167088,
    183426,
    200248,
    216790,
    233765,
    250203,
    266881,
    284139,
    300361,
    316793,
    333594,
    402399,
    417617,
    433740,
    450830,
    467431,
    484693,
    501542,
    517796,
    534528,
    551401,
    567980,
    584480,
    601805,
    617975,
    634136,
    650740,
    667707,
    684192,
    700814,
    717574,
    734215,
    750636,
    767380,
    784023,
    800738,
    820576,
    854677,
    867633,
    910254,
    916724,
    933062,
    949863,
    966535,
    984018,
    1000564,
    1017278,
    1034390,
    1051287,
    1067919,
    1084115,
    1100825,
    1117632,
    1134275,
    1150740,
    1167442,
    1184183,
    1200758,
    1217515,
    1234266,
    1250749,
    1270132,
    1305865,
    1318355,
    1334553,
    1351397,
    1367875,
    1384436,
    1401119,
    1417671,
    1434572,
    1451193,
    1467910,
    1484678,
    1501314,
    1517901,
    1533974,
    1550912,
    1567227,
    1583992,
    1600766,
    1617645,
    1634085,
    1650702,
    1667411,
    1684523,
    1700855,
    1720819,
    1750689,
    1774227,
    1784950,
    1801721,
    1818000,
    1834513,
    1851227,
    1868118,
    1884480,
    1901217,
    1917906,
    1934914,
    1951201,
    1967885,
    1984108,
    2000943,
    2017383,
    2034203,
    2050836,
    2067621,
    2084127,
    2100943,
    2117577,
    2134285,
    2150819,
    2167397,
    2187994
  ],
  "average_vsync_transitions_missed": 1.0416666666666667,
  "90th_percentile_vsync_transitions_missed": 1.0,
  "99th_percentile_vsync_transitions_missed": 2.0
}