{
  "average_frame_build_time_millis": 1.3643888888888884,
  "90th_percentile_frame_build_time_millis": 1.67,
  "99th_percentile_frame_build_time_millis": 7.01,
  "worst_frame_build_time_millis": 8.16,
  "missed_frame_build_budget_count": 0,
  "average_frame_rasterizer_time_millis": 4.911555555555556,
  "90th_percentile_frame_rasterizer_time_millis": 16.658,
  "99th_percentile_frame_rasterizer_time_millis": 17.434,
  "worst_frame_rasterizer_time_millis": 44.08,
  "missed_frame_rasterizer_budget_count": 21,
  "frame_count": 126,
  "frame_rasterizer_count": 126,
  "frame_build_times": [
    742,
    444,
    473,
    488,
    657,
    600,
    593,
    912,
    1082,
    316,
    291,
    285,
    323,
    434,
    457,
    432,
    430,
    448,
    435,
    433,
    426,
    443,
    4566,
    1510,
    1045,
    1518,
    1472,
    1397,
    1421,
    1360,
    1432,
    1414,
    1373,
    1482,
    1396,
    1394,
    931,
    993,
    932,
    931,
    947,
    995,
    929,
    971,
    990,
    760,
    946,
    3987,
    7010,
    1670,
    780,
    512,
    294,
    423,
    864,
    862,
    1039,
    2230,
    1112,
    1505,
    1915,
    1621,
    1089,
    968,
    982,
    1054,
    940,
    963,
    966,
    1086,
    955,
    938,
    5000,
    6292,
    1246,
    1112,
    1445,
    1516,
    1371,
    1481,
    1881,
    1490,
    1454,
    1471,
    1466,
    1364,
    1584,
    987,
    997,
    1055,
    1452,
    1003,
    1088,
    967,
    1029,
    1179,
    974,
    951,
    4468,
    706,
    8160,
    2237,
    1437,
    1483,
    1497,
    1543,
    1492,
    1405,
    1466,
    1609,
    1490,
    1481,
    1501,
    1131,
    1067,
    1072,
    1164,
    1088,
    1170,
    1074,
    1069,
    1069,
    1060,
    1066,
    1149,
    4890
  ],
  "frame_rasterizer_times": [
    16104,
    1023,
    279,
    308,
    384,
    363,
    417,
    538,
    533,
    1463,
    1220,
    1190,
    1351,
    1731,
    1775,
    1759,
    1747,
    1956,
    1734,
    1714,
    1849,
    1971,
    1775,
    1759,
    1864,
    2682,
    3148,
    2180,
    2234,
    1763,
    2168,
    2212,
    2330,
    1983,
    2189,
    2202,
    2311,
    2256,
    2234,
    2133,
    2422,
    2269,
    2174,
    2141,
    2421,
    1720,
    2168,
    1664,
    1710,
    44080,
    782,
    16556,
    16729,
    17289,
    16276,
    16781,
    17434,
    15422,
    16906,
    16658,
    16685,
    16094,
    16455,
    17132,
    16890,
    15728,
    16480,
    16675,
    16758,
    16420,
    16427,
    17073,
    13571,
    1609,
    1798,
    2140,
    2062,
    3030,
    2549,
    2357,
    2362,
    2214,
    2298,
    1787,
    2283,
    2266,
    2299,
    2417,
    2396,
    2273,
    3148,
    2362,
    2314,
    2288,
    3551,
    2345,
    2220,
    2366,
    1441,
    1256,
    1396,
    1836,
    1750,
    2039,
    2446,
    2125,
    2022,
    2012,
    2171,
    2108,
    2016,
    1965,
    2183,
    1953,
    1974,
    1872,
    1907,
    1876,
    1554,
    1907,
    2029,
    1933,
    1892,
    1884,
    2012,
    1741
  ],
  "frame_begin_times": [
    0,
    16531,
    33195,
    49834,
    66581,
    83187,
    99887,
    116577,
    133202,
    150322,
    166670,
    183431,
    200070,
    216983,
    233512,
    250254,
    266904,
    283585,
    300226,
    316832,
    333574,
    350294,
    416663,
    433468,
    450015,
    467001,
    483521,
    500209,
    516834,
    533643,
    550181,
    566845,
    583529,
    600224,
    616911,
    633600,
    650190,
    666936,
    683519,
    700122,
    716870,
    733593,
    750197,
    766870,
    783655,
    800152,
    816805,
    833502,
    866673,
    883395,
    900015,
    933150,
    949815,
    966508,
    983480,
    999973,
    1016646,
    1033554,
    1050076,
    1066707,
    1083490,
    1100527,
    1116848,
    1133469,
    1150157,
    1167031,
    1183441,
    1200128,
    1216766,
    1233526,
    1250119,
    1266773,
    1283528,
    1316787,
    1333242,
    1350145,
    1366744,
    1383479,
    1400122,
    1417037,
    1433448,
    1450119,
    1466844,
    1483617,
    1500085,
    1516771,
    1533446,
    1550056,
    1566747,
    1583393,
    1600240,
    1616808,
    1633446,
    1650187,
    1666936,
    1683431,
    1700115,
    1716740,
    1733711,
    1766704,
    1783344,
    1800127,
    1816828,
    1833535,
    1850104,
    1866839,
    1883481,
    1900002,
    1916773,
    1933459,
    1950095,
    1966790,
    1983587,
    2000148,
    2016804,
    2033488,
    2050217,
    2066786,
    2083405,
    2100073,
    2116993,
    2133342,
    2150047,
    2166704,
    2183506,
    2200147
  ],
  "frame_rasterizer_begin_times": [
    0,
    16202,
    32853,
    49523,
    66430,
    83032,
    99677,
    116660,
    133498,
    149822,
    166160,
    182918,
    199606,
    216633,
    233116,
    249911,
    266555,
    283252,
    299900,
    316491,
    333244,
    349940,
    420268,
    434176,
    450275,
    467744,
    484217,
    500828,
    517465,
    534191,
    550838,
    567464,
    584112,
    600934,
    617513,
    634243,
    650345,
    667154,
    683653,
    700279,
    717034,
    733810,
    750348,
    767062,
    783894,
    800094,
    816889,
    836675,
    872499,
    884229,
    928399,
    932846,
    949460,
    966290,
    983617,
    999986,
    1016814,
    1034907,
    1050420,
    1067444,
    1084490,
    1101284,
    1117445,
    1133975,
    1151256,
    1168260,
    1184128,
    1200668,
    1217419,
    1234244,
    1250740,
    1267245,
    1287260,
    1322075,
    1333649,
    1350604,
    1367418,
    1384100,
    1400725,
    1417765,
    1434464,
    1450838,
    1467529,
    1484222,
    1500782,
    1517315,
    1534258,
    1550285,
    1566866,
    1583571,
    1600807,
    1617035,
    1633761,
    1650370,
    1667155,
    1683753,
    1700301,
    1716938,
    1737360,
    1766543,
    1790382,
    1801525,
    1817502,
    1834204,
    1850798,
    1867610,
    1884166,
    1900636,
    1917468,
    1934291,
    1950830,
    1967457,
    1984318,
    2000455,
    2017091,
    2033764,
    2050573,
    2067104,
    2083712,
    2100347,
    2117261,
    2133646,
    2150285,
    2166988,
    2183799,
    2203833
  ],
  "average_vsync_transitions_missed": 1.0384615384615385,
  "90th_percentile_vsync_transitions_missed": 1.0,
  "99th_percentile_vsync_transitions_missed": 2.0
}