{
  "average_frame_build_time_millis": 1.3191760000000001,
  "90th_percentile_frame_build_time_millis": 1.588,
  "99th_percentile_frame_build_time_millis": 7.062,
  "worst_frame_build_time_millis": 8.815,
  "missed_frame_build_budget_count": 0,
  "average_frame_rasterizer_time_millis": 2.2393280000000004,
  "90th_percentile_frame_rasterizer_time_millis": 2.422,
  "99th_percentile_frame_rasterizer_time_millis": 3.404,
  "worst_frame_rasterizer_time_millis": 42.626,
  "missed_frame_rasterizer_budget_count": 1,
  "frame_count": 125,
  "frame_rasterizer_count": 125,
  "frame_build_times": [
    927,
    475,
    559,
    577,
    741,
    728,
    748,
    965,
    147,
    302,
    304,
    355,
    298,
    338,
    440,
    462,
    434,
    446,
    570,
    548,
    486,
    7062,
    1215,
    1132,
    1123,
    1434,
    1446,
    1133,
    1416,
    1447,
    1421,
    1511,
    1445,
    1456,
    1346,
    902,
    963,
    977,
    1021,
    1033,
    956,
    989,
    1023,
    1007,
    967,
    996,
    2990,
    5245,
    1235,
    812,
    526,
    303,
    459,
    481,
    951,
    1049,
    1091,
    1160,
    1141,
    1720,
    969,
    974,
    990,
    1023,
    1002,
    1007,
    980,
    936,
    993,
    993,
    834,
    4153,
    5671,
    1654,
    1461,
    1462,
    1381,
    1505,
    1476,
    1351,
    1388,
    1444,
    1138,
    1424,
    1390,
    1489,
    951,
    980,
    995,
    1003,
    1011,
    974,
    1009,
    980,
    973,
    992,
    1040,
    4267,
    664,
    8815,
    2196,
    883,
    1067,
    1516,
    1543,
    1493,
    1515,
    1588,
    1464,
    1460,
    1659,
    1532,
    1086,
    1097,
    989,
    1064,
    1051,
    1099,
    1095,
    1075,
    1055,
    1075,
    1215,
    1079,
    4825
  ],
  "frame_rasterizer_times": [
    798,
    347,
    636,
    522,
    410,
    782,
    470,
    520,
    541,
    1198,
    1191,
    1564,
    1248,
    1362,
    1820,
    1889,
    1767,
    2023,
    1945,
    1885,
    1817,
    1839,
    2024,
    2025,
    1996,
    3344,
    2240,
    1812,
    2209,
    2206,
    2242,
    2276,
    2300,
    2335,
    1860,
    2128,
    2285,
    2135,
    2401,
    2211,
    2236,
    2200,
    1902,
    2240,
    2296,
    2203,
    1372,
    1691,
    42626,
    717,
    515,
    471,
    724,
    712,
    1537,
    1862,
    1774,
    2008,
    1885,
    1912,
    2375,
    2411,
    3404,
    2481,
    2349,
    2269,
    2550,
    2454,
    2290,
    2342,
    2017,
    2048,
    1610,
    2176,
    2418,
    2415,
    2958,
    2726,
    2298,
    2272,
    2309,
    2375,
    1733,
    2256,
    2435,
    2336,
    2215,
    2284,
    2422,
    2293,
    2274,
    2210,
    2468,
    2278,
    2339,
    2067,
    2627,
    1742,
    1322,
    1404,
    1853,
    1419,
    1694,
    2488,
    2079,
    2022,
    2319,
    2119,
    2004,
    1784,
    2408,
    1956,
    1915,
    1954,
    1739,
    2040,
    1941,
    1926,
    2018,
    1607,
    1980,
    2117,
    2107,
    1942,
    1747
  ],
  "frame_begin_times": [
    0,
    16707,
    33333,
    49995,
    66660,
    83357,
    100050,
    116693,
    133386,
    150276,
    166905,
    183738,
    200232,
    216921,
    233778,
    250384,
    267097,
    283765,
    300440,
    317058,
    333769,
    400136,
    416761,
    433710,
    450252,
    467139,
    483794,
    500497,
    516932,
    533736,
    550322,
    567044,
    583720,
    600354,
    616930,
    633574,
    650322,
    667120,
    683912,
    700346,
    717067,
    733669,
    750447,
    767002,
    783667,
    800340,
    816995,
    850296,
    866893,
    883476,
    916752,
    933280,
    950010,
    966645,
    983568,
    1000317,
    1016913,
    1033577,
    1050275,
    1067462,
    1083686,
    1100388,
    1116991,
    1133816,
    1150337,
    1166950,
    1183556,
    1200271,
    1217019,
    1233588,
    1250476,
    1267072,
    1300051,
    1317042,
    1333622,
    1350332,
    1367007,
    1383751,
    1400334,
    1416827,
    1433661,
    1450283,
    1466801,
    1483653,
    1500329,
    1517027,
    1533640,
    1550262,
    1567093,
    1583735,
    1600387,
    1616935,
    1633784,
    1650332,
    1667052,
    1683652,
    1700465,
    1716986,
    1750067,
    1767052,
    1783508,
    1800123,
    1816849,
    1833614,
    1850244,
    1866971,
    1883729,
    1900330,
    1916926,
    1933684,
    1950462,
    1966865,
    1983613,
    2000183,
    2017030,
    2033649,
    2050270,
    2066921,
    2083578,
    2100243,
    2116903,
    2133609,
    2150242,
    2166948,
    2183577
  ],
  "frame_rasterizer_begin_times": [
    0,
    16305,
    32966,
    49693,
    66486,
    83183,
    99836,
    116807,
    132610,
    149644,
    166281,
    183179,
    199611,
    216327,
    233312,
    249944,
    266666,
    283319,
    300122,
    316683,
    333327,
    405962,
    417018,
    433912,
    450432,
    467679,
    484348,
    500696,
    517369,
    534291,
    550859,
    567666,
    584195,
    600913,
    617159,
    633586,
    650395,
    667195,
    684056,
    700500,
    717119,
    733770,
    750593,
    767071,
    783755,
    800439,
    819049,
    854406,
    867210,
    910029,
    916317,
    932715,
    949549,
    966167,
    983586,
    1000412,
    1017072,
    1033823,
    1050433,
    1068274,
    1083767,
    1100500,
    1117104,
    1133944,
    1150460,
    1167081,
    1183659,
    1200310,
    1217118,
    1233659,
    1250376,
    1269793,
    1304622,
    1317847,
    1334216,
    1350902,
    1367485,
    1384266,
    1400919,
    1417279,
    1434178,
    1450831,
    1467014,
    1484206,
    1500841,
    1517575,
    1533702,
    1550348,
    1567219,
    1583827,
    1600488,
    1617022,
    1633907,
    1650433,
    1667131,
    1683706,
    1700521,
    1720315,
    1749791,
    1774692,
    1784727,
    1800096,
    1817007,
    1834238,
    1850844,
    1867523,
    1884301,
    1900973,
    1917499,
    1934270,
    1951239,
    1967520,
    1983812,
    2000371,
    2017166,
    2033814,
    2050506,
    2067054,
    2083785,
    2100397,
    2117050,
    2133831,
    2150429,
    2167136,
    2187074
  ],
  "average_vsync_transitions_missed": 1.3333333333333333,
  "90th_percentile_vsync_transitions_missed": 2.0,
  "99th_percentile_vsync_transitions_missed": 2.0
}