{
  "average_frame_build_time_millis": 1.29455905511811,
  "90th_percentile_frame_build_time_millis": 1.516,
  "99th_percentile_frame_build_time_millis": 6.901,
  "worst_frame_build_time_millis": 7.163,
  "missed_frame_build_budget_count": 0,
  "average_frame_rasterizer_time_millis": 3.5326406250000004,
  "90th_percentile_frame_rasterizer_time_millis": 2.88,
  "99th_percentile_frame_rasterizer_time_millis": 16.895,
  "worst_frame_rasterizer_time_millis": 42.884,
  "missed_frame_rasterizer_budget_count": 11,
  "frame_count": 127,
  "frame_rasterizer_count": 128,
  "frame_build_times": [
    356,
    416,
    341,
    383,
    410,
    420,
    424,
    406,
    430,
    7163,
    1714,
    1111,
    1447,
    1386,
    1325,
    1510,
    1389,
    1402,
    1085,
    1414,
    1458,
    1513,
    1503,
    964,
    976,
    1011,
    1043,
    997,
    953,
    1057,
    1000,
    981,
    984,
    1056,
    4048,
    2571,
    499,
    362,
    217,
    122,
    203,
    206,
    463,
    407,
    402,
    500,
    637,
    545,
    2926,
    1119,
    1355,
    1133,
    1400,
    1286,
    1298,
    1051,
    1342,
    1286,
    1308,
    1396,
    1327,
    1386,
    1018,
    1074,
    908,
    938,
    999,
    1079,
    943,
    938,
    988,
    908,
    1004,
    3974,
    6072,
    1693,
    1363,
    1516,
    1319,
    1325,
    1373,
    1506,
    1314,
    1285,
    1062,
    1378,
    1055,
    918,
    951,
    892,
    881,
    880,
    911,
    896,
    876,
    889,
    1059,
    898,
    884,
    4319,
    806,
    6901,
    2030,
    1079,
    1430,
    1414,
    1398,
    1165,
    1390,
    1367,
    1389,
    1507,
    1516,
    1357,
    1001,
    1368,
    1008,
    1020,
    1059,
    1088,
    1017,
    1109,
    1136,
    1057,
    1107,
    1011,
    3570
  ],
  "frame_rasterizer_times": [
    16895,
    16276,
    16647,
    16417,
    16653,
    16563,
    16797,
    16302,
    16813,
    16747,
    2003,
    1974,
    1817,
    2367,
    2941,
    1835,
    2245,
    2194,
    2221,
    1971,
    2214,
    2202,
    2236,
    2292,
    1975,
    2139,
    2396,
    2256,
    2205,
    2160,
    2436,
    2290,
    2265,
    2182,
    1949,
    1599,
    1211,
    42884,
    609,
    1650,
    1282,
    1778,
    2062,
    2426,
    1267,
    2071,
    1268,
    1636,
    1453,
    2088,
    2633,
    2896,
    2006,
    2189,
    2216,
    2331,
    2259,
    2392,
    2307,
    2562,
    2439,
    1901,
    2276,
    2592,
    2379,
    2276,
    2405,
    2529,
    2290,
    2302,
    2141,
    2150,
    2204,
    2328,
    2086,
    1601,
    2054,
    2524,
    2499,
    2880,
    2227,
    2420,
    2278,
    2176,
    2191,
    1890,
    2424,
    1848,
    1496,
    2338,
    2119,
    2141,
    2089,
    2236,
    2146,
    2102,
    2280,
    2271,
    1938,
    2112,
    1770,
    1611,
    1222,
    1844,
    1903,
    2016,
    2357,
    1978,
    1607,
    2007,
    2136,
    1982,
    2032,
    2018,
    1930,
    2013,
    2032,
    1910,
    1889,
    2087,
    1977,
    1928,
    1981,
    2052,
    1918,
    1880,
    1882,
    1688
  ],
  "frame_begin_times": [
    0,
    16396,
    33409,
    49665,
    66388,
    83158,
    99841,
    116430,
    133146,
    199558,
    216411,
    233013,
    249703,
    266493,
    283369,
    299760,
    316320,
    333184,
    349710,
    366448,
    383169,
    399754,
    416517,
    433124,
    449771,
    466586,
    483204,
    499709,
    516346,
    533336,
    549769,
    566395,
    583122,
    599863,
    616366,
    632961,
    649616,
    666174,
    699406,
    716080,
    732767,
    749471,
    766226,
    782867,
    799466,
    816224,
    833065,
    849731,
    866149,
    882933,
    899719,
    916524,
    933126,
    949716,
    966353,
    982952,
    999666,
    1016373,
    1033031,
    1049765,
    1066345,
    1083037,
    1099747,
    1116423,
    1133080,
    1149664,
    1166528,
    1182960,
    1199726,
    1216301,
    1233116,
    1249729,
    1266390,
    1282974,
    1316172,
    1333004,
    1349787,
    1366376,
    1382986,
    1399708,
    1416464,
    1433025,
    1449686,
    1466311,
    1483017,
    1499539,
    1516355,
    1532904,
    1549660,
    1566353,
    1583012,
    1599629,
    1616420,
    1633037,
    1649642,
    1666327,
    1682940,
    1699622,
    1716363,
    1733085,
    1749773,
    1766138,
    1782839,
    1799682,
    1816359,
    1832955,
    1849462,
    1866475,
    1882933,
    1899653,
    1916295,
    1932944,
    1949641,
    1966304,
    1982951,
    1999927,
    2016339,
    2033009,
    2049736,
    2066367,
    2082994,
    2099692,
    2116508,
    2132996,
    2149624,
    2166290,
    2183101
  ],
  "frame_rasterizer_begin_times": [
    0,
    16950,
    33307,
    50147,
    66649,
    83386,
    100003,
    116887,
    133264,
    150166,
    222012,
    233860,
    249840,
    266908,
    283643,
    300413,
    316961,
    333464,
    350340,
    366488,
    383561,
    400361,
    417001,
    433749,
    449825,
    466483,
    483316,
    499970,
    516442,
    533026,
    550080,
    566492,
    583143,
    599863,
    616650,
    636106,
    651247,
    665830,
    708812,
    715318,
    731901,
    748692,
    765388,
    782395,
    798963,
    815552,
    832414,
    849444,
    865992,
    884539,
    899761,
    916805,
    933316,
    950350,
    966736,
    983418,
    999699,
    1016649,
    1033396,
    1050045,
    1066902,
    1083410,
    1100182,
    1116502,
    1133233,
    1149656,
    1166337,
    1183267,
    1199673,
    1216430,
    1232992,
    1249752,
    1266375,
    1283132,
    1302224,
    1337758,
    1350322,
    1366885,
    1383627,
    1399936,
    1416738,
    1433563,
    1450265,
    1466727,
    1483278,
    1499806,
    1516691,
    1533119,
    1549573,
    1566347,
    1582981,
    1599647,
    1616264,
    1633051,
    1649677,
    1666277,
    1682938,
    1699732,
    1716256,
    1733006,
    1753133,
    1766303,
    1788540,
    1800545,
    1816417,
    1833512,
    1850047,
    1866628,
    1883328,
    1899976,
    1916746,
    1933432,
    1950098,
    1966779,
    1983385,
    1999638,
    2016862,
    2033107,
    2049794,
    2066532,
    2083186,
    2099785,
    2116431,
    2133389,
    2149797,
    2166374,
    2183049,
    2202113
  ],
  "average_vsync_transitions_missed": 1.0769230769230769,
  "90th_percentile_vsync_transitions_missed": 1.0,
  "99th_percentile_vsync_transitions_missed": 2.0
}