{
  "average_frame_build_time_millis": 1.313579365079365,
  "90th_percentile_frame_build_time_millis": 1.57,
  "99th_percentile_frame_build_time_millis": 6.335,
  "worst_frame_build_time_millis": 7.761,
  "missed_frame_build_budget_count": 0,
  "average_frame_rasterizer_time_millis": 2.246460317460318,
  "90th_percentile_frame_rasterizer_time_millis": 2.439,
  "99th_percentile_frame_rasterizer_time_millis": 3.957,
  "worst_frame_rasterizer_time_millis": 42.191,
  "missed_frame_rasterizer_budget_count": 1,
  "frame_count": 126,
  "frame_rasterizer_count": 126,
  "frame_build_times": [
    885,
    539,
    528,
    556,
    746,
    740,
    766,
    983,
    976,
    264,
    248,
    256,
    379,
    462,
    457,
    433,
    437,
    444,
    430,
    472,
    351,
    467,
    6335,
    1472,
    1634,
    1521,
    1407,
    1430,
    1570,
    1403,
    1382,
    1373,
    1838,
    1486,
    1387,
    1417,
    1195,
    1433,
    922,
    1047,
    972,
    1045,
    813,
    954,
    1052,
    825,
    723,
    4475,
    4659,
    1218,
    969,
    602,
    308,
    409,
    475,
    929,
    865,
    880,
    1168,
    1132,
    1333,
    697,
    976,
    1026,
    1013,
    1009,
    974,
    1008,
    1055,
    986,
    1003,
    986,
    4477,
    5995,
    1485,
    1031,
    969,
    1206,
    1420,
    1405,
    1493,
    1413,
    1370,
    1045,
    1450,
    1419,
    1419,
    948,
    845,
    951,
    983,
    987,
    1026,
    976,
    994,
    977,
    764,
    963,
    4349,
    834,
    7761,
    1809,
    1179,
    1515,
    1506,
    1543,
    1448,
    1431,
    1492,
    1496,
    1577,
    1503,
    1471,
    1191,
    1130,
    1063,
    1063,
    957,
    1069,
    1113,
    1067,
    1105,
    1086,
    1044,
    1071,
    5017
  ],
  "frame_rasterizer_times": [
    705,
    525,
    365,
    661,
    737,
    422,
    843,
    531,
    516,
    1197,
    1114,
    1017,
    1713,
    1750,
    1752,
    1783,
    2070,
    1811,
    1794,
    1747,
    1516,
    1823,
    1703,
    2096,
    2838,
    2654,
    3957,
    2338,
    2633,
    2241,
    2338,
    2301,
    1860,
    2382,
    2396,
    2262,
    2342,
    2547,
    2265,
    2330,
    2184,
    2250,
    1788,
    2950,
    2271,
    1739,
    2026,
    1397,
    1676,
    42191,
    760,
    493,
    495,
    682,
    750,
    1572,
    1500,
    1658,
    1755,
    2406,
    2106,
    1692,
    2365,
    3327,
    2727,
    2429,
    2307,
    2242,
    2696,
    2287,
    2273,
    2439,
    2198,
    1717,
    1957,
    1925,
    1812,
    2240,
    2525,
    2217,
    2560,
    2239,
    2226,
    1790,
    2308,
    2272,
    2222,
    2280,
    2275,
    2213,
    2225,
    2423,
    2318,
    2250,
    2221,
    2438,
    1810,
    2221,
    1678,
    1554,
    1630,
    1582,
    1640,
    1978,
    2348,
    2167,
    2087,
    2222,
    2060,
    2214,
    2144,
    2033,
    1910,
    2147,
    1987,
    1950,
    2028,
    1800,
    1967,
    1975,
    1812,
    2070,
    2021,
    2066,
    1976,
    1818
  ],
  "frame_begin_times": [
    0,
    16604,
    33265,
    49962,
    66722,
    83358,
    99954,
    116642,
    133334,
    150275,
    166736,
    183554,
    200350,
    216992,
    233652,
    250308,
    267159,
    283681,
    300318,
    317164,
    333609,
    350336,
    416785,
    433408,
    450550,
    467136,
    483633,
    500299,
    517206,
    533540,
    550298,
    566972,
    584049,
    600283,
    617020,
    633635,
    650365,
    667750,
    683585,
    700273,
    717021,
    733698,
    750216,
    767153,
    783690,
    800452,
    816892,
    833922,
    866735,
    883520,
    900099,
    933316,
    949928,
    966623,
    983317,
    1000189,
    1016748,
    1033338,
    1050141,
    1066813,
    1083617,
    1100183,
    1117015,
    1133614,
    1150521,
    1166997,
    1183617,
    1200297,
    1217093,
    1233612,
    1250365,
    1266827,
    1283761,
    1490690,
    1507386,
    1524103,
    1533546,
    1550176,
    1566986,
    1583620,
    1600566,
    1616927,
    1633579,
    1650140,
    1666959,
    1683611,
    1700224,
    1716893,
    1733530,
    1750267,
    1766977,
    1783645,
    1800236,
    1816930,
    1833539,
    1850365,
    1866819,
    1883550,
    1900249,
    1933386,
    1950183,
    1966640,
    1983484,
    2000224,
    2016881,
    2033518,
    2050124,
    2066841,
    2083535,
    2100284,
    2116836,
    2133540,
    2150212,
    2167024,
    2183472,
    2200200,
    2216862,
    2233664,
    2250256,
    2266882,
    2283519,
    2300249,
    2316803,
    2333548,
    2350202,
    2366957
  ],
  "frame_rasterizer_begin_times": [
    0,
    16221,
    32948,
    49661,
    66601,
    83239,
    99853,
    116775,
    133504,
    149646,
    166080,
    182911,
    199850,
    216632,
    233290,
    249918,
    266768,
    283277,
    299885,
    316762,
    333090,
    349923,
    421999,
    434014,
    451372,
    467814,
    484162,
    500873,
    517885,
    534087,
    550839,
    567507,
    585026,
    600935,
    617563,
    634211,
    650662,
    668346,
    683685,
    700474,
    717150,
    733817,
    750145,
    767284,
    783897,
    800385,
    816728,
    837464,
    870287,
    883805,
    926155,
    933032,
    949356,
    966164,
    982922,
    1000232,
    1016720,
    1033319,
    1050423,
    1067056,
    1084009,
    1100000,
    1117157,
    1133711,
    1150695,
    1167163,
    1183737,
    1200488,
    1217315,
    1233744,
    1250491,
    1266976,
    1286932,
    1495564,
    1507985,
    1524253,
    1533642,
    1550432,
    1567547,
    1584199,
    1601196,
    1617498,
    1634105,
    1650298,
    1667558,
    1684180,
    1700821,
    1717023,
    1733520,
    1750370,
    1767062,
    1783802,
    1800430,
    1817087,
    1833680,
    1850499,
    1866684,
    1883661,
    1903708,
    1933372,
    1956840,
    1967534,
    1983723,
    2000898,
    2017544,
    2034233,
    2050708,
    2067412,
    2084181,
    2100941,
    2117557,
    2134199,
    2150835,
    2167360,
    2183753,
    2200426,
    2217101,
    2233759,
    2250478,
    2267021,
    2283739,
    2300498,
    2317034,
    2333750,
    2350405,
    2370683
  ],
  "average_vsync_transitions_missed": 1.3333333333333333,
  "90th_percentile_vsync_transitions_missed": 2.0,
  "99th_percentile_vsync_transitions_missed": 2.0
}