{
  "average_frame_build_time_millis": 1.3023658536585363,
  "90th_percentile_frame_build_time_millis": 1.488,
  "99th_percentile_frame_build_time_millis": 9.519,
  "worst_frame_build_time_millis": 11.745,
  "missed_frame_build_budget_count": 0,
  "average_frame_rasterizer_time_millis": 2.969903225806451,
  "90th_percentile_frame_rasterizer_time_millis": 2.632,
  "99th_percentile_frame_rasterizer_time_millis": 16.963,
  "worst_frame_rasterizer_time_millis": 44.19,
  "missed_frame_rasterizer_budget_count": 7,
  "frame_count": 123,
  "frame_rasterizer_count": 124,
  "frame_build_times": [
    424,
    407,
    419,
    409,
    916,
    6887,
    1861,
    1463,
    1385,
    1421,
    1408,
    1424,
    1008,
    1385,
    1108,
    1402,
    1366,
    1322,
    1477,
    979,
    915,
    918,
    813,
    906,
    908,
    956,
    942,
    921,
    984,
    934,
    4164,
    2569,
    615,
    417,
    227,
    122,
    224,
    194,
    406,
    377,
    410,
    479,
    608,
    652,
    3953,
    1474,
    1309,
    1329,
    1381,
    1310,
    1272,
    1056,
    1311,
    1320,
    1244,
    1167,
    1294,
    1363,
    908,
    863,
    941,
    891,
    924,
    1104,
    697,
    905,
    935,
    996,
    901,
    3937,
    6482,
    2032,
    1324,
    1188,
    1440,
    1291,
    1323,
    1023,
    1303,
    1309,
    1346,
    1488,
    1304,
    1342,
    938,
    1000,
    917,
    886,
    979,
    973,
    886,
    908,
    945,
    884,
    903,
    4214,
    869,
    9519,
    2313,
    826,
    679,
    534,
    633,
    850,
    652,
    598,
    572,
    566,
    524,
    620,
    451,
    443,
    547,
    453,
    625,
    465,
    557,
    477,
    582,
    508,
    506,
    532,
    11745
  ],
  "frame_rasterizer_times": [
    16391,
    16603,
    16963,
    16291,
    16592,
    16210,
    1563,
    2452,
    1925,
    2565,
    3718,
    2436,
    2431,
    1720,
    2252,
    1905,
    2248,
    2280,
    2342,
    2619,
    2212,
    2197,
    2172,
    1918,
    2230,
    2134,
    2167,
    2309,
    2092,
    2224,
    2496,
    1644,
    1335,
    44190,
    756,
    1710,
    1374,
    1887,
    2166,
    2154,
    1043,
    2089,
    1308,
    1716,
    1688,
    2362,
    3589,
    3104,
    2458,
    2326,
    2239,
    2372,
    1921,
    2197,
    2338,
    2496,
    2085,
    2420,
    2363,
    2300,
    2151,
    2336,
    2413,
    2274,
    2340,
    1924,
    2194,
    2460,
    2366,
    2201,
    2068,
    1631,
    1867,
    2434,
    2186,
    2900,
    2292,
    1811,
    1752,
    2241,
    2196,
    2329,
    2316,
    2233,
    2175,
    2365,
    2240,
    2225,
    2161,
    2632,
    1967,
    2156,
    2215,
    2686,
    2165,
    2125,
    1816,
    1547,
    1293,
    2055,
    1511,
    1040,
    993,
    991,
    1266,
    909,
    933,
    916,
    856,
    896,
    960,
    866,
    809,
    1184,
    916,
    1202,
    859,
    1177,
    880,
    1156,
    847,
    1010,
    955,
    1111
  ],
  "frame_begin_times": [
    0,
    16743,
    33531,
    50076,
    66705,
    133262,
    149889,
    166799,
    183398,
    200029,
    216717,
    233398,
    249904,
    266648,
    283389,
    299989,
    316702,
    333361,
    350131,
    366741,
    383325,
    400044,
    416751,
    433404,
    450051,
    466679,
    483447,
    499947,
    516697,
    533448,
    550035,
    566424,
    583324,
    599845,
    632961,
    649623,
    666361,
    682988,
    699818,
    716499,
    733049,
    749853,
    766703,
    783307,
    799997,
    816759,
    833360,
    850036,
    866807,
    883281,
    899961,
    916848,
    933333,
    949978,
    966771,
    983501,
    999978,
    1016681,
    1033362,
    1049887,
    1066613,
    1083250,
    1099951,
    1116755,
    1133149,
    1149981,
    1166723,
    1183345,
    1199956,
    1216598,
    1249777,
    1266667,
    1283259,
    1300049,
    1316616,
    1333471,
    1349993,
    1366589,
    1383335,
    1399933,
    1416571,
    1433285,
    1449997,
    1466630,
    1483338,
    1500014,
    1516644,
    1533329,
    1550011,
    1566654,
    1583301,
    1599942,
    1616750,
    1633213,
    1649933,
    1666563,
    1699813,
    1716597,
    1733096,
    1749892,
    1766312,
    1782921,
    1799665,
    1816430,
    1832989,
    1849709,
    1866316,
    1883060,
    1899570,
    1916350,
    1932978,
    1949700,
    1966332,
    1983015,
    1999774,
    2016319,
    2033089,
    2049668,
    2066402,
    2082948,
    2099772,
    2116319,
    2133059
  ],
  "frame_rasterizer_begin_times": [
    0,
    16472,
    33167,
    50254,
    66639,
    83620,
    155152,
    167023,
    183469,
    200053,
    216670,
    233390,
    250078,
    266129,
    283273,
    299750,
    316644,
    333344,
    349934,
    366870,
    383004,
    399501,
    416245,
    432802,
    449581,
    466210,
    482888,
    499654,
    516127,
    532958,
    549665,
    569373,
    584213,
    599199,
    643505,
    648411,
    664932,
    681697,
    698469,
    715441,
    732081,
    748665,
    765542,
    782598,
    799196,
    818785,
    833409,
    849806,
    866626,
    883388,
    899866,
    916486,
    933171,
    949904,
    966556,
    983190,
    999868,
    1016531,
    1033297,
    1049442,
    1065953,
    1082778,
    1099400,
    1116154,
    1133121,
    1149069,
    1166145,
    1182921,
    1199596,
    1216099,
    1235329,
    1271318,
    1283924,
    1299834,
    1316464,
    1333283,
    1349929,
    1366574,
    1382828,
    1399908,
    1416501,
    1433193,
    1450027,
    1466561,
    1483208,
    1499551,
    1516231,
    1532827,
    1549478,
    1566232,
    1582893,
    1599446,
    1616124,
    1632927,
    1649354,
    1666092,
    1685987,
    1715935,
    1741127,
    1750499,
    1765947,
    1782193,
    1798701,
    1815568,
    1832484,
    1848829,
    1865505,
    1882174,
    1898842,
    1915285,
    1932158,
    1948625,
    1965334,
    1982090,
    1998657,
    2015606,
    2031972,
    2048850,
    2065342,
    2082193,
    2098653,
    2115483,
    2132117,
    2159900
  ],
  "average_vsync_transitions_missed": 1.1111111111111112,
  "90th_percentile_vsync_transitions_missed": 1.0,
  "99th_percentile_vsync_transitions_missed": 2.0
}