{
  "average_frame_build_time_millis": 1.3592777777777783,
  "90th_percentile_frame_build_time_millis": 1.589,
  "99th_percentile_frame_build_time_millis": 7.078,
  "worst_frame_build_time_millis": 8.631,
  "missed_frame_build_budget_count": 0,
  "average_frame_rasterizer_time_millis": 2.2947919999999997,
  "90th_percentile_frame_rasterizer_time_millis": 2.54,
  "99th_percentile_frame_rasterizer_time_millis": 3.745,
  "worst_frame_rasterizer_time_millis": 42.913,
  "missed_frame_rasterizer_budget_count": 1,
  "frame_count": 126,
  "frame_rasterizer_count": 125,
  "frame_build_times": [
    853,
    475,
    555,
    525,
    535,
    785,
    701,
    1029,
    1128,
    159,
    323,
    319,
    481,
    478,
    438,
    486,
    470,
    954,
    435,
    478,
    476,
    657,
    7078,
    1250,
    1059,
    1490,
    1522,
    1433,
    1385,
    1480,
    1447,
    1026,
    1340,
    1258,
    1540,
    1430,
    951,
    780,
    953,
    985,
    949,
    1016,
    949,
    929,
    960,
    982,
    911,
    4172,
    5374,
    1189,
    745,
    512,
    287,
    405,
    437,
    962,
    857,
    922,
    1156,
    1502,
    1574,
    1011,
    1004,
    1023,
    963,
    1010,
    1012,
    782,
    984,
    1379,
    974,
    957,
    4162,
    6984,
    1900,
    1621,
    1450,
    1377,
    1543,
    1467,
    1369,
    1573,
    1429,
    1735,
    1509,
    1422,
    1392,
    1032,
    953,
    1001,
    937,
    802,
    976,
    947,
    1158,
    973,
    979,
    953,
    4881,
    649,
    8631,
    2463,
    1103,
    1465,
    1425,
    1564,
    1519,
    1494,
    1478,
    1482,
    1472,
    1455,
    1589,
    854,
    1077,
    1045,
    1195,
    1136,
    1095,
    1109,
    1106,
    1083,
    1080,
    1055,
    1090,
    4994
  ],
  "frame_rasterizer_times": [
    478,
    376,
    568,
    530,
    393,
    713,
    519,
    602,
    509,
    1237,
    1214,
    2524,
    2311,
    2006,
    2133,
    2437,
    1374,
    1887,
    1858,
    2549,
    1913,
    1671,
    2101,
    1983,
    2403,
    3745,
    2235,
    2170,
    2201,
    2329,
    1706,
    2212,
    1831,
    2171,
    2175,
    2199,
    2217,
    2189,
    2224,
    2225,
    2263,
    2236,
    2209,
    2208,
    2256,
    2173,
    1584,
    1723,
    42913,
    796,
    509,
    492,
    727,
    727,
    1450,
    1399,
    1761,
    1951,
    1958,
    2378,
    2661,
    2358,
    3340,
    2411,
    2560,
    2366,
    1836,
    2325,
    2406,
    2405,
    2365,
    2421,
    1594,
    1940,
    2924,
    2526,
    3015,
    2540,
    2191,
    2308,
    2395,
    2272,
    2822,
    2303,
    2359,
    2331,
    2397,
    2372,
    2738,
    2279,
    2639,
    2186,
    2330,
    2541,
    2417,
    2314,
    2279,
    1748,
    1439,
    1303,
    1804,
    1574,
    1898,
    1978,
    2097,
    2084,
    2057,
    1990,
    2099,
    2049,
    2011,
    2333,
    1587,
    1958,
    1881,
    2066,
    1966,
    2011,
    1871,
    2077,
    1987,
    1950,
    1907,
    2027,
    1800
  ],
  "frame_begin_times": [
    0,
    16706,
    33377,
    50117,
    66682,
    83375,
    100058,
    116712,
    133357,
    150038,
    166987,
    183763,
    200456,
    217601,
    233808,
    250441,
    267152,
    284283,
    300477,
    317077,
    333809,
    350680,
    416855,
    433621,
    450315,
    467102,
    483779,
    500430,
    517088,
    533986,
    550427,
    567003,
    583648,
    600574,
    617088,
    633709,
    650360,
    666969,
    683704,
    700341,
    717061,
    733765,
    750411,
    767022,
    783799,
    800459,
    817091,
    833750,
    866868,
    883641,
    900164,
    933301,
    949956,
    966729,
    983401,
    1000341,
    1016876,
    1033605,
    1050304,
    1067075,
    1083801,
    1100500,
    1117074,
    1133752,
    1150356,
    1167216,
    1183736,
    1200232,
    1217032,
    1233860,
    1250424,
    1267038,
    1283697,
    1316848,
    1333468,
    1350476,
    1367120,
    1383604,
    1400543,
    1417464,
    1433726,
    1450408,
    1467051,
    1484129,
    1500238,
    1517135,
    1533669,
    1551258,
    1567070,
    1583749,
    1600370,
    1617295,
    1633749,
    1650348,
    1667015,
    1683759,
    1700367,
    1717067,
    1734107,
    1767015,
    1783652,
    1800501,
    1816993,
    1833646,
    1850189,
    1867272,
    1883659,
    1900321,
    1916973,
    1933639,
    1950307,
    1966962,
    1983673,
    2000186,
    2016996,
    2033687,
    2050601,
    2067038,
    2083651,
    2100324,
    2117121,
    2133663,
    2150348,
    2166970,
    2184025,
    2200291
  ],
  "frame_rasterizer_begin_times": [
    0,
    16734,
    33492,
    50057,
    66987,
    83591,
    100588,
    117357,
    132946,
    150076,
    166868,
    183746,
    200859,
    217040,
    233721,
    250431,
    267955,
    283734,
    300368,
    317121,
    334035,
    406489,
    417589,
    434169,
    451411,
    468113,
    484699,
    501314,
    518286,
    534703,
    550820,
    567697,
    584581,
    601432,
    617945,
    634123,
    650554,
    667500,
    684131,
    700836,
    717594,
    734193,
    750761,
    767570,
    784252,
    800811,
    820687,
    854739,
    867581,
    910598,
    916582,
    933037,
    949897,
    966668,
    984072,
    1000492,
    1017315,
    1034227,
    1051345,
    1068149,
    1084352,
    1100908,
    1117578,
    1134146,
    1150959,
    1167592,
    1183802,
    1200822,
    1218023,
    1234195,
    1250810,
    1270177,
    1306430,
    1318265,
    1334863,
    1351376,
    1367705,
    1384892,
    1401759,
    1417890,
    1434694,
    1451210,
    1468701,
    1484399,
    1501364,
    1517865,
    1535108,
    1550836,
    1567514,
    1584198,
    1601041,
    1617542,
    1634092,
    1650950,
    1667541,
    1684194,
    1700857,
    1721766,
    1750445,
    1774836,
    1785633,
    1800859,
    1817923,
    1834446,
    1851644,
    1867982,
    1884649,
    1901292,
    1917928,
    1934522,
    1951227,
    1968076,
    1983815,
    2000881,
    2017579,
    2034465,
    2050957,
    2067569,
    2084164,
    2101045,
    2117540,
    2134221,
    2150834,
    2167842,
    2187659
  ],
  "average_vsync_transitions_missed": 1.5,
  "90th_percentile_vsync_transitions_missed": 2.0,
  "99th_percentile_vsync_transitions_missed": 2.0
}