{
  "average_frame_build_time_millis": 1.3524640000000003,
  "90th_percentile_frame_build_time_millis": 1.615,
  "99th_percentile_frame_build_time_millis": 7.959,
  "worst_frame_build_time_millis": 8.398,
  "missed_frame_build_budget_count": 0,
  "average_frame_rasterizer_time_millis": 2.221865079365081,
  "90th_percentile_frame_rasterizer_time_millis": 2.407,
  "99th_percentile_frame_rasterizer_time_millis": 3.29,
  "worst_frame_rasterizer_time_millis": 39.002,
  "missed_frame_rasterizer_budget_count": 1,
  "frame_count": 125,
  "frame_rasterizer_count": 126,
  "frame_build_times": [
    507,
    550,
    613,
    535,
    777,
    752,
    1023,
    923,
    267,
    266,
    371,
    332,
    304,
    480,
    426,
    432,
    434,
    449,
    429,
    435,
    445,
    7959,
    1615,
    1070,
    1485,
    1478,
    1500,
    1419,
    1401,
    1242,
    1465,
    1428,
    1442,
    1542,
    1388,
    1029,
    1010,
    1098,
    1011,
    1006,
    1069,
    1019,
    1035,
    1012,
    815,
    1209,
    4085,
    4096,
    1250,
    439,
    579,
    380,
    362,
    410,
    911,
    922,
    989,
    1326,
    1166,
    1520,
    1023,
    2142,
    1048,
    1055,
    990,
    1101,
    1048,
    1019,
    1017,
    1110,
    1025,
    4221,
    6349,
    1522,
    1408,
    1593,
    1489,
    1374,
    1407,
    1849,
    1393,
    1413,
    1443,
    1441,
    1407,
    1420,
    961,
    1001,
    949,
    947,
    1003,
    1006,
    945,
    998,
    986,
    789,
    955,
    4402,
    873,
    8398,
    2141,
    1138,
    1504,
    1419,
    1524,
    1605,
    1458,
    1473,
    1644,
    1500,
    1426,
    1477,
    1100,
    1084,
    1061,
    1032,
    855,
    1007,
    1044,
    1079,
    1106,
    1048,
    1122,
    1064,
    4695
  ],
  "frame_rasterizer_times": [
    975,
    553,
    401,
    664,
    621,
    436,
    711,
    586,
    535,
    1129,
    1179,
    1392,
    1384,
    1426,
    1897,
    1747,
    1761,
    1940,
    1899,
    1748,
    1785,
    2194,
    1635,
    2265,
    1848,
    2400,
    3068,
    2196,
    2223,
    2293,
    2309,
    2236,
    2271,
    2297,
    2308,
    1712,
    2162,
    2424,
    2274,
    2139,
    2163,
    2388,
    2192,
    2308,
    2170,
    1873,
    2721,
    1853,
    1538,
    39002,
    849,
    552,
    756,
    545,
    648,
    1491,
    1458,
    1539,
    2264,
    1872,
    2024,
    2359,
    2407,
    3290,
    2373,
    2277,
    2452,
    2287,
    2299,
    2494,
    2383,
    2377,
    2101,
    1635,
    1939,
    2436,
    2555,
    2950,
    2304,
    2378,
    2392,
    2300,
    2287,
    1971,
    2446,
    2336,
    2244,
    2372,
    2370,
    2185,
    2283,
    2402,
    2378,
    2234,
    2223,
    2672,
    1698,
    2185,
    1597,
    1546,
    1360,
    1879,
    1639,
    2080,
    2393,
    2385,
    2065,
    2132,
    1905,
    2230,
    2068,
    2004,
    1919,
    2218,
    2048,
    1951,
    1950,
    1528,
    2076,
    1909,
    1652,
    2076,
    1934,
    1917,
    2146,
    1845
  ],
  "frame_begin_times": [
    0,
    16659,
    33362,
    50121,
    66713,
    83384,
    100063,
    116716,
    133665,
    150304,
    166935,
    183613,
    200220,
    217074,
    233715,
    250452,
    267009,
    283742,
    300326,
    317022,
    333806,
    400553,
    416933,
    433570,
    450439,
    467226,
    483720,
    500391,
    517066,
    533627,
    550398,
    567075,
    583727,
    600562,
    616993,
    633707,
    650672,
    666985,
    683700,
    700334,
    717158,
    733704,
    750342,
    767029,
    783773,
    800449,
    817073,
    850069,
    866881,
    883306,
    916638,
    933339,
    950052,
    966693,
    983647,
    1000204,
    1016850,
    1033716,
    1050229,
    1066890,
    1083753,
    1100410,
    1117029,
    1133737,
    1150296,
    1167129,
    1183648,
    1200330,
    1216995,
    1233683,
    1250342,
    1267019,
    1300158,
    1316839,
    1333598,
    1350621,
    1367041,
    1383580,
    1400334,
    1417102,
    1433649,
    1450285,
    1467027,
    1483693,
    1500296,
    1516949,
    1533634,
    1550326,
    1566972,
    1583621,
    1600381,
    1617006,
    1633615,
    1650289,
    1667116,
    1683524,
    1700313,
    1716997,
    1750130,
    1766934,
    1783502,
    1800199,
    1816939,
    1833507,
    1850253,
    1867002,
    1883643,
    1900239,
    1917033,
    1933651,
    1950264,
    1966940,
    1983739,
    2000301,
    2016975,
    2033608,
    2050391,
    2066887,
    2083650,
    2100383,
    2116933,
    2133653,
    2150322,
    2166889,
    2183636
  ],
  "frame_rasterizer_begin_times": [
    0,
    16178,
    32929,
    49668,
    66345,
    83189,
    99882,
    116786,
    133381,
    149598,
    166239,
    182978,
    199632,
    216176,
    233248,
    249855,
    266605,
    283170,
    299900,
    316483,
    333169,
    349949,
    423913,
    434241,
    450323,
    467632,
    484283,
    500932,
    517525,
    534155,
    550494,
    567590,
    584244,
    600851,
    617796,
    634053,
    650441,
    667401,
    683755,
    700421,
    717042,
    733942,
    750435,
    767064,
    783723,
    800266,
    817173,
    836848,
    869628,
    883760,
    922843,
    932892,
    949407,
    966083,
    982861,
    1000219,
    1016802,
    1033522,
    1050637,
    1067049,
    1084089,
    1100503,
    1118270,
    1133787,
    1150468,
    1166988,
    1183938,
    1200415,
    1217040,
    1233709,
    1250468,
    1267084,
    1286440,
    1322015,
    1334035,
    1350698,
    1367993,
    1384212,
    1400647,
    1417455,
    1434663,
    1450753,
    1467416,
    1484185,
    1500845,
    1517417,
    1534076,
    1550308,
    1567041,
    1583664,
    1600301,
    1617115,
    1633722,
    1650286,
    1667000,
    1683768,
    1699999,
    1716983,
    1737091,
    1766664,
    1790795,
    1801294,
    1817006,
    1834101,
    1850637,
    1867498,
    1884346,
    1900844,
    1917420,
    1934369,
    1950817,
    1967384,
    1984130,
    2000531,
    2017082,
    2033771,
    2050302,
    2066920,
    2083617,
    2100411,
    2117175,
    2133745,
    2150412,
    2167106,
    2183635,
    2203622
  ],
  "average_vsync_transitions_missed": 1.3333333333333333,
  "90th_percentile_vsync_transitions_missed": 2.0,
  "99th_percentile_vsync_transitions_missed": 2.0
}