{
  "average_frame_build_time_millis": 1.3571666666666666,
  "90th_percentile_frame_build_time_millis": 1.762,
  "99th_percentile_frame_build_time_millis": 6.97,
  "worst_frame_build_time_millis": 7.004,
  "missed_frame_build_budget_count": 0,
  "average_frame_rasterizer_time_millis": 2.434866141732284,
  "90th_percentile_frame_rasterizer_time_millis": 2.638,
  "99th_percentile_frame_rasterizer_time_millis": 3.637,
  "worst_frame_rasterizer_time_millis": 39.612,
  "missed_frame_rasterizer_budget_count": 1,
  "frame_count": 126,
  "frame_rasterizer_count": 127,
  "frame_build_times": [
    437,
    426,
    454,
    440,
    424,
    424,
    444,
    444,
    6970,
    1976,
    1385,
    1534,
    1377,
    1362,
    1447,
    1462,
    1460,
    1375,
    1762,
    1115,
    1414,
    1418,
    1033,
    990,
    925,
    934,
    780,
    961,
    936,
    927,
    839,
    1025,
    1005,
    4317,
    3141,
    468,
    397,
    230,
    175,
    190,
    149,
    416,
    434,
    414,
    490,
    620,
    645,
    4043,
    1677,
    1340,
    1354,
    1449,
    1394,
    1354,
    1315,
    1351,
    1440,
    1344,
    1288,
    1370,
    1350,
    955,
    941,
    729,
    912,
    930,
    895,
    1032,
    927,
    1007,
    936,
    1009,
    4091,
    7004,
    1991,
    1330,
    1390,
    1698,
    1370,
    1322,
    1372,
    1416,
    1391,
    1446,
    1349,
    1432,
    1407,
    930,
    919,
    1008,
    938,
    891,
    1111,
    1015,
    890,
    917,
    757,
    924,
    4347,
    618,
    6163,
    1953,
    1009,
    1503,
    1493,
    1424,
    1497,
    1462,
    1628,
    1429,
    1499,
    1570,
    1528,
    1045,
    1043,
    1098,
    1030,
    1032,
    1024,
    1084,
    1062,
    1003,
    1009,
    1099,
    1004,
    4705
  ],
  "frame_rasterizer_times": [
    2033,
    1821,
    1896,
    2084,
    1860,
    1777,
    1815,
    1819,
    1929,
    1633,
    2172,
    2706,
    2626,
    3077,
    2467,
    2638,
    2350,
    2486,
    2581,
    2890,
    1812,
    2299,
    2196,
    3195,
    2078,
    2891,
    2493,
    1705,
    2145,
    2289,
    2288,
    2380,
    2328,
    2354,
    1767,
    1361,
    39612,
    707,
    1729,
    1301,
    1860,
    2078,
    2257,
    1091,
    2043,
    1396,
    1682,
    1693,
    2930,
    3637,
    3188,
    2206,
    2405,
    2307,
    2418,
    2391,
    2640,
    1984,
    2405,
    2417,
    2643,
    2335,
    2324,
    2282,
    2118,
    2286,
    2225,
    2427,
    2376,
    2293,
    2250,
    2457,
    2327,
    2118,
    1574,
    1918,
    2377,
    2322,
    2905,
    2210,
    2137,
    1730,
    2246,
    2156,
    2185,
    2272,
    2341,
    2197,
    2120,
    2424,
    2279,
    2113,
    2154,
    2386,
    2042,
    2119,
    2182,
    1945,
    2102,
    1684,
    1214,
    1206,
    1665,
    1531,
    2038,
    2437,
    2733,
    1947,
    2256,
    2114,
    2026,
    1974,
    2177,
    1993,
    1873,
    1886,
    1539,
    1946,
    1934,
    2007,
    2034,
    1894,
    1904,
    2042,
    2044,
    1927,
    1688
  ],
  "frame_begin_times": [
    0,
    16622,
    33460,
    50021,
    66652,
    83409,
    100205,
    116711,
    183132,
    199889,
    216620,
    233468,
    249962,
    266614,
    283396,
    300112,
    316654,
    333325,
    350217,
    366557,
    383313,
    399920,
    416857,
    433301,
    450003,
    466461,
    483300,
    499960,
    516655,
    533320,
    549920,
    566727,
    583228,
    600054,
    616592,
    633214,
    649772,
    683118,
    699631,
    716301,
    733020,
    749865,
    766508,
    783106,
    799884,
    816626,
    833296,
    849891,
    866626,
    883346,
    899968,
    916723,
    933252,
    949983,
    966648,
    983425,
    999887,
    1016642,
    1033342,
    1050159,
    1066644,
    1083330,
    1099975,
    1116539,
    1133305,
    1149955,
    1166546,
    1183368,
    1199981,
    1216593,
    1233351,
    1249901,
    1266600,
    1299732,
    1316620,
    1333205,
    1349968,
    1366829,
    1383224,
    1399952,
    1416648,
    1433281,
    1449893,
    1466597,
    1483245,
    1499953,
    1516628,
    1533213,
    1549940,
    1566628,
    1583334,
    1599970,
    1616724,
    1633284,
    1649936,
    1666579,
    1683394,
    1700003,
    1716591,
    1733068,
    1749736,
    1766397,
    1783076,
    1799947,
    1816630,
    1833046,
    1849841,
    1866650,
    1883248,
    1900030,
    1916582,
    1933379,
    1949899,
    1966505,
    1983202,
    2000048,
    2016522,
    2033302,
    2049876,
    2066652,
    2083215,
    2099901,
    2116569,
    2133221,
    2149902,
    2166542
  ],
  "frame_rasterizer_begin_times": [
    0,
    16649,
    33275,
    50047,
    66675,
    83288,
    100046,
    116868,
    133289,
    206039,
    218089,
    234225,
    251218,
    267555,
    284195,
    301179,
    317790,
    334314,
    350912,
    368377,
    383793,
    400933,
    417556,
    434114,
    450505,
    467172,
    483533,
    500253,
    517132,
    533804,
    550446,
    566962,
    583918,
    600317,
    620479,
    635884,
    649849,
    689561,
    699521,
    715989,
    732693,
    749358,
    766467,
    783131,
    799700,
    816543,
    833456,
    850138,
    869746,
    884460,
    900900,
    917549,
    934271,
    950883,
    967554,
    984077,
    1000950,
    1017559,
    1034084,
    1050872,
    1067618,
    1084163,
    1100498,
    1117166,
    1133468,
    1150437,
    1167157,
    1183601,
    1200622,
    1217119,
    1233730,
    1250492,
    1267122,
    1286460,
    1322709,
    1334850,
    1350803,
    1367546,
    1384661,
    1400717,
    1417488,
    1434258,
    1450910,
    1467498,
    1484226,
    1500808,
    1517600,
    1534280,
    1550275,
    1567092,
    1583845,
    1600492,
    1617062,
    1633932,
    1650516,
    1667058,
    1683676,
    1700300,
    1717138,
    1737124,
    1749869,
    1771893,
    1784504,
    1800282,
    1817562,
    1834354,
    1850670,
    1867523,
    1884339,
    1901047,
    1917674,
    1934326,
    1951136,
    1967634,
    1983829,
    2000417,
    2017328,
    2033752,
    2050539,
    2067110,
    2083920,
    2100387,
    2117104,
    2133779,
    2150538,
    2167113,
    2187050
  ],
  "average_vsync_transitions_missed": 1.5,
  "90th_percentile_vsync_transitions_missed": 2.0,
  "99th_percentile_vsync_transitions_missed": 2.0
}