{
  "average_frame_build_time_millis": 1.3304444444444443,
  "90th_percentile_frame_build_time_millis": 1.618,
  "99th_percentile_frame_build_time_millis": 7.151,
  "worst_frame_build_time_millis": 8.646,
  "missed_frame_build_budget_count": 0,
  "average_frame_rasterizer_time_millis": 4.923269841269838,
  "90th_percentile_frame_rasterizer_time_millis": 16.584,
  "99th_percentile_frame_rasterizer_time_millis": 17.412,
  "worst_frame_rasterizer_time_millis": 41.179,
  "missed_frame_rasterizer_budget_count": 23,
  "frame_count": 126,
  "frame_rasterizer_count": 126,
  "frame_build_times": [
    549,
    433,
    464,
    427,
    660,
    668,
    661,
    926,
    1077,
    263,
    271,
    321,
    408,
    764,
    408,
    355,
    426,
    401,
    405,
    527,
    450,
    405,
    7035,
    1485,
    1066,
    1478,
    1383,
    1537,
    1388,
    1418,
    1365,
    1066,
    1393,
    1359,
    1382,
    1459,
    983,
    949,
    976,
    1005,
    926,
    947,
    966,
    999,
    955,
    928,
    756,
    3993,
    4446,
    1326,
    716,
    546,
    297,
    419,
    430,
    1002,
    995,
    1138,
    1632,
    1005,
    1192,
    966,
    1020,
    1131,
    1000,
    968,
    1134,
    1023,
    977,
    977,
    986,
    1104,
    3746,
    7151,
    1270,
    1061,
    1455,
    1520,
    1417,
    1144,
    1453,
    1618,
    1461,
    1443,
    1419,
    1476,
    1467,
    970,
    1032,
    1038,
    1042,
    1007,
    1058,
    1306,
    674,
    980,
    1087,
    987,
    4433,
    753,
    8646,
    2104,
    1436,
    1533,
    1473,
    1502,
    1678,
    1567,
    1104,
    1567,
    1839,
    1527,
    1055,
    1034,
    918,
    1120,
    1099,
    1086,
    865,
    1060,
    1114,
    1105,
    1248,
    1065,
    1063,
    5464
  ],
  "frame_rasterizer_times": [
    16732,
    16317,
    16555,
    16678,
    16320,
    16246,
    16636,
    16218,
    16632,
    16525,
    16888,
    16822,
    16645,
    16606,
    16296,
    16986,
    16291,
    16878,
    16584,
    16360,
    16542,
    17412,
    1583,
    1984,
    1826,
    2365,
    3006,
    2344,
    2198,
    2252,
    2299,
    2270,
    2295,
    2227,
    2391,
    2293,
    2242,
    2225,
    2463,
    2242,
    2224,
    2223,
    2082,
    2221,
    2200,
    2203,
    1765,
    1613,
    1586,
    41179,
    741,
    458,
    457,
    717,
    704,
    1726,
    1534,
    1907,
    2288,
    1638,
    1881,
    2195,
    2293,
    3352,
    2368,
    2241,
    2378,
    2396,
    2310,
    2477,
    2775,
    2455,
    1723,
    1603,
    1768,
    1823,
    2477,
    3356,
    2433,
    1982,
    2298,
    2308,
    2240,
    2326,
    2289,
    2264,
    2276,
    2176,
    2390,
    2306,
    2169,
    2142,
    3027,
    2562,
    1386,
    2171,
    1978,
    2165,
    1654,
    1337,
    1342,
    1785,
    1653,
    2172,
    2565,
    2032,
    2568,
    2022,
    1513,
    2156,
    2155,
    2013,
    2100,
    2088,
    1878,
    2780,
    2165,
    2025,
    1911,
    2182,
    1978,
    2438,
    1939,
    2069,
    2060,
    1853
  ],
  "frame_begin_times": [
    0,
    16640,
    33345,
    49985,
    66687,
    83392,
    100035,
    116735,
    133373,
    150292,
    166877,
    183695,
    200437,
    217053,
    233686,
    250271,
    267078,
    283728,
    300366,
    317047,
    333730,
    350375,
    416807,
    433640,
    450203,
    467074,
    483660,
    500746,
    517073,
    533688,
    550349,
    567003,
    583701,
    600328,
    617055,
    633762,
    650309,
    667053,
    683792,
    700395,
    717107,
    733699,
    750500,
    767148,
    783650,
    800304,
    817064,
    833644,
    866748,
    883555,
    900108,
    933385,
    949965,
    966692,
    983385,
    1000446,
    1016952,
    1033526,
    1050261,
    1066892,
    1083503,
    1100334,
    1117069,
    1134213,
    1150322,
    1166905,
    1183655,
    1200461,
    1217128,
    1233623,
    1250344,
    1267082,
    1283648,
    1317124,
    1333406,
    1350139,
    1366979,
    1383759,
    1400252,
    1416868,
    1433570,
    1450315,
    1466920,
    1483608,
    1500280,
    1517007,
    1533676,
    1550295,
    1567027,
    1583689,
    1600252,
    1616940,
    1633918,
    1650484,
    1666762,
    1683649,
    1700308,
    1716954,
    1733558,
    1766910,
    1783451,
    1800076,
    1816877,
    1833660,
    1850207,
    1866882,
    1883665,
    1900334,
    1916837,
    1933552,
    1950515,
    1966912,
    1983585,
    2000179,
    2017136,
    2033562,
    2050223,
    2066942,
    2083536,
    2100224,
    2116881,
    2133542,
    2150291,
    2166890,
    2183572,
    2200400
  ],
  "frame_rasterizer_begin_times": [
    0,
    16829,
    33362,
    49997,
    66878,
    83609,
    100153,
    117188,
    133988,
    150659,
    167226,
    184167,
    201090,
    217813,
    234496,
    250858,
    267923,
    284287,
    301251,
    317924,
    334370,
    351010,
    423115,
    434627,
    450698,
    468035,
    484566,
    501776,
    517963,
    534635,
    551243,
    567574,
    584624,
    601203,
    617969,
    634752,
    650767,
    667507,
    684289,
    700956,
    717558,
    734144,
    751001,
    767698,
    784147,
    800760,
    817328,
    837121,
    870459,
    884365,
    925671,
    933482,
    949761,
    966629,
    983333,
    1000970,
    1017423,
    1034127,
    1051432,
    1067399,
    1084179,
    1100837,
    1117632,
    1134759,
    1150869,
    1167384,
    1184302,
    1201002,
    1217631,
    1234156,
    1250894,
    1267599,
    1286568,
    1323550,
    1334169,
    1350682,
    1367956,
    1384741,
    1401257,
    1417456,
    1434565,
    1451338,
    1467859,
    1484576,
    1501230,
    1517997,
    1534696,
    1550795,
    1567566,
    1584262,
    1600833,
    1617449,
    1634493,
    1651309,
    1666936,
    1684141,
    1700984,
    1717466,
    1737488,
    1767216,
    1791390,
    1801620,
    1817840,
    1834722,
    1851189,
    1867831,
    1884878,
    1901431,
    1917468,
    1934652,
    1951911,
    1967914,
    1984165,
    2000713,
    2017497,
    2034177,
    2050812,
    2067547,
    2083909,
    2100811,
    2117476,
    2134122,
    2151036,
    2167455,
    2184202,
    2204720
  ],
  "average_vsync_transitions_missed": 1.04,
  "90th_percentile_vsync_transitions_missed": 1.0,
  "99th_percentile_vsync_transitions_missed": 2.0
}