{
  "average_frame_build_time_millis": 1.2914140625,
  "90th_percentile_frame_build_time_millis": 1.546,
  "99th_percentile_frame_build_time_millis": 7.011,
  "worst_frame_build_time_millis": 7.525,
  "missed_frame_build_budget_count": 0,
  "average_frame_rasterizer_time_millis": 2.570328125000001,
  "90th_percentile_frame_rasterizer_time_millis": 2.511,
  "99th_percentile_frame_rasterizer_time_millis": 16.87,
  "worst_frame_rasterizer_time_millis": 46.337,
  "missed_frame_rasterizer_budget_count": 2,
  "frame_count": 128,
  "frame_rasterizer_count": 128,
  "frame_build_times": [
    429,
    430,
    418,
    441,
    430,
    428,
    462,
    438,
    443,
    440,
    7525,
    1616,
    1384,
    1427,
    1383,
    1078,
    1036,
    1365,
    1432,
    1472,
    1369,
    1438,
    1431,
    1501,
    936,
    939,
    967,
    980,
    932,
    947,
    1033,
    941,
    927,
    934,
    1079,
    2538,
    3232,
    618,
    419,
    238,
    109,
    209,
    181,
    186,
    407,
    456,
    469,
    576,
    655,
    3901,
    1455,
    1249,
    1114,
    1296,
    1288,
    1283,
    1350,
    1260,
    1251,
    1400,
    1398,
    1299,
    1336,
    938,
    958,
    926,
    916,
    1013,
    913,
    904,
    933,
    943,
    909,
    927,
    4148,
    7011,
    1951,
    1065,
    1114,
    1367,
    1249,
    1412,
    1425,
    1324,
    1285,
    1524,
    1291,
    1284,
    1358,
    726,
    682,
    884,
    877,
    971,
    895,
    890,
    931,
    965,
    923,
    898,
    4763,
    842,
    5455,
    1831,
    1052,
    1361,
    1507,
    1449,
    1450,
    1537,
    1363,
    1546,
    1390,
    1356,
    1592,
    1159,
    982,
    984,
    1120,
    1082,
    998,
    1027,
    846,
    1057,
    1040,
    996,
    1043,
    4139
  ],
  "frame_rasterizer_times": [
    1690,
    1767,
    1773,
    1907,
    1757,
    1734,
    2126,
    1945,
    1876,
    2007,
    1645,
    2287,
    2383,
    2445,
    3721,
    2072,
    1751,
    2191,
    2287,
    2395,
    2266,
    2222,
    2365,
    2323,
    2211,
    2165,
    2477,
    2281,
    2305,
    1931,
    2040,
    2266,
    2199,
    2135,
    2459,
    1348,
    1644,
    46337,
    636,
    16870,
    1267,
    1876,
    1848,
    2088,
    2123,
    1137,
    1310,
    1637,
    2319,
    2497,
    3546,
    3184,
    1709,
    1958,
    2279,
    2617,
    2517,
    2404,
    2369,
    2561,
    2511,
    2322,
    2300,
    2608,
    2355,
    2362,
    1945,
    2056,
    2238,
    2339,
    2279,
    2384,
    2253,
    2255,
    2948,
    1596,
    1910,
    1744,
    1877,
    2634,
    2308,
    2458,
    2186,
    2202,
    2217,
    2444,
    2402,
    2196,
    2173,
    1943,
    1659,
    2127,
    2244,
    2283,
    2148,
    2153,
    2418,
    2214,
    2204,
    2108,
    1704,
    2098,
    1229,
    1560,
    1563,
    1556,
    2300,
    2040,
    1999,
    2008,
    2146,
    2170,
    1987,
    2017,
    2666,
    2045,
    1986,
    1961,
    2733,
    1953,
    2011,
    2010,
    1618,
    1967,
    1919,
    1927,
    1982,
    1359
  ],
  "frame_begin_times": [
    0,
    16577,
    33263,
    49989,
    66583,
    83349,
    100096,
    116707,
    133203,
    149974,
    216343,
    233279,
    249934,
    266601,
    283287,
    299942,
    316521,
    333288,
    350135,
    366645,
    383244,
    399978,
    416692,
    433275,
    450003,
    466591,
    483383,
    499942,
    516484,
    533192,
    550262,
    566578,
    583188,
    599899,
    616687,
    633101,
    649856,
    666582,
    683045,
    716192,
    732807,
    749480,
    766224,
    782908,
    799901,
    816420,
    833121,
    849823,
    866731,
    883150,
    899850,
    916565,
    933240,
    949880,
    966561,
    983214,
    999956,
    1016487,
    1033254,
    1049913,
    1066562,
    1083173,
    1099855,
    1116658,
    1133217,
    1149870,
    1166508,
    1183321,
    1199842,
    1216572,
    1233148,
    1249922,
    1266531,
    1283180,
    1299848,
    1332935,
    1349792,
    1366608,
    1383094,
    1399907,
    1416436,
    1433370,
    1449905,
    1466491,
    1483198,
    1499946,
    1516533,
    1533173,
    1549837,
    1566474,
    1583064,
    1599823,
    1616546,
    1633197,
    1649921,
    1666570,
    1683291,
    1699821,
    1716543,
    1733127,
    1749963,
    1783092,
    1799552,
    1816376,
    1833056,
    1849827,
    1866403,
    1883080,
    1899804,
    1916436,
    1933156,
    1949811,
    1966485,
    1983071,
    1999958,
    2016488,
    2033137,
    2049806,
    2066595,
    2083058,
    2099807,
    2116424,
    2133417,
    2149809,
    2166555,
    2183183,
    2199727,
    2216482
  ],
  "frame_rasterizer_begin_times": [
    0,
    16567,
    33262,
    49988,
    66599,
    83366,
    100085,
    116750,
    133218,
    149953,
    223161,
    234416,
    250902,
    267553,
    284231,
    300557,
    317150,
    334213,
    351095,
    367677,
    384175,
    400990,
    417692,
    434339,
    450499,
    467090,
    483918,
    500453,
    516950,
    533705,
    550860,
    567085,
    583664,
    600363,
    617336,
    635114,
    652623,
    666739,
    713198,
    715964,
    732882,
    749180,
    765907,
    782591,
    799838,
    816406,
    833153,
    849985,
    866928,
    886190,
    900867,
    917375,
    933842,
    950737,
    967388,
    984062,
    1000861,
    1017165,
    1033986,
    1050821,
    1067520,
    1083932,
    1100634,
    1117162,
    1133716,
    1150356,
    1166984,
    1183793,
    1200340,
    1217039,
    1233631,
    1250443,
    1267018,
    1283681,
    1303078,
    1339286,
    1351261,
    1367207,
    1383743,
    1400748,
    1417148,
    1434320,
    1450876,
    1467379,
    1484045,
    1501007,
    1517401,
    1533934,
    1550675,
    1566801,
    1583290,
    1600266,
    1616998,
    1633723,
    1650389,
    1667034,
    1683796,
    1700346,
    1717045,
    1733569,
    1754122,
    1783617,
    1804419,
    1817707,
    1833626,
    1850765,
    1867372,
    1884059,
    1900828,
    1917504,
    1934079,
    1950868,
    1967424,
    1983964,
    2001214,
    2017128,
    2033669,
    2050341,
    2067182,
    2083713,
    2100362,
    2116993,
    2133763,
    2150397,
    2167155,
    2183740,
    2200330,
    2219864
  ],
  "average_vsync_transitions_missed": 1.3333333333333333,
  "90th_percentile_vsync_transitions_missed": 2.0,
  "99th_percentile_vsync_transitions_missed": 2.0
}