{
  "average_frame_build_time_millis": 1.3253680000000003,
  "90th_percentile_frame_build_time_millis": 1.607,
  "99th_percentile_frame_build_time_millis": 7.119,
  "worst_frame_build_time_millis": 8.505,
  "missed_frame_build_budget_count": 0,
  "average_frame_rasterizer_time_millis": 4.867929133858268,
  "90th_percentile_frame_rasterizer_time_millis": 16.455,
  "99th_percentile_frame_rasterizer_time_millis": 17.218,
  "worst_frame_rasterizer_time_millis": 38.926,
  "missed_frame_rasterizer_budget_count": 23,
  "frame_count": 125,
  "frame_rasterizer_count": 127,
  "frame_build_times": [
    443,
    616,
    604,
    785,
    828,
    786,
    1061,
    1001,
    262,
    284,
    321,
    332,
    407,
    408,
    423,
    848,
    402,
    429,
    403,
    325,
    437,
    5124,
    1583,
    1145,
    1512,
    1403,
    1393,
    1439,
    1429,
    1394,
    1428,
    1782,
    1406,
    1055,
    1401,
    779,
    972,
    948,
    934,
    995,
    947,
    941,
    972,
    980,
    930,
    925,
    3247,
    4525,
    1057,
    424,
    535,
    317,
    470,
    1038,
    925,
    1059,
    1040,
    968,
    1111,
    1607,
    1003,
    989,
    1013,
    1125,
    1001,
    1000,
    989,
    982,
    990,
    1017,
    981,
    4059,
    7119,
    2060,
    1453,
    1464,
    1417,
    1477,
    1442,
    1373,
    1441,
    1265,
    1391,
    1411,
    1386,
    1135,
    950,
    958,
    957,
    986,
    938,
    959,
    961,
    1003,
    949,
    948,
    999,
    4457,
    862,
    8505,
    2181,
    1126,
    1517,
    1122,
    1513,
    1679,
    1517,
    1504,
    1493,
    1488,
    1474,
    1567,
    1060,
    1110,
    1463,
    1150,
    1074,
    1098,
    1126,
    1311,
    1155,
    1091,
    850,
    1125,
    4917
  ],
  "frame_rasterizer_times": [
    1200,
    16435,
    16330,
    16350,
    16677,
    16443,
    16274,
    16765,
    16160,
    16689,
    16455,
    16834,
    17218,
    16420,
    16476,
    16615,
    16955,
    16137,
    16553,
    16597,
    16335,
    16849,
    16752,
    1397,
    2269,
    2046,
    2445,
    3724,
    2247,
    2415,
    2292,
    2251,
    2237,
    2407,
    2263,
    1738,
    2325,
    2074,
    2200,
    2228,
    2305,
    2306,
    2267,
    2160,
    2425,
    2333,
    2164,
    2179,
    1236,
    1552,
    38926,
    779,
    499,
    473,
    702,
    1604,
    1408,
    1697,
    1655,
    1591,
    1817,
    2626,
    2447,
    2317,
    3378,
    3021,
    2358,
    2358,
    2306,
    1877,
    2387,
    2144,
    2293,
    2139,
    1577,
    2533,
    2508,
    2390,
    2985,
    2429,
    2343,
    2306,
    2254,
    1779,
    2126,
    2343,
    2266,
    1779,
    2249,
    2199,
    2229,
    2251,
    2282,
    2254,
    2361,
    2442,
    2160,
    2183,
    2508,
    1807,
    1349,
    1389,
    1663,
    1650,
    2041,
    1918,
    1988,
    2136,
    2168,
    2077,
    1999,
    1989,
    2197,
    2106,
    1916,
    2001,
    2103,
    1994,
    1924,
    2000,
    1765,
    2358,
    1962,
    1931,
    1518,
    1973,
    1763
  ],
  "frame_begin_times": [
    0,
    16763,
    33386,
    50037,
    66708,
    83368,
    100126,
    116770,
    133694,
    150292,
    167070,
    183979,
    200514,
    217046,
    233701,
    250672,
    266954,
    283731,
    300483,
    317074,
    333750,
    400172,
    417012,
    433743,
    450422,
    467100,
    483750,
    500614,
    516896,
    533757,
    550405,
    567186,
    583732,
    600298,
    617063,
    633694,
    650342,
    667051,
    683672,
    700478,
    717131,
    733705,
    750428,
    767059,
    783733,
    800416,
    817068,
    850176,
    866768,
    883329,
    916789,
    933313,
    950070,
    966883,
    983533,
    1000210,
    1016939,
    1033558,
    1050230,
    1067127,
    1083731,
    1100288,
    1117022,
    1133905,
    1150328,
    1167017,
    1183726,
    1200459,
    1217014,
    1233779,
    1250399,
    1267053,
    1300135,
    1317009,
    1333705,
    1350364,
    1367004,
    1383759,
    1400331,
    1416912,
    1433681,
    1450337,
    1466988,
    1483696,
    1500348,
    1517263,
    1533609,
    1550332,
    1567000,
    1583666,
    1600389,
    1617015,
    1633688,
    1650342,
    1666965,
    1683708,
    1700482,
    1717004,
    1750206,
    1767121,
    1783588,
    1800192,
    1816988,
    1833693,
    1850340,
    1866930,
    1883584,
    1900329,
    1916998,
    1933683,
    1950291,
    1967076,
    1983655,
    2000234,
    2017090,
    2033708,
    2050309,
    2066989,
    2084128,
    2100382,
    2116931,
    2133650,
    2150257,
    2166969,
    2183662
  ],
  "frame_rasterizer_begin_times": [
    0,
    3844,
    20331,
    36989,
    53611,
    70402,
    87167,
    103783,
    120821,
    137402,
    154125,
    170621,
    187508,
    204780,
    221313,
    237866,
    254562,
    271639,
    287851,
    304487,
    321157,
    337545,
    354496,
    424673,
    438101,
    454512,
    471518,
    488109,
    504748,
    521645,
    537897,
    554785,
    571412,
    588575,
    604742,
    620948,
    638001,
    654048,
    670917,
    687607,
    704184,
    721079,
    737702,
    754253,
    771013,
    787646,
    804271,
    820933,
    839894,
    874015,
    887407,
    926437,
    936892,
    953197,
    970137,
    987478,
    1004018,
    1020801,
    1037561,
    1054107,
    1070915,
    1088331,
    1104368,
    1120886,
    1137593,
    1154530,
    1170934,
    1187625,
    1204353,
    1221003,
    1237521,
    1254400,
    1270988,
    1290259,
    1326506,
    1338597,
    1354760,
    1371416,
    1387952,
    1404848,
    1421346,
    1437888,
    1454726,
    1471138,
    1487987,
    1504712,
    1521342,
    1537932,
    1554154,
    1570916,
    1587548,
    1604255,
    1620936,
    1637610,
    1654280,
    1670963,
    1687538,
    1704268,
    1721077,
    1740971,
    1770538,
    1794964,
    1805318,
    1820896,
    1838056,
    1854375,
    1871459,
    1888177,
    1904683,
    1921442,
    1938085,
    1954786,
    1971375,
    1988244,
    2004325,
    2020990,
    2038282,
    2054433,
    2070997,
    2087712,
    2104994,
    2121272,
    2137614,
    2154352,
    2170643,
    2187652,
    2207664
  ],
  "average_vsync_transitions_missed": 1.1153846153846154,
  "90th_percentile_vsync_transitions_missed": 1.0,
  "99th_percentile_vsync_transitions_missed": 3.0
}