{
  "average_frame_build_time_millis": 1.1268048780487805,
  "90th_percentile_frame_build_time_millis": 1.46,
  "99th_percentile_frame_build_time_millis": 5.316,
  "worst_frame_build_time_millis": 5.979,
  "missed_frame_build_budget_count": 0,
  "average_frame_rasterizer_time_millis": 2.9593790322580635,
  "90th_percentile_frame_rasterizer_time_millis": 2.663,
  "99th_percentile_frame_rasterizer_time_millis": 17.923,
  "worst_frame_rasterizer_time_millis": 33.927,
  "missed_frame_rasterizer_budget_count": 7,
  "frame_count": 123,
  "frame_rasterizer_count": 124,
  "frame_build_times": [
    492,
    462,
    489,
    468,
    410,
    436,
    3160,
    638,
    409,
    563,
    481,
    609,
    496,
    653,
    553,
    586,
    962,
    638,
    809,
    612,
    600,
    437,
    536,
    743,
    687,
    442,
    398,
    442,
    586,
    435,
    367,
    1284,
    1377,
    385,
    207,
    240,
    114,
    160,
    150,
    406,
    410,
    519,
    486,
    676,
    644,
    4469,
    1232,
    1339,
    1366,
    1275,
    1383,
    1259,
    1243,
    1326,
    1326,
    1264,
    1238,
    1392,
    1299,
    911,
    908,
    939,
    896,
    900,
    888,
    977,
    901,
    932,
    939,
    937,
    4134,
    5979,
    1460,
    959,
    1349,
    1420,
    1537,
    1318,
    1362,
    1353,
    1356,
    1270,
    1381,
    1388,
    986,
    881,
    927,
    1000,
    924,
    877,
    929,
    935,
    882,
    911,
    862,
    908,
    4002,
    5316,
    1702,
    1042,
    1028,
    1467,
    1388,
    1396,
    1421,
    1518,
    1374,
    1361,
    1507,
    1426,
    1360,
    1032,
    1116,
    1021,
    1051,
    1015,
    893,
    1017,
    1012,
    1028,
    1058,
    1025,
    4537
  ],
  "frame_rasterizer_times": [
    16621,
    17923,
    15256,
    16494,
    16537,
    17310,
    16058,
    1696,
    988,
    1116,
    976,
    1122,
    1384,
    910,
    1321,
    878,
    978,
    1537,
    933,
    1251,
    1130,
    1127,
    1208,
    1274,
    1291,
    1171,
    1075,
    1036,
    1091,
    1113,
    914,
    827,
    772,
    580,
    33927,
    648,
    1697,
    1299,
    1779,
    1872,
    2152,
    1100,
    2304,
    1645,
    1661,
    1657,
    2148,
    2663,
    2818,
    2282,
    2398,
    2340,
    2380,
    2363,
    2680,
    2534,
    2370,
    2384,
    2923,
    2293,
    2244,
    2335,
    2419,
    2348,
    2174,
    2232,
    2378,
    2198,
    2199,
    2572,
    2451,
    2063,
    1513,
    1909,
    1780,
    2348,
    2327,
    2638,
    2193,
    2208,
    2357,
    2275,
    2163,
    2319,
    2349,
    1734,
    1816,
    2385,
    2226,
    2202,
    2130,
    2448,
    2374,
    2184,
    2149,
    2045,
    2135,
    1801,
    1103,
    1497,
    1402,
    2041,
    2423,
    2026,
    2050,
    2288,
    2059,
    1981,
    2018,
    2876,
    1979,
    1963,
    1906,
    2441,
    1889,
    2008,
    1929,
    2039,
    1926,
    1912,
    1948,
    2056,
    1945,
    1422
  ],
  "frame_begin_times": [
    0,
    17069,
    33399,
    50085,
    66785,
    83813,
    178476,
    186327,
    199592,
    216363,
    233026,
    249658,
    266424,
    283031,
    299689,
    316379,
    333601,
    349685,
    366495,
    383005,
    399892,
    416410,
    433168,
    449675,
    466638,
    483043,
    499615,
    516339,
    533275,
    549652,
    566268,
    583029,
    599945,
    616491,
    633077,
    666264,
    682918,
    699590,
    716277,
    733194,
    749858,
    766566,
    783221,
    799970,
    816605,
    833445,
    850071,
    866639,
    883346,
    900188,
    916648,
    933305,
    950065,
    966945,
    983410,
    1000088,
    1016642,
    1033485,
    1050085,
    1066618,
    1083310,
    1100144,
    1116654,
    1133279,
    1149978,
    1166643,
    1183319,
    1200008,
    1216717,
    1233278,
    1249996,
    1283279,
    1299863,
    1316518,
    1333227,
    1350317,
    1366654,
    1383325,
    1399969,
    1416686,
    1433315,
    1449934,
    1466575,
    1483268,
    1499848,
    1516627,
    1533386,
    1549889,
    1566618,
    1583303,
    1600064,
    1616661,
    1633281,
    1649921,
    1666814,
    1683293,
    1699963,
    1733848,
    1749771,
    1766486,
    1783131,
    1800035,
    1816542,
    1833269,
    1850075,
    1866626,
    1883278,
    1899940,
    1917018,
    1933269,
    1949952,
    1966639,
    1983435,
    1999958,
    2016550,
    2033277,
    2049861,
    2066601,
    2083297,
    2099946,
    2116697,
    2133245,
    2149884
  ],
  "frame_rasterizer_begin_times": [
    0,
    16702,
    34771,
    50123,
    66692,
    83303,
    100784,
    196969,
    202399,
    215517,
    232431,
    249024,
    265768,
    282434,
    299188,
    315770,
    332387,
    350018,
    365823,
    382763,
    399122,
    415960,
    432357,
    449163,
    465795,
    482709,
    498997,
    515517,
    532288,
    549308,
    565563,
    582066,
    599812,
    616782,
    632318,
    666318,
    682008,
    698524,
    715165,
    731898,
    749058,
    765724,
    782567,
    799156,
    816138,
    832723,
    853548,
    866770,
    883394,
    900091,
    916878,
    933522,
    949972,
    966749,
    983772,
    1000226,
    1016833,
    1033291,
    1050249,
    1066855,
    1083025,
    1099708,
    1116600,
    1133215,
    1149668,
    1166355,
    1183104,
    1199712,
    1216398,
    1233039,
    1249665,
    1269164,
    1304473,
    1316778,
    1332942,
    1350071,
    1367074,
    1383583,
    1400090,
    1416716,
    1433521,
    1450056,
    1466686,
    1483445,
    1500145,
    1516295,
    1533031,
    1549839,
    1566443,
    1583020,
    1599686,
    1616488,
    1633109,
    1649644,
    1666347,
    1683080,
    1699691,
    1719446,
    1754474,
    1766902,
    1782979,
    1799598,
    1816977,
    1833381,
    1850144,
    1866983,
    1883636,
    1900146,
    1916784,
    1933978,
    1950184,
    1966831,
    1983163,
    1999955,
    2016486,
    2033093,
    2049798,
    2066243,
    2083095,
    2099787,
    2116493,
    2133237,
    2149788,
    2169612
  ],
  "average_vsync_transitions_missed": 1.1,
  "90th_percentile_vsync_transitions_missed": 1.0,
  "99th_percentile_vsync_transitions_missed": 2.0
}