{
  "average_frame_build_time_millis": 1.336808,
  "90th_percentile_frame_build_time_millis": 1.547,
  "99th_percentile_frame_build_time_millis": 7.048,
  "worst_frame_build_time_millis": 7.204,
  "missed_frame_build_budget_count": 0,
  "average_frame_rasterizer_time_millis": 2.2665679999999995,
  "90th_percentile_frame_rasterizer_time_millis": 2.454,
  "99th_percentile_frame_rasterizer_time_millis": 3.86,
  "worst_frame_rasterizer_time_millis": 41.858,
  "missed_frame_rasterizer_budget_count": 1,
  "frame_count": 125,
  "frame_rasterizer_count": 125,
  "frame_build_times": [
    1684,
    905,
    587,
    612,
    604,
    785,
    729,
    985,
    1016,
    154,
    285,
    307,
    333,
    442,
    487,
    435,
    440,
    509,
    439,
    432,
    469,
    345,
    7204,
    1547,
    1037,
    1506,
    1472,
    1385,
    1368,
    1385,
    1366,
    1428,
    1381,
    1315,
    1347,
    1410,
    930,
    979,
    921,
    893,
    954,
    994,
    902,
    959,
    981,
    965,
    912,
    3969,
    5873,
    1738,
    826,
    529,
    276,
    461,
    454,
    929,
    947,
    1285,
    1155,
    1575,
    1520,
    1037,
    1008,
    975,
    971,
    1270,
    984,
    806,
    962,
    793,
    995,
    969,
    4334,
    7048,
    1235,
    1130,
    1236,
    1419,
    1429,
    1534,
    1420,
    1489,
    1425,
    1153,
    1434,
    1431,
    1466,
    1002,
    1008,
    989,
    1012,
    1037,
    990,
    956,
    1021,
    1006,
    968,
    946,
    3837,
    6364,
    2097,
    1215,
    1464,
    1097,
    1470,
    1534,
    1442,
    1454,
    1490,
    1547,
    1466,
    1464,
    1502,
    1154,
    1064,
    1064,
    1131,
    1075,
    1060,
    1051,
    1308,
    1069,
    1064,
    1073,
    4595
  ],
  "frame_rasterizer_times": [
    1178,
    714,
    394,
    640,
    586,
    390,
    766,
    568,
    641,
    540,
    1191,
    1226,
    1406,
    1786,
    1811,
    1816,
    1766,
    1958,
    1792,
    1808,
    1801,
    1572,
    1950,
    2294,
    1835,
    2703,
    3860,
    2228,
    2241,
    1820,
    2381,
    1764,
    2276,
    2390,
    2270,
    2205,
    2504,
    2320,
    2250,
    2196,
    2454,
    2347,
    2272,
    2258,
    2089,
    2296,
    2167,
    1592,
    1712,
    41858,
    733,
    470,
    455,
    1000,
    744,
    1649,
    1659,
    2207,
    1937,
    2464,
    2511,
    2897,
    2414,
    3656,
    2320,
    2403,
    2901,
    1864,
    2234,
    2330,
    2450,
    2414,
    2451,
    1567,
    1789,
    1853,
    2296,
    2860,
    2381,
    2681,
    2289,
    2350,
    2256,
    1761,
    2202,
    2159,
    2327,
    2291,
    2193,
    2181,
    2347,
    2301,
    2169,
    2272,
    2543,
    2259,
    2206,
    2166,
    1391,
    1241,
    1570,
    1628,
    2068,
    1788,
    2108,
    2106,
    2059,
    1983,
    2376,
    2094,
    2092,
    1999,
    2125,
    2026,
    1866,
    1975,
    2176,
    1941,
    1929,
    1910,
    2365,
    1983,
    2054,
    1928,
    1796
  ],
  "frame_begin_times": [
    0,
    66508,
    83170,
    99903,
    116516,
    133255,
    149930,
    166618,
    183246,
    199871,
    216876,
    233514,
    250172,
    267085,
    283579,
    300188,
    316910,
    333648,
    350284,
    366931,
    383586,
    400113,
    466658,
    483512,
    500116,
    517132,
    533584,
    550318,
    566923,
    583698,
    600239,
    616942,
    633593,
    650202,
    666918,
    683623,
    700253,
    716938,
    733482,
    750237,
    767013,
    783670,
    800270,
    816822,
    833838,
    850344,
    866887,
    883625,
    916686,
    933613,
    949989,
    983286,
    999842,
    1016553,
    1033236,
    1050217,
    1066694,
    1083670,
    1100152,
    1116964,
    1133664,
    1150474,
    1166902,
    1183710,
    1200137,
    1217164,
    1233675,
    1250093,
    1266848,
    1283555,
    1300190,
    1316878,
    1333580,
    1366800,
    1383282,
    1400266,
    1416801,
    1433519,
    1450208,
    1467108,
    1483422,
    1500221,
    1516896,
    1533766,
    1550231,
    1566920,
    1583511,
    1600180,
    1616899,
    1633437,
    1650212,
    1666968,
    1683489,
    1700186,
    1717038,
    1733543,
    1750195,
    1766780,
    1783681,
    1816544,
    1833349,
    1850031,
    1866855,
    1883371,
    1900167,
    1916880,
    1933390,
    1950179,
    1966814,
    1983571,
    2000192,
    2016890,
    2033629,
    2050186,
    2066844,
    2083536,
    2100275,
    2116863,
    2133554,
    2150184,
    2167239,
    2183470,
    2200147,
    2216940,
    2233413
  ],
  "frame_rasterizer_begin_times": [
    0,
    16521,
    32887,
    49623,
    66251,
    83202,
    99796,
    116748,
    133371,
    149109,
    166269,
    182868,
    199659,
    216678,
    233204,
    249770,
    266464,
    283241,
    299873,
    316525,
    333115,
    349582,
    422691,
    434187,
    450259,
    467796,
    484207,
    500855,
    517441,
    534191,
    550824,
    567542,
    584090,
    600664,
    617449,
    634184,
    650332,
    667054,
    683499,
    700278,
    717136,
    733841,
    750315,
    766928,
    783975,
    800450,
    816870,
    836688,
    871455,
    884470,
    926441,
    932989,
    949199,
    966182,
    982880,
    1000270,
    1016762,
    1034026,
    1050445,
    1067698,
    1084356,
    1100681,
    1117061,
    1133853,
    1150256,
    1167590,
    1183803,
    1200014,
    1216980,
    1233459,
    1250333,
    1266990,
    1286511,
    1322702,
    1333565,
    1350547,
    1367141,
    1384073,
    1400772,
    1417800,
    1433989,
    1450828,
    1467432,
    1484047,
    1500814,
    1517501,
    1534137,
    1550315,
    1567058,
    1583576,
    1600377,
    1617175,
    1633628,
    1650292,
    1667210,
    1683697,
    1700276,
    1716862,
    1736642,
    1771885,
    1784527,
    1800318,
    1817456,
    1833578,
    1850786,
    1867583,
    1883974,
    1900793,
    1917456,
    1934313,
    1950808,
    1967496,
    1984287,
    2000440,
    2017056,
    2033758,
    2050591,
    2067084,
    2083773,
    2100387,
    2117550,
    2133678,
    2150334,
    2167162,
    2186720
  ],
  "average_vsync_transitions_missed": 1.75,
  "90th_percentile_vsync_transitions_missed": 3.0,
  "99th_percentile_vsync_transitions_missed": 3.0
}