{
  "average_frame_build_time_millis": 1.1835785123966942,
  "90th_percentile_frame_build_time_millis": 1.543,
  "99th_percentile_frame_build_time_millis": 6.684,
  "worst_frame_build_time_millis": 7.851,
  "missed_frame_build_budget_count": 0,
  "average_frame_rasterizer_time_millis": 4.1008429752066125,
  "90th_percentile_frame_rasterizer_time_millis": 16.43,
  "99th_percentile_frame_rasterizer_time_millis": 17.045,
  "worst_frame_rasterizer_time_millis": 29.807,
  "missed_frame_rasterizer_budget_count": 18,
  "frame_count": 121,
  "frame_rasterizer_count": 121,
  "frame_build_times": [
    803,
    765,
    1046,
    1005,
    331,
    322,
    358,
    459,
    468,
    418,
    497,
    465,
    455,
    419,
    416,
    466,
    458,
    6684,
    1240,
    1202,
    1156,
    1065,
    1461,
    1136,
    1439,
    1439,
    1443,
    1543,
    1414,
    1688,
    1493,
    1065,
    1016,
    988,
    1024,
    1042,
    974,
    1017,
    936,
    1007,
    959,
    982,
    2965,
    5674,
    607,
    606,
    472,
    304,
    474,
    463,
    424,
    567,
    420,
    480,
    453,
    761,
    410,
    423,
    453,
    433,
    393,
    401,
    410,
    428,
    408,
    411,
    365,
    1373,
    2331,
    1378,
    855,
    921,
    1071,
    1775,
    1365,
    1417,
    1417,
    1500,
    1420,
    1399,
    1375,
    1477,
    937,
    984,
    956,
    994,
    973,
    994,
    1027,
    984,
    985,
    972,
    1222,
    4488,
    864,
    7851,
    1844,
    1051,
    1044,
    1765,
    1135,
    1445,
    1452,
    1492,
    1109,
    1456,
    1698,
    1482,
    1048,
    1026,
    945,
    1058,
    1057,
    1068,
    1078,
    1054,
    1059,
    815,
    1097,
    1041,
    4820
  ],
  "frame_rasterizer_times": [
    16441,
    16715,
    16255,
    16701,
    16424,
    16833,
    17045,
    16440,
    16749,
    16430,
    16711,
    16363,
    16612,
    16973,
    16284,
    16422,
    16652,
    1685,
    2085,
    1894,
    1706,
    2760,
    2199,
    1760,
    2242,
    2204,
    2446,
    2341,
    2231,
    2573,
    2391,
    2283,
    2233,
    2174,
    2353,
    2197,
    2122,
    2160,
    1873,
    2172,
    2106,
    2186,
    1515,
    1749,
    29807,
    676,
    467,
    890,
    832,
    849,
    722,
    964,
    727,
    827,
    914,
    1445,
    951,
    930,
    1293,
    1050,
    849,
    949,
    903,
    1094,
    902,
    961,
    940,
    988,
    925,
    1755,
    1440,
    1500,
    2197,
    2394,
    2233,
    2278,
    2251,
    2374,
    2301,
    2298,
    2302,
    2327,
    2216,
    2291,
    2377,
    2316,
    2185,
    2220,
    2426,
    2186,
    2401,
    2187,
    2206,
    1323,
    1358,
    1464,
    1535,
    1538,
    1645,
    2675,
    1554,
    2019,
    2249,
    2051,
    1570,
    2025,
    2244,
    2021,
    1896,
    1912,
    1705,
    1933,
    1906,
    1979,
    2032,
    1930,
    1974,
    1673,
    2040,
    1920,
    1825
  ],
  "frame_begin_times": [
    0,
    16676,
    33403,
    50077,
    66964,
    83539,
    100300,
    117088,
    133731,
    150497,
    167111,
    183760,
    200367,
    217143,
    233760,
    250439,
    267045,
    333488,
    350222,
    367265,
    383617,
    400232,
    417036,
    433773,
    450290,
    467019,
    483688,
    500474,
    517060,
    533834,
    550474,
    567078,
    583693,
    600373,
    617195,
    633740,
    650322,
    667052,
    683874,
    700385,
    717001,
    733682,
    750313,
    783474,
    813466,
    816657,
    850004,
    866720,
    883423,
    900056,
    916702,
    933401,
    950065,
    966730,
    983405,
    1000043,
    1016695,
    1033468,
    1050047,
    1066760,
    1083386,
    1100069,
    1116760,
    1133416,
    1150033,
    1166734,
    1183372,
    1200076,
    1233363,
    1250401,
    1266766,
    1283544,
    1300212,
    1317168,
    1333763,
    1350280,
    1367083,
    1383783,
    1400348,
    1416999,
    1433657,
    1450378,
    1466982,
    1483685,
    1500493,
    1517009,
    1533611,
    1550350,
    1567533,
    1583637,
    1600297,
    1616974,
    1633990,
    1650332,
    1683437,
    1700393,
    1716757,
    1733486,
    1750154,
    1767226,
    1783478,
    1800279,
    1816920,
    1833637,
    1850093,
    1866925,
    1883737,
    1900399,
    1916976,
    1933629,
    1950488,
    1966994,
    1983652,
    2000253,
    2017023,
    2033611,
    2050242,
    2066764,
    2083610,
    2100176,
    2116936
  ],
  "frame_rasterizer_begin_times": [
    0,
    16689,
    33706,
    50337,
    67079,
    83552,
    100461,
    117590,
    134149,
    151000,
    167517,
    184313,
    200756,
    217439,
    234509,
    250908,
    267440,
    339047,
    350652,
    367611,
    383945,
    400537,
    417708,
    434113,
    450923,
    467689,
    484387,
    501245,
    517725,
    534697,
    551200,
    567341,
    583930,
    600571,
    617456,
    633934,
    650524,
    667279,
    684005,
    700595,
    717192,
    733906,
    752471,
    788101,
    813234,
    843104,
    849671,
    866184,
    883057,
    899674,
    916285,
    933126,
    949683,
    966367,
    983061,
    1000074,
    1016269,
    1033051,
    1049665,
    1066355,
    1082944,
    1099721,
    1116332,
    1133005,
    1149606,
    1166307,
    1183000,
    1200448,
    1234788,
    1250996,
    1266803,
    1283631,
    1300501,
    1318084,
    1334385,
    1350834,
    1367719,
    1384514,
    1401012,
    1417662,
    1434266,
    1451032,
    1467130,
    1483912,
    1500685,
    1517230,
    1533802,
    1550547,
    1567804,
    1583849,
    1600509,
    1617137,
    1634363,
    1653996,
    1683505,
    1707162,
    1717766,
    1733770,
    1750388,
    1768124,
    1783789,
    1800950,
    1817606,
    1834377,
    1850405,
    1867638,
    1884635,
    1901140,
    1917252,
    1933871,
    1950675,
    1967230,
    1983956,
    2000567,
    2017332,
    2033897,
    2050545,
    2066844,
    2083921,
    2100439,
    2120553
  ],
  "average_vsync_transitions_missed": 1.05,
  "90th_percentile_vsync_transitions_missed": 1.0,
  "99th_percentile_vsync_transitions_missed": 2.0
}