{
  "average_frame_build_time_millis": 1.3182879999999995,
  "90th_percentile_frame_build_time_millis": 1.616,
  "99th_percentile_frame_build_time_millis": 6.185,
  "worst_frame_build_time_millis": 6.942,
  "missed_frame_build_budget_count": 0,
  "average_frame_rasterizer_time_millis": 4.958158730158729,
  "90th_percentile_frame_rasterizer_time_millis": 16.574,
  "99th_percentile_frame_rasterizer_time_millis": 17.27,
  "worst_frame_rasterizer_time_millis": 42.462,
  "missed_frame_rasterizer_budget_count": 21,
  "frame_count": 125,
  "frame_rasterizer_count": 126,
  "frame_build_times": [
    453,
    572,
    826,
    559,
    840,
    744,
    722,
    1011,
    316,
    283,
    291,
    300,
    495,
    435,
    454,
    455,
    504,
    417,
    447,
    523,
    457,
    5338,
    1616,
    1042,
    1458,
    1460,
    1428,
    1385,
    1360,
    1446,
    1428,
    1382,
    1407,
    1881,
    1415,
    918,
    947,
    948,
    964,
    958,
    943,
    882,
    930,
    945,
    980,
    790,
    4124,
    5817,
    1252,
    785,
    535,
    292,
    418,
    406,
    921,
    1021,
    987,
    1133,
    1496,
    1516,
    990,
    1030,
    993,
    966,
    975,
    1148,
    990,
    1013,
    874,
    858,
    979,
    4118,
    6185,
    1486,
    1062,
    1451,
    1457,
    1419,
    1443,
    1834,
    1112,
    1529,
    1513,
    1553,
    1491,
    1437,
    959,
    1643,
    999,
    996,
    1153,
    1091,
    998,
    922,
    946,
    980,
    935,
    4498,
    677,
    6942,
    2167,
    1525,
    1453,
    1459,
    1482,
    1544,
    1453,
    1480,
    1498,
    1526,
    1445,
    1444,
    1045,
    1142,
    1058,
    1055,
    1124,
    859,
    1063,
    1054,
    1129,
    1098,
    1045,
    1050,
    3885
  ],
  "frame_rasterizer_times": [
    15904,
    16604,
    16664,
    16395,
    16574,
    16370,
    16599,
    16555,
    16626,
    16535,
    16548,
    16690,
    17270,
    17116,
    15949,
    16597,
    16432,
    17170,
    16020,
    16678,
    16499,
    16683,
    1702,
    2354,
    2292,
    2378,
    3946,
    2253,
    2215,
    2520,
    2356,
    2258,
    2251,
    2342,
    2315,
    2196,
    2144,
    2179,
    2297,
    2163,
    2098,
    2194,
    2341,
    2177,
    2176,
    2438,
    1749,
    1573,
    1742,
    42462,
    847,
    707,
    489,
    727,
    711,
    1572,
    1655,
    1631,
    1855,
    2159,
    2397,
    2621,
    2608,
    3382,
    2410,
    2422,
    2506,
    2426,
    2353,
    2189,
    1996,
    2277,
    2089,
    1585,
    2005,
    1910,
    2686,
    3020,
    2472,
    2424,
    3289,
    1695,
    2311,
    2344,
    2730,
    2322,
    2300,
    2347,
    2407,
    2834,
    2223,
    2263,
    2275,
    2599,
    2302,
    2590,
    2388,
    2269,
    1550,
    1245,
    1302,
    1759,
    1721,
    2049,
    2292,
    2068,
    2101,
    2141,
    1956,
    2031,
    2067,
    1996,
    1880,
    2164,
    2085,
    1948,
    1944,
    2154,
    1523,
    1985,
    1881,
    2161,
    1964,
    1873,
    2039,
    1641
  ],
  "frame_begin_times": [
    0,
    16671,
    33332,
    49963,
    66641,
    83347,
    99995,
    116710,
    133610,
    150124,
    166895,
    183602,
    200366,
    217506,
    233705,
    250399,
    267051,
    284145,
    300324,
    317019,
    333646,
    400048,
    416946,
    433576,
    450325,
    467150,
    483745,
    500348,
    516997,
    533817,
    550377,
    567082,
    583701,
    600583,
    617078,
    633614,
    650431,
    667392,
    683694,
    700372,
    717051,
    733601,
    750304,
    767073,
    783806,
    800193,
    817022,
    850144,
    866946,
    883402,
    916726,
    933246,
    949976,
    966642,
    983571,
    1000179,
    1016791,
    1033598,
    1050404,
    1066999,
    1083615,
    1100338,
    1117118,
    1133622,
    1150309,
    1167234,
    1183615,
    1200264,
    1216923,
    1233878,
    1250333,
    1266949,
    1300058,
    1316738,
    1333560,
    1350310,
    1367030,
    1383658,
    1400323,
    1417278,
    1433566,
    1450311,
    1466979,
    1484061,
    1500289,
    1516938,
    1533608,
    1550710,
    1566954,
    1583615,
    1600286,
    1617007,
    1633628,
    1650230,
    1667193,
    1683697,
    1700290,
    1717013,
    1750265,
    1766708,
    1783502,
    1800496,
    1816969,
    1833603,
    1850228,
    1867435,
    1883537,
    1900267,
    1916919,
    1933600,
    1950198,
    1966891,
    1983601,
    2000319,
    2016877,
    2033574,
    2050278,
    2066865,
    2083591,
    2100279,
    2117095,
    2133560,
    2150191,
    2166955,
    2183733
  ],
  "frame_rasterizer_begin_times": [
    0,
    15963,
    32635,
    49610,
    66076,
    82876,
    99549,
    116214,
    133186,
    149857,
    166442,
    183021,
    199754,
    217104,
    234344,
    250341,
    267028,
    283537,
    300813,
    316918,
    333669,
    350255,
    420468,
    433986,
    450061,
    467226,
    483948,
    500614,
    517177,
    533800,
    550709,
    567243,
    583908,
    600474,
    617894,
    633893,
    649970,
    666848,
    683810,
    700059,
    716797,
    733395,
    749928,
    766661,
    783448,
    800194,
    816339,
    836520,
    871053,
    883552,
    926156,
    932667,
    948997,
    965808,
    982459,
    999891,
    1016595,
    1033181,
    1050158,
    1067343,
    1083970,
    1100045,
    1116805,
    1133551,
    1149960,
    1166725,
    1183714,
    1200034,
    1216661,
    1233209,
    1250149,
    1266769,
    1286060,
    1321449,
    1333611,
    1350028,
    1367176,
    1383927,
    1400520,
    1417241,
    1434673,
    1450082,
    1467253,
    1483897,
    1501256,
    1517227,
    1533837,
    1550010,
    1567644,
    1583393,
    1600078,
    1616776,
    1633557,
    1650066,
    1666603,
    1683567,
    1700108,
    1716683,
    1736877,
    1766341,
    1788869,
    1801001,
    1817434,
    1833863,
    1850425,
    1867151,
    1884423,
    1900327,
    1917188,
    1933877,
    1950559,
    1967083,
    1983779,
    2000078,
    2016856,
    2033383,
    2050071,
    2066844,
    2083151,
    2100094,
    2116793,
    2133583,
    2150112,
    2166691,
    2183395,
    2202707
  ],
  "average_vsync_transitions_missed": 1.12,
  "90th_percentile_vsync_transitions_missed": 1.0,
  "99th_percentile_vsync_transitions_missed": 3.0
}