{
  "average_frame_build_time_millis": 1.3498959999999998,
  "90th_percentile_frame_build_time_millis": 1.645,
  "99th_percentile_frame_build_time_millis": 7.013,
  "worst_frame_build_time_millis": 7.048,
  "missed_frame_build_budget_count": 0,
  "average_frame_rasterizer_time_millis": 4.946341269841272,
  "90th_percentile_frame_rasterizer_time_millis": 16.545,
  "99th_percentile_frame_rasterizer_time_millis": 17.199,
  "worst_frame_rasterizer_time_millis": 43.763,
  "missed_frame_rasterizer_budget_count": 23,
  "frame_count": 125,
  "frame_rasterizer_count": 126,
  "frame_build_times": [
    455,
    554,
    518,
    653,
    802,
    745,
    726,
    920,
    112,
    280,
    296,
    342,
    443,
    441,
    585,
    463,
    449,
    441,
    461,
    437,
    449,
    7048,
    1211,
    1085,
    1418,
    1386,
    1374,
    1447,
    1379,
    1375,
    1427,
    1527,
    1392,
    1524,
    1616,
    981,
    924,
    980,
    944,
    946,
    1070,
    928,
    976,
    1051,
    925,
    940,
    4022,
    5705,
    1802,
    807,
    537,
    317,
    455,
    1155,
    963,
    1204,
    1602,
    1531,
    1526,
    1173,
    937,
    962,
    962,
    957,
    964,
    940,
    979,
    978,
    955,
    951,
    994,
    4517,
    6723,
    1340,
    1064,
    1555,
    1375,
    1439,
    1417,
    1405,
    1478,
    1570,
    1676,
    1383,
    1542,
    1645,
    960,
    949,
    1039,
    950,
    939,
    955,
    1140,
    972,
    963,
    1020,
    975,
    4550,
    673,
    7013,
    2115,
    1460,
    1497,
    1579,
    1464,
    1472,
    1532,
    1530,
    1476,
    1429,
    1693,
    1469,
    1062,
    1064,
    1098,
    1053,
    1057,
    1059,
    1103,
    1061,
    1094,
    1087,
    1101,
    818,
    4313
  ],
  "frame_rasterizer_times": [
    16632,
    1325,
    395,
    645,
    681,
    466,
    790,
    420,
    522,
    545,
    1167,
    1211,
    1533,
    1785,
    1773,
    2047,
    1957,
    1712,
    1805,
    1988,
    1897,
    1864,
    1717,
    2041,
    1923,
    2326,
    3271,
    1849,
    2342,
    2238,
    2188,
    2447,
    2328,
    2240,
    2235,
    2423,
    2266,
    2188,
    2159,
    1597,
    2153,
    2608,
    2259,
    2318,
    2179,
    2167,
    2269,
    1681,
    1755,
    43763,
    757,
    16451,
    16748,
    17153,
    16384,
    17007,
    16882,
    16231,
    16467,
    16201,
    16774,
    16515,
    16607,
    17199,
    16016,
    16545,
    17012,
    16416,
    16191,
    16568,
    17034,
    16271,
    13693,
    1522,
    1664,
    1923,
    2841,
    2825,
    2440,
    2326,
    2399,
    2849,
    2354,
    2355,
    2369,
    2677,
    2339,
    2293,
    2323,
    3083,
    2619,
    2466,
    2408,
    2886,
    2265,
    2295,
    2230,
    2273,
    1854,
    1218,
    1237,
    1796,
    2003,
    2279,
    2476,
    2010,
    2026,
    2151,
    2058,
    1992,
    2044,
    1586,
    1958,
    1998,
    2027,
    2039,
    1978,
    1946,
    2183,
    2085,
    1928,
    1980,
    2157,
    2039,
    1518,
    1437
  ],
  "frame_begin_times": [
    0,
    16651,
    33322,
    49992,
    66704,
    83385,
    100013,
    116671,
    133344,
    150311,
    166926,
    183605,
    200332,
    216991,
    233606,
    250434,
    266988,
    283746,
    300485,
    317021,
    333675,
    400114,
    416845,
    433565,
    450403,
    467180,
    483748,
    500254,
    516863,
    533623,
    550371,
    567010,
    583700,
    600294,
    617160,
    633675,
    650316,
    667018,
    683847,
    700291,
    716989,
    733775,
    750541,
    767004,
    783693,
    800331,
    817126,
    850120,
    867118,
    883424,
    916719,
    933279,
    950093,
    966869,
    983331,
    1000254,
    1017074,
    1033658,
    1050316,
    1067038,
    1083602,
    1100313,
    1117081,
    1133668,
    1150272,
    1167057,
    1183685,
    1200428,
    1217026,
    1233638,
    1250482,
    1267141,
    1300163,
    1316929,
    1333507,
    1350275,
    1367015,
    1383698,
    1400300,
    1417000,
    1433596,
    1450375,
    1466869,
    1483594,
    1500395,
    1517049,
    1533617,
    1550281,
    1567268,
    1583544,
    1600264,
    1616973,
    1633826,
    1650215,
    1666941,
    1683540,
    1700318,
    1716990,
    1750119,
    1766843,
    1783513,
    1800255,
    1816975,
    1833616,
    1850291,
    1866958,
    1883682,
    1900243,
    1916929,
    1933588,
    1950376,
    1966955,
    1983647,
    2000256,
    2016917,
    2033597,
    2050191,
    2066939,
    2083602,
    2100260,
    2116908,
    2133656,
    2150303,
    2166777,
    2183548
  ],
  "frame_rasterizer_begin_times": [
    0,
    16751,
    33146,
    49782,
    66635,
    83406,
    100069,
    116670,
    133541,
    149409,
    166513,
    183153,
    199866,
    216744,
    233375,
    250121,
    266977,
    283395,
    300158,
    316888,
    333399,
    350058,
    422835,
    433949,
    450566,
    467756,
    484527,
    501084,
    517636,
    534198,
    550940,
    567759,
    584496,
    601033,
    617722,
    634725,
    650591,
    667197,
    683956,
    700664,
    717199,
    734023,
    750575,
    767462,
    784022,
    800577,
    817259,
    837071,
    871492,
    884797,
    928665,
    933186,
    949686,
    966555,
    983880,
    1000313,
    1017391,
    1034639,
    1051144,
    1067867,
    1084134,
    1101026,
    1117604,
    1134300,
    1151584,
    1167677,
    1184292,
    1201450,
    1217954,
    1234257,
    1250962,
    1268077,
    1287160,
    1322464,
    1334204,
    1350489,
    1367765,
    1384351,
    1401088,
    1417658,
    1434370,
    1451024,
    1467910,
    1484484,
    1500937,
    1517909,
    1534667,
    1550549,
    1567215,
    1584293,
    1600474,
    1617164,
    1633887,
    1650840,
    1667143,
    1683822,
    1700471,
    1717264,
    1737524,
    1766709,
    1789570,
    1801455,
    1817658,
    1834436,
    1851138,
    1867713,
    1884425,
    1901163,
    1917718,
    1934365,
    1950947,
    1968013,
    1984368,
    2000644,
    2017292,
    2033961,
    2050581,
    2067246,
    2083957,
    2100650,
    2117260,
    2133957,
    2150708,
    2167339,
    2183529,
    2203495
  ],
  "average_vsync_transitions_missed": 1.0384615384615385,
  "90th_percentile_vsync_transitions_missed": 1.0,
  "99th_percentile_vsync_transitions_missed": 2.0
}