{
  "average_frame_build_time_millis": 1.31288,
  "90th_percentile_frame_build_time_millis": 1.555,
  "99th_percentile_frame_build_time_millis": 6.101,
  "worst_frame_build_time_millis": 7.254,
  "missed_frame_build_budget_count": 0,
  "average_frame_rasterizer_time_millis": 2.2231904761904766,
  "90th_percentile_frame_rasterizer_time_millis": 2.465,
  "99th_percentile_frame_rasterizer_time_millis": 3.179,
  "worst_frame_rasterizer_time_millis": 42.776,
  "missed_frame_rasterizer_budget_count": 1,
  "frame_count": 125,
  "frame_rasterizer_count": 126,
  "frame_build_times": [
    482,
    520,
    574,
    912,
    756,
    772,
    739,
    988,
    294,
    277,
    351,
    424,
    420,
    457,
    440,
    435,
    346,
    465,
    439,
    448,
    441,
    6101,
    1298,
    904,
    1083,
    1413,
    1228,
    1384,
    1410,
    1465,
    1450,
    1443,
    1480,
    1470,
    1507,
    986,
    1000,
    1090,
    1080,
    959,
    975,
    1144,
    969,
    938,
    946,
    775,
    4009,
    6037,
    1660,
    784,
    465,
    313,
    408,
    418,
    1054,
    982,
    1140,
    1525,
    1514,
    1527,
    1000,
    992,
    1038,
    1022,
    987,
    1181,
    1013,
    988,
    986,
    1025,
    1025,
    4107,
    7254,
    1278,
    1044,
    1087,
    1406,
    1426,
    1388,
    1377,
    1464,
    1434,
    1422,
    1399,
    1435,
    1430,
    740,
    1009,
    1003,
    950,
    967,
    978,
    972,
    959,
    942,
    762,
    963,
    4521,
    663,
    4948,
    1748,
    1075,
    1533,
    1469,
    1555,
    1581,
    1559,
    1440,
    1459,
    1527,
    1520,
    1485,
    1069,
    823,
    1065,
    1094,
    1134,
    1073,
    1043,
    1048,
    1038,
    1092,
    1063,
    818,
    5900
  ],
  "frame_rasterizer_times": [
    586,
    513,
    346,
    609,
    756,
    451,
    796,
    400,
    596,
    1174,
    1125,
    1525,
    1791,
    1744,
    1822,
    1993,
    1787,
    1456,
    2015,
    1876,
    1824,
    1802,
    2078,
    2056,
    1582,
    1808,
    3179,
    1801,
    2325,
    2230,
    2389,
    2443,
    2249,
    2230,
    2534,
    2245,
    2151,
    2158,
    2692,
    1859,
    2248,
    2119,
    1730,
    2129,
    2191,
    2127,
    2206,
    1652,
    1924,
    42776,
    759,
    295,
    498,
    739,
    733,
    1694,
    1570,
    1853,
    2192,
    2585,
    2418,
    2904,
    2466,
    3094,
    2356,
    2365,
    2473,
    2465,
    2399,
    2273,
    2554,
    2366,
    2098,
    1573,
    1670,
    1722,
    1888,
    2996,
    2232,
    2547,
    2376,
    2334,
    2348,
    2248,
    2427,
    2332,
    2248,
    1750,
    2192,
    2230,
    2199,
    2268,
    1951,
    2222,
    2220,
    2192,
    1861,
    2244,
    1672,
    1366,
    1221,
    1529,
    1787,
    1804,
    2330,
    2049,
    2336,
    2048,
    2061,
    1996,
    1752,
    2136,
    1941,
    1906,
    1676,
    1927,
    1870,
    2015,
    2008,
    1931,
    2031,
    2214,
    2046,
    1993,
    1513,
    1447
  ],
  "frame_begin_times": [
    0,
    16730,
    33398,
    50045,
    66703,
    83377,
    100076,
    116717,
    133686,
    150246,
    167028,
    183768,
    200384,
    217043,
    233774,
    250494,
    267051,
    283887,
    300402,
    317149,
    333815,
    402014,
    416836,
    433559,
    450356,
    467094,
    483726,
    500401,
    516889,
    533700,
    550412,
    567046,
    583768,
    600498,
    617064,
    633742,
    650435,
    667245,
    683685,
    700368,
    717037,
    733812,
    750338,
    767050,
    783782,
    800347,
    817064,
    850155,
    867042,
    883446,
    916638,
    933267,
    950028,
    966638,
    983914,
    1000223,
    1016963,
    1033789,
    1050992,
    1067067,
    1083812,
    1100391,
    1117132,
    1133811,
    1150369,
    1167051,
    1183908,
    1200447,
    1217042,
    1233917,
    1250503,
    1267062,
    1300269,
    1316969,
    1333624,
    1350247,
    1367061,
    1383794,
    1400365,
    1416875,
    1433790,
    1450407,
    1467079,
    1483743,
    1500407,
    1517064,
    1533613,
    1550438,
    1567047,
    1583708,
    1600343,
    1617195,
    1633701,
    1650392,
    1667024,
    1683757,
    1700366,
    1717049,
    1750121,
    1766757,
    1783472,
    1800230,
    1817024,
    1833695,
    1850342,
    1867122,
    1883598,
    1900323,
    1917004,
    1933782,
    1950318,
    1966935,
    1983686,
    2000365,
    2017006,
    2033712,
    2050390,
    2066974,
    2083670,
    2100306,
    2117030,
    2133702,
    2150357,
    2166846,
    2184090
  ],
  "frame_rasterizer_begin_times": [
    0,
    16500,
    33298,
    50060,
    66948,
    83494,
    100188,
    116804,
    133709,
    150001,
    166533,
    183400,
    200166,
    216879,
    233553,
    250267,
    266988,
    283440,
    300401,
    316896,
    333682,
    350295,
    423825,
    434161,
    450437,
    467477,
    484533,
    501001,
    517847,
    534337,
    551228,
    567918,
    584517,
    601277,
    618037,
    634619,
    650775,
    667437,
    684392,
    700827,
    717307,
    734056,
    750974,
    767350,
    784062,
    800788,
    817210,
    837103,
    871916,
    884721,
    927584,
    933182,
    949647,
    966482,
    983105,
    1000920,
    1017200,
    1034075,
    1051372,
    1068578,
    1084660,
    1100821,
    1117440,
    1134236,
    1150891,
    1167415,
    1184242,
    1200981,
    1217495,
    1234089,
    1251028,
    1267586,
    1286757,
    1323336,
    1334236,
    1350697,
    1367391,
    1384556,
    1401284,
    1417809,
    1434307,
    1451312,
    1467901,
    1484592,
    1501230,
    1517912,
    1534555,
    1550401,
    1567509,
    1584114,
    1600663,
    1617375,
    1634231,
    1650746,
    1667413,
    1684013,
    1700636,
    1717377,
    1737592,
    1766820,
    1787611,
    1801213,
    1817335,
    1834618,
    1851241,
    1867952,
    1884751,
    1901164,
    1917824,
    1934530,
    1951292,
    1967897,
    1984467,
    2000817,
    2017206,
    2034128,
    2050900,
    2067575,
    2084089,
    2100784,
    2117399,
    2134160,
    2150832,
    2167483,
    2183723,
    2205658
  ],
  "average_vsync_transitions_missed": 1.3333333333333333,
  "90th_percentile_vsync_transitions_missed": 2.0,
  "99th_percentile_vsync_transitions_missed": 2.0
}