{
  "average_frame_build_time_millis": 1.3322159999999998,
  "90th_percentile_frame_build_time_millis": 1.558,
  "99th_percentile_frame_build_time_millis": 6.281,
  "worst_frame_build_time_millis": 6.924,
  "missed_frame_build_budget_count": 0,
  "average_frame_rasterizer_time_millis": 3.0100239999999996,
  "90th_percentile_frame_rasterizer_time_millis": 2.515,
  "99th_percentile_frame_rasterizer_time_millis": 16.873,
  "worst_frame_rasterizer_time_millis": 42.786,
  "missed_frame_rasterizer_budget_count": 7,
  "frame_count": 125,
  "frame_rasterizer_count": 125,
  "frame_build_times": [
    944,
    430,
    604,
    625,
    1031,
    827,
    844,
    1013,
    871,
    310,
    257,
    282,
    308,
    348,
    449,
    452,
    456,
    431,
    439,
    448,
    434,
    436,
    5143,
    1491,
    1468,
    1453,
    1394,
    1446,
    1487,
    1359,
    1399,
    1426,
    1440,
    1366,
    1414,
    1466,
    988,
    940,
    914,
    845,
    968,
    949,
    928,
    978,
    919,
    927,
    727,
    3993,
    5795,
    1662,
    806,
    531,
    309,
    429,
    412,
    970,
    984,
    958,
    1161,
    1558,
    1545,
    1003,
    1012,
    975,
    1047,
    979,
    989,
    1036,
    1027,
    738,
    985,
    998,
    4178,
    6281,
    2113,
    1488,
    1442,
    1399,
    1531,
    1419,
    1357,
    1557,
    1441,
    1402,
    1402,
    1472,
    1475,
    997,
    1059,
    975,
    1005,
    1049,
    957,
    824,
    956,
    939,
    972,
    1021,
    4398,
    6924,
    1639,
    951,
    1135,
    1242,
    1534,
    1521,
    1500,
    1583,
    1525,
    1497,
    1528,
    1541,
    1526,
    1097,
    1145,
    1479,
    1267,
    1284,
    873,
    1198,
    1097,
    1102,
    1110,
    1202,
    4942
  ],
  "frame_rasterizer_times": [
    16174,
    16491,
    16539,
    16873,
    16227,
    16191,
    1178,
    768,
    534,
    1334,
    1055,
    1133,
    1268,
    1403,
    1725,
    2031,
    1884,
    1809,
    1767,
    2036,
    1832,
    2038,
    1626,
    2222,
    2126,
    2412,
    3783,
    2377,
    2393,
    2222,
    2223,
    2515,
    2318,
    2347,
    2281,
    2243,
    2352,
    2192,
    2265,
    1845,
    2191,
    2191,
    2174,
    2344,
    2198,
    2213,
    1791,
    1673,
    1654,
    42786,
    755,
    519,
    471,
    773,
    721,
    1543,
    1680,
    1607,
    1883,
    2134,
    2519,
    2415,
    2423,
    3505,
    2494,
    2349,
    2295,
    2541,
    2384,
    1779,
    2327,
    2229,
    2120,
    1554,
    2315,
    2411,
    2433,
    2943,
    2302,
    2327,
    2341,
    2065,
    2340,
    2274,
    2293,
    2438,
    2305,
    2198,
    2260,
    2250,
    2240,
    2257,
    2195,
    1839,
    2232,
    2236,
    2213,
    2334,
    1775,
    1228,
    1381,
    1323,
    1460,
    2061,
    2011,
    1688,
    2057,
    1966,
    2108,
    2013,
    2014,
    2131,
    1954,
    1912,
    1887,
    2019,
    2072,
    1973,
    1689,
    2094,
    2087,
    1939,
    2133,
    1995,
    1975
  ],
  "frame_begin_times": [
    0,
    16583,
    33292,
    49974,
    66675,
    83300,
    99980,
    116658,
    133344,
    150323,
    166812,
    183473,
    200223,
    216859,
    233707,
    250439,
    267081,
    283625,
    300318,
    317119,
    333703,
    350341,
    416749,
    433575,
    450349,
    466987,
    483674,
    500339,
    517035,
    533620,
    550296,
    567334,
    583658,
    600345,
    616969,
    633723,
    650416,
    666984,
    683645,
    700392,
    716941,
    733620,
    750278,
    767019,
    783622,
    800289,
    816841,
    833663,
    866801,
    883745,
    900060,
    933257,
    949960,
    966641,
    983318,
    1000209,
    1016829,
    1033461,
    1050167,
    1066976,
    1083664,
    1100258,
    1116917,
    1133648,
    1150288,
    1166981,
    1183620,
    1200270,
    1216962,
    1233498,
    1250263,
    1267122,
    1283562,
    1316716,
    1333690,
    1350302,
    1367027,
    1383573,
    1400354,
    1416952,
    1433583,
    1450262,
    1466940,
    1483596,
    1500193,
    1517163,
    1533579,
    1550270,
    1566838,
    1583761,
    1600272,
    1616867,
    1633610,
    1650377,
    1666876,
    1683582,
    1700203,
    1716907,
    1733512,
    1767739,
    1783383,
    1800034,
    1816750,
    1833623,
    1850201,
    1866884,
    1883559,
    1900506,
    1917000,
    1933557,
    1950248,
    1967253,
    1983572,
    2000287,
    2016895,
    2033499,
    2050393,
    2066901,
    2083373,
    2100258,
    2116879,
    2133604,
    2150510,
    2166906,
    2183549
  ],
  "frame_rasterizer_begin_times": [
    0,
    16245,
    32989,
    49715,
    66827,
    83247,
    99857,
    116766,
    133307,
    149672,
    166120,
    182801,
    199608,
    216264,
    233254,
    249958,
    266632,
    283160,
    299860,
    316670,
    333225,
    349858,
    420734,
    434160,
    451024,
    467538,
    484169,
    500880,
    517680,
    534071,
    550810,
    567849,
    584199,
    600782,
    617484,
    634297,
    650522,
    667029,
    683646,
    700300,
    716985,
    733688,
    750366,
    767090,
    783672,
    800318,
    816662,
    836721,
    871411,
    884504,
    927410,
    932854,
    949337,
    966146,
    982828,
    1000269,
    1016875,
    1033511,
    1050346,
    1067632,
    1084311,
    1100310,
    1116975,
    1133740,
    1150464,
    1167078,
    1183700,
    1200324,
    1217077,
    1233300,
    1250353,
    1267235,
    1286286,
    1321881,
    1334906,
    1350907,
    1367577,
    1384066,
    1400977,
    1417473,
    1434043,
    1450905,
    1467503,
    1484102,
    1500694,
    1517744,
    1534159,
    1550354,
    1566879,
    1583827,
    1600383,
    1616937,
    1633630,
    1650275,
    1666936,
    1683641,
    1700231,
    1716992,
    1736991,
    1773486,
    1784051,
    1800052,
    1816960,
    1833848,
    1850747,
    1867510,
    1884156,
    1901212,
    1917587,
    1934160,
    1950901,
    1967894,
    1984184,
    2000463,
    2017109,
    2033766,
    2050710,
    2067121,
    2083307,
    2100460,
    2117118,
    2133784,
    2150722,
    2167122,
    2187138
  ],
  "average_vsync_transitions_missed": 1.1111111111111112,
  "90th_percentile_vsync_transitions_missed": 1.0,
  "99th_percentile_vsync_transitions_missed": 2.0
}