{
  "average_frame_build_time_millis": 1.3545079365079364,
  "90th_percentile_frame_build_time_millis": 1.662,
  "99th_percentile_frame_build_time_millis": 6.687,
  "worst_frame_build_time_millis": 8.859,
  "missed_frame_build_budget_count": 0,
  "average_frame_rasterizer_time_millis": 4.938634920634921,
  "90th_percentile_frame_rasterizer_time_millis": 16.442,
  "99th_percentile_frame_rasterizer_time_millis": 17.319,
  "worst_frame_rasterizer_time_millis": 44.646,
  "missed_frame_rasterizer_budget_count": 22,
  "frame_count": 126,
  "frame_rasterizer_count": 126,
  "frame_build_times": [
    1222,
    707,
    374,
    482,
    501,
    710,
    701,
    719,
    952,
    1304,
    97,
    282,
    289,
    340,
    435,
    424,
    416,
    428,
    547,
    425,
    426,
    452,
    6687,
    2010,
    1374,
    1419,
    1542,
    1527,
    1381,
    1358,
    1567,
    1105,
    1401,
    1424,
    1471,
    1454,
    998,
    948,
    726,
    968,
    933,
    941,
    1007,
    923,
    950,
    947,
    972,
    4057,
    6604,
    1662,
    858,
    539,
    315,
    414,
    407,
    944,
    849,
    959,
    1116,
    1535,
    1539,
    1007,
    985,
    997,
    990,
    968,
    1006,
    981,
    983,
    973,
    810,
    599,
    4153,
    6317,
    2071,
    1395,
    1432,
    1524,
    1422,
    1380,
    1433,
    1443,
    1395,
    1413,
    1515,
    1438,
    1412,
    971,
    917,
    1002,
    937,
    929,
    1028,
    962,
    950,
    948,
    1002,
    961,
    4433,
    660,
    8859,
    2143,
    1356,
    939,
    1112,
    1110,
    1671,
    1575,
    1504,
    1459,
    1580,
    1501,
    1509,
    1426,
    1107,
    1119,
    1102,
    1137,
    1281,
    1104,
    1207,
    1236,
    1164,
    1101,
    1104,
    4456
  ],
  "frame_rasterizer_times": [
    957,
    16465,
    16442,
    16541,
    16546,
    16267,
    16269,
    16433,
    16235,
    15852,
    17128,
    16415,
    16820,
    17319,
    16427,
    16375,
    16568,
    17028,
    16274,
    16518,
    16372,
    16850,
    1717,
    2032,
    2418,
    2356,
    3715,
    2380,
    2230,
    2291,
    2445,
    1753,
    2138,
    2255,
    1990,
    2219,
    2159,
    2176,
    1764,
    2237,
    2139,
    2229,
    2297,
    2262,
    2177,
    2387,
    2318,
    1633,
    1720,
    44646,
    966,
    16482,
    1499,
    737,
    822,
    1521,
    1445,
    1556,
    1707,
    2293,
    2397,
    2461,
    2640,
    3434,
    2341,
    2254,
    2485,
    2326,
    2342,
    2283,
    1507,
    1924,
    2263,
    1680,
    2531,
    2450,
    2644,
    3031,
    2163,
    2273,
    2455,
    2307,
    2272,
    2216,
    2490,
    2276,
    2250,
    2213,
    2011,
    2251,
    2193,
    1732,
    2273,
    2188,
    2274,
    2243,
    2318,
    2211,
    1718,
    1398,
    1314,
    2057,
    1423,
    1245,
    1510,
    1530,
    1605,
    2221,
    2137,
    2116,
    1993,
    2168,
    1960,
    2034,
    2051,
    2345,
    1895,
    2410,
    2062,
    2052,
    1965,
    2472,
    2150,
    2159,
    1838,
    1626
  ],
  "frame_begin_times": [
    0,
    49936,
    66599,
    83261,
    99929,
    116671,
    133373,
    149974,
    166631,
    183274,
    199996,
    216926,
    233456,
    250177,
    267074,
    283730,
    300405,
    316942,
    333811,
    350343,
    366920,
    383665,
    450070,
    467111,
    483577,
    500376,
    516977,
    533665,
    550290,
    566877,
    583746,
    600166,
    616970,
    633624,
    650458,
    666921,
    683532,
    700296,
    717203,
    733659,
    750202,
    766985,
    783672,
    800288,
    816895,
    833600,
    850284,
    866932,
    900205,
    916943,
    933406,
    966644,
    983402,
    999954,
    1016606,
    1033613,
    1050142,
    1066781,
    1083462,
    1100314,
    1116914,
    1133606,
    1150328,
    1166939,
    1183643,
    1200164,
    1217072,
    1233522,
    1250234,
    1266951,
    1283427,
    1299979,
    1316861,
    1350105,
    1366938,
    1383643,
    1400256,
    1416953,
    1433696,
    1450293,
    1467013,
    1483695,
    1500218,
    1516900,
    1533853,
    1550234,
    1566931,
    1583561,
    1600365,
    1616820,
    1633588,
    1650226,
    1666939,
    1683566,
    1700201,
    1716886,
    1733576,
    1750208,
    1766859,
    1800063,
    1816746,
    1833458,
    1850251,
    1866724,
    1883413,
    1900054,
    1917103,
    1933468,
    1950200,
    1966801,
    1983563,
    2000110,
    2016861,
    2033538,
    2050343,
    2066942,
    2083526,
    2100418,
    2116929,
    2133611,
    2150126,
    2167232,
    2183517,
    2200128,
    2216815,
    2233709
  ],
  "frame_rasterizer_begin_times": [
    0,
    4737,
    21306,
    37836,
    54603,
    71531,
    88237,
    104853,
    121760,
    138715,
    154681,
    171851,
    188305,
    205192,
    222616,
    239163,
    255606,
    272258,
    289394,
    305752,
    322350,
    338781,
    410580,
    423251,
    439090,
    455960,
    472671,
    489314,
    505811,
    522289,
    539462,
    555369,
    572526,
    589202,
    606081,
    622471,
    638641,
    655408,
    672027,
    688770,
    705277,
    722061,
    738820,
    755349,
    771901,
    788682,
    805398,
    825082,
    860557,
    872774,
    917534,
    921281,
    937889,
    954485,
    971106,
    988668,
    1005108,
    1021790,
    1038689,
    1055985,
    1072601,
    1088753,
    1105452,
    1122092,
    1138763,
    1155223,
    1172212,
    1188667,
    1205353,
    1222077,
    1238329,
    1254664,
    1274692,
    1310275,
    1323113,
    1339164,
    1355831,
    1372593,
    1389261,
    1405814,
    1422594,
    1439276,
    1455769,
    1472479,
    1489409,
    1505814,
    1522498,
    1538639,
    1555401,
    1571961,
    1588669,
    1605282,
    1622121,
    1638634,
    1655289,
    1671972,
    1688714,
    1705324,
    1725390,
    1754823,
    1779479,
    1789705,
    1805740,
    1821763,
    1838651,
    1855281,
    1873039,
    1889166,
    1905844,
    1922406,
    1939269,
    1955756,
    1972511,
    1989077,
    2005595,
    2022175,
    2038741,
    2055606,
    2072353,
    2088826,
    2105415,
    2122638,
    2138792,
    2155380,
    2172064,
    2191958
  ],
  "average_vsync_transitions_missed": 1.1153846153846154,
  "90th_percentile_vsync_transitions_missed": 1.0,
  "99th_percentile_vsync_transitions_missed": 3.0
}