{
  "average_frame_build_time_millis": 1.354325396825396,
  "90th_percentile_frame_build_time_millis": 1.647,
  "99th_percentile_frame_build_time_millis": 6.859,
  "worst_frame_build_time_millis": 7.858,
  "missed_frame_build_budget_count": 0,
  "average_frame_rasterizer_time_millis": 4.799984126984127,
  "90th_percentile_frame_rasterizer_time_millis": 16.473,
  "99th_percentile_frame_rasterizer_time_millis": 17.246,
  "worst_frame_rasterizer_time_millis": 43.95,
  "missed_frame_rasterizer_budget_count": 21,
  "frame_count": 126,
  "frame_rasterizer_count": 126,
  "frame_build_times": [
    837,
    373,
    435,
    432,
    628,
    657,
    590,
    852,
    1139,
    298,
    309,
    345,
    441,
    432,
    467,
    432,
    434,
    451,
    453,
    462,
    444,
    465,
    6487,
    1530,
    1044,
    1418,
    1472,
    1382,
    1378,
    1796,
    1207,
    1029,
    1361,
    1409,
    1527,
    1501,
    942,
    1020,
    987,
    1077,
    977,
    1284,
    934,
    982,
    938,
    964,
    930,
    3944,
    5904,
    1647,
    800,
    509,
    302,
    514,
    414,
    1063,
    966,
    1195,
    1517,
    1654,
    1609,
    943,
    1013,
    959,
    976,
    1416,
    758,
    976,
    1048,
    1167,
    991,
    1277,
    4590,
    6859,
    2013,
    1483,
    1161,
    1414,
    1393,
    1383,
    1483,
    1529,
    1365,
    1418,
    1469,
    1384,
    1413,
    985,
    976,
    944,
    975,
    1512,
    950,
    961,
    979,
    818,
    992,
    1038,
    4666,
    741,
    7858,
    2269,
    1143,
    1129,
    1454,
    1534,
    1521,
    1459,
    1460,
    1345,
    1462,
    1504,
    1483,
    890,
    1123,
    867,
    1069,
    1114,
    1067,
    1085,
    1115,
    1118,
    1063,
    1093,
    1113,
    4899
  ],
  "frame_rasterizer_times": [
    554,
    281,
    261,
    295,
    398,
    390,
    351,
    528,
    558,
    1158,
    1283,
    1351,
    1675,
    1834,
    1927,
    1732,
    1879,
    1952,
    1947,
    1793,
    1827,
    2111,
    1738,
    2090,
    1809,
    2448,
    3057,
    2198,
    2267,
    3085,
    1674,
    1642,
    2272,
    2501,
    1861,
    2228,
    2182,
    2632,
    2187,
    2167,
    2222,
    2276,
    2269,
    1978,
    2199,
    2286,
    2219,
    1690,
    1716,
    43950,
    860,
    16495,
    17104,
    16365,
    17246,
    16341,
    16755,
    17060,
    16413,
    16413,
    16379,
    16794,
    16219,
    17216,
    16270,
    15983,
    16959,
    16534,
    16965,
    16383,
    16557,
    16473,
    14374,
    1497,
    2121,
    2515,
    2212,
    3438,
    2475,
    2382,
    2352,
    2283,
    2302,
    2750,
    2324,
    2229,
    2429,
    3357,
    2173,
    2299,
    2122,
    2329,
    2267,
    2189,
    2326,
    1797,
    2476,
    2080,
    1874,
    1265,
    1313,
    1930,
    1585,
    1562,
    2313,
    2201,
    2092,
    2007,
    1963,
    1911,
    2023,
    1971,
    1998,
    1541,
    1955,
    1466,
    2032,
    2025,
    1920,
    1929,
    2151,
    2042,
    1907,
    1977,
    2238,
    1797
  ],
  "frame_begin_times": [
    0,
    16708,
    33395,
    50016,
    66657,
    83372,
    100061,
    116691,
    133397,
    150329,
    167009,
    183661,
    200430,
    217052,
    233718,
    250459,
    267045,
    283869,
    300430,
    317059,
    333668,
    350523,
    416894,
    433643,
    450232,
    466984,
    483771,
    500423,
    517056,
    533810,
    550268,
    567004,
    583566,
    600498,
    617213,
    633694,
    650404,
    667288,
    683694,
    700422,
    717017,
    734028,
    750407,
    767038,
    783820,
    800387,
    817019,
    833723,
    866859,
    883678,
    900174,
    933351,
    950001,
    966685,
    983388,
    1000304,
    1016820,
    1033580,
    1050458,
    1066999,
    1083666,
    1100316,
    1117019,
    1133649,
    1150436,
    1167000,
    1183606,
    1200291,
    1217067,
    1233768,
    1250390,
    1267051,
    1283711,
    1316884,
    1333611,
    1350294,
    1367170,
    1383719,
    1400328,
    1416925,
    1433746,
    1450304,
    1466979,
    1483775,
    1500370,
    1516996,
    1533691,
    1550471,
    1567013,
    1583630,
    1600340,
    1617791,
    1633613,
    1650280,
    1666983,
    1683638,
    1700268,
    1716926,
    1733597,
    1766811,
    1783525,
    1800269,
    1816910,
    1833565,
    1850327,
    1867112,
    1883667,
    1900191,
    1916955,
    1933719,
    1950322,
    1966957,
    1983645,
    2000162,
    2016907,
    2033471,
    2050285,
    2066980,
    2083626,
    2100261,
    2117117,
    2133626,
    2150206,
    2166953,
    2183802,
    2200306
  ],
  "frame_rasterizer_begin_times": [
    0,
    16259,
    33066,
    49634,
    66455,
    83213,
    99789,
    116763,
    133705,
    149786,
    166485,
    183169,
    200073,
    216669,
    233338,
    250100,
    266686,
    283529,
    300077,
    316720,
    333318,
    350170,
    422321,
    434383,
    450439,
    467648,
    484473,
    501006,
    517615,
    535013,
    550656,
    567227,
    584095,
    601103,
    617839,
    634399,
    650625,
    667524,
    683884,
    700676,
    717211,
    734514,
    750519,
    767217,
    783951,
    800547,
    817173,
    836831,
    871704,
    884545,
    928611,
    933027,
    949587,
    966746,
    983171,
    1000576,
    1016975,
    1033931,
    1051215,
    1067775,
    1084487,
    1100941,
    1117812,
    1134132,
    1151430,
    1167768,
    1183827,
    1200857,
    1217456,
    1234492,
    1250945,
    1267642,
    1286920,
    1322719,
    1334883,
    1350892,
    1367509,
    1384289,
    1400924,
    1417529,
    1434387,
    1451040,
    1467552,
    1484421,
    1501042,
    1517585,
    1534315,
    1550665,
    1567224,
    1583785,
    1600440,
    1618485,
    1633786,
    1650432,
    1667081,
    1683622,
    1700462,
    1717059,
    1737446,
    1766658,
    1790314,
    1801691,
    1817238,
    1833841,
    1850987,
    1867771,
    1884410,
    1900838,
    1917607,
    1934182,
    1951014,
    1967738,
    1984342,
    2000218,
    2017248,
    2033515,
    2050590,
    2067262,
    2083851,
    2100546,
    2117363,
    2133909,
    2150474,
    2167173,
    2184127,
    2203986
  ],
  "average_vsync_transitions_missed": 1.04,
  "90th_percentile_vsync_transitions_missed": 1.0,
  "99th_percentile_vsync_transitions_missed": 2.0
}