{
  "average_frame_build_time_millis": 1.3485984251968506,
  "90th_percentile_frame_build_time_millis": 1.541,
  "99th_percentile_frame_build_time_millis": 7.7,
  "worst_frame_build_time_millis": 8.554,
  "missed_frame_build_budget_count": 0,
  "average_frame_rasterizer_time_millis": 2.3467109374999997,
  "90th_percentile_frame_rasterizer_time_millis": 2.421,
  "99th_percentile_frame_rasterizer_time_millis": 3.497,
  "worst_frame_rasterizer_time_millis": 36.873,
  "missed_frame_rasterizer_budget_count": 1,
  "frame_count": 127,
  "frame_rasterizer_count": 128,
  "frame_build_times": [
    368,
    432,
    486,
    479,
    452,
    437,
    371,
    478,
    460,
    7700,
    1715,
    1190,
    1450,
    1440,
    1563,
    1496,
    1444,
    1436,
    1543,
    1506,
    1481,
    1415,
    1274,
    1010,
    962,
    933,
    1002,
    1011,
    959,
    970,
    1032,
    987,
    990,
    1131,
    4198,
    2477,
    379,
    177,
    230,
    188,
    225,
    237,
    204,
    428,
    475,
    499,
    654,
    671,
    3974,
    1541,
    1325,
    1452,
    1341,
    1307,
    1312,
    1379,
    1382,
    1291,
    1287,
    1370,
    1329,
    1336,
    977,
    831,
    900,
    1110,
    917,
    971,
    915,
    919,
    966,
    987,
    917,
    4061,
    6743,
    1408,
    1355,
    1091,
    955,
    1307,
    1448,
    1395,
    1299,
    1301,
    1359,
    1527,
    1294,
    1336,
    963,
    997,
    685,
    1044,
    983,
    949,
    1007,
    1032,
    697,
    968,
    886,
    4191,
    687,
    8554,
    2133,
    1182,
    1356,
    1359,
    1443,
    1490,
    1471,
    1361,
    1469,
    1425,
    1373,
    1007,
    1200,
    1025,
    1063,
    1049,
    1141,
    985,
    1075,
    1332,
    1136,
    1154,
    1006,
    1116,
    4718
  ],
  "frame_rasterizer_times": [
    1889,
    1510,
    1783,
    2051,
    1785,
    1734,
    1764,
    1442,
    1713,
    1853,
    1983,
    2242,
    1931,
    2464,
    2954,
    2420,
    2371,
    1749,
    2206,
    2225,
    2202,
    2188,
    2220,
    1698,
    2240,
    2162,
    2152,
    2240,
    2143,
    2246,
    2345,
    2264,
    2145,
    2131,
    2543,
    1719,
    1354,
    36873,
    602,
    1714,
    1297,
    1862,
    1815,
    1856,
    1072,
    2084,
    1229,
    1663,
    1900,
    2202,
    3497,
    3198,
    2503,
    2273,
    1901,
    2460,
    2698,
    2368,
    2320,
    2274,
    2377,
    2381,
    2313,
    2222,
    2394,
    2232,
    2336,
    2421,
    2347,
    2282,
    2182,
    2435,
    2318,
    2224,
    2068,
    1582,
    1865,
    2352,
    1799,
    2101,
    2272,
    2261,
    2402,
    2257,
    2233,
    2392,
    2268,
    2187,
    2148,
    2337,
    2194,
    1643,
    2155,
    2724,
    2185,
    2145,
    2427,
    2108,
    2112,
    2106,
    1773,
    1295,
    1284,
    1907,
    1577,
    1985,
    2318,
    2234,
    2038,
    1981,
    1979,
    1817,
    1992,
    1935,
    1865,
    2071,
    1877,
    1895,
    1931,
    1996,
    1962,
    1888,
    2427,
    2117,
    1884,
    1920,
    2152,
    1770
  ],
  "frame_begin_times": [
    0,
    16798,
    33653,
    50093,
    66720,
    83471,
    100025,
    116764,
    133370,
    199844,
    216605,
    233363,
    250156,
    266750,
    283531,
    300047,
    316760,
    333398,
    350248,
    366729,
    383415,
    400050,
    416759,
    433446,
    450120,
    466819,
    483364,
    500099,
    516761,
    533377,
    550163,
    566786,
    583384,
    600187,
    616768,
    633108,
    649789,
    666386,
    699851,
    716387,
    733054,
    749722,
    766419,
    783318,
    799990,
    816614,
    833343,
    850012,
    866609,
    883358,
    900051,
    916814,
    933459,
    949948,
    966760,
    983481,
    1000002,
    1016728,
    1033440,
    1050276,
    1066794,
    1083313,
    1100030,
    1116594,
    1133385,
    1150131,
    1166720,
    1183393,
    1200077,
    1216699,
    1233446,
    1250033,
    1266658,
    1283322,
    1316459,
    1333183,
    1349990,
    1366550,
    1383278,
    1399796,
    1416595,
    1433393,
    1449974,
    1466669,
    1483465,
    1500053,
    1516654,
    1533340,
    1550105,
    1566724,
    1583215,
    1600006,
    1616900,
    1633235,
    1649998,
    1666763,
    1683246,
    1699991,
    1716698,
    1733300,
    1766516,
    1783240,
    1799907,
    1816558,
    1833311,
    1849953,
    1866773,
    1883317,
    1899916,
    1916564,
    1933460,
    1949934,
    1966691,
    1983333,
    2000047,
    2016655,
    2033320,
    2049932,
    2066614,
    2083259,
    2099958,
    2116927,
    2133282,
    2149938,
    2166702,
    2183589,
    2199915
  ],
  "frame_rasterizer_begin_times": [
    0,
    16389,
    33298,
    50182,
    66618,
    83178,
    99952,
    116456,
    133200,
    149830,
    223256,
    234349,
    250513,
    267670,
    284257,
    301155,
    317590,
    334254,
    350846,
    367853,
    384259,
    400965,
    417547,
    434024,
    450498,
    467120,
    483810,
    500414,
    517186,
    533718,
    550393,
    567239,
    583821,
    600421,
    617326,
    637079,
    651610,
    666166,
    703125,
    716096,
    732639,
    749254,
    765938,
    782604,
    799812,
    816456,
    833140,
    850039,
    866708,
    886242,
    900951,
    917418,
    934323,
    950833,
    967189,
    984103,
    1000915,
    1017447,
    1034066,
    1050796,
    1067581,
    1084064,
    1100680,
    1117041,
    1133467,
    1150352,
    1167287,
    1183703,
    1200408,
    1217044,
    1233667,
    1250479,
    1267054,
    1283623,
    1302978,
    1339043,
    1350599,
    1367346,
    1383645,
    1400237,
    1417070,
    1434088,
    1450844,
    1467288,
    1484016,
    1500814,
    1517624,
    1533917,
    1550727,
    1567088,
    1583781,
    1599936,
    1617047,
    1633935,
    1650207,
    1666966,
    1683795,
    1699963,
    1716984,
    1733660,
    1753492,
    1783207,
    1807565,
    1818006,
    1833746,
    1850736,
    1867343,
    1884271,
    1900853,
    1917436,
    1933994,
    1950844,
    1967404,
    1984131,
    2000390,
    2017179,
    2033740,
    2050441,
    2067041,
    2083744,
    2100289,
    2117037,
    2134372,
    2150364,
    2167058,
    2183746,
    2200670,
    2220259
  ],
  "average_vsync_transitions_missed": 1.5,
  "90th_percentile_vsync_transitions_missed": 2.0,
  "99th_percentile_vsync_transitions_missed": 2.0
}