{
  "average_frame_build_time_millis": 0.9375726495726494,
  "90th_percentile_frame_build_time_millis": 1.53,
  "99th_percentile_frame_build_time_millis": 4.565,
  "worst_frame_build_time_millis": 5.887,
  "missed_frame_build_budget_count": 0,
  "average_frame_rasterizer_time_millis": 4.76365811965812,
  "90th_percentile_frame_rasterizer_time_millis": 16.575,
  "99th_percentile_frame_rasterizer_time_millis": 17.049,
  "worst_frame_rasterizer_time_millis": 28.263,
  "missed_frame_rasterizer_budget_count": 23,
  "frame_count": 117,
  "frame_rasterizer_count": 117,
  "frame_build_times": [
    281,
    290,
    444,
    500,
    281,
    291,
    303,
    277,
    262,
    319,
    205,
    295,
    2549,
    577,
    471,
    577,
    611,
    507,
    550,
    591,
    550,
    506,
    562,
    557,
    561,
    511,
    431,
    358,
    444,
    553,
    441,
    400,
    413,
    407,
    486,
    544,
    435,
    2108,
    2202,
    642,
    540,
    460,
    488,
    532,
    486,
    611,
    487,
    553,
    464,
    572,
    485,
    577,
    381,
    446,
    323,
    496,
    459,
    406,
    347,
    411,
    445,
    449,
    386,
    1387,
    2376,
    576,
    415,
    412,
    931,
    924,
    1193,
    1448,
    1480,
    1405,
    1581,
    1595,
    1420,
    1460,
    767,
    1064,
    1000,
    1002,
    1037,
    1008,
    1011,
    1114,
    1041,
    983,
    961,
    4536,
    845,
    5887,
    1979,
    1100,
    1077,
    1459,
    1148,
    1471,
    1488,
    1530,
    1498,
    1535,
    1490,
    1588,
    917,
    1037,
    1104,
    1295,
    1129,
    1062,
    1091,
    1120,
    1073,
    1099,
    1041,
    845,
    4565
  ],
  "frame_rasterizer_times": [
    1156,
    1175,
    1729,
    2051,
    2114,
    1379,
    1568,
    1400,
    1396,
    1431,
    803,
    1164,
    975,
    814,
    901,
    1112,
    1193,
    844,
    952,
    1023,
    975,
    856,
    940,
    925,
    929,
    1013,
    947,
    1436,
    999,
    1336,
    983,
    1021,
    954,
    867,
    1664,
    1306,
    980,
    741,
    823,
    28263,
    722,
    16780,
    16478,
    16787,
    16718,
    16538,
    16424,
    16814,
    16539,
    16573,
    16451,
    16728,
    16468,
    16326,
    17049,
    16575,
    16339,
    16650,
    16604,
    16793,
    16327,
    16615,
    16590,
    15902,
    777,
    905,
    661,
    662,
    1829,
    1487,
    2189,
    2057,
    2376,
    2244,
    2401,
    2284,
    2323,
    2282,
    1822,
    2512,
    2292,
    2207,
    2196,
    2294,
    2350,
    3047,
    2361,
    2399,
    2268,
    1950,
    1229,
    1157,
    1534,
    1527,
    1581,
    2362,
    1620,
    2029,
    2065,
    2041,
    2095,
    2105,
    1962,
    2109,
    1546,
    1959,
    1931,
    2123,
    1970,
    1909,
    1932,
    2157,
    1964,
    1944,
    1935,
    1549,
    1910
  ],
  "frame_begin_times": [
    0,
    16670,
    33433,
    50319,
    66776,
    83342,
    99971,
    116713,
    133277,
    150054,
    166518,
    183373,
    249847,
    266501,
    283255,
    299786,
    316511,
    333178,
    349932,
    366500,
    383228,
    399845,
    416589,
    433242,
    449892,
    466581,
    483256,
    499821,
    516586,
    533314,
    549928,
    566614,
    583233,
    599817,
    616529,
    633255,
    649948,
    666631,
    699898,
    716537,
    733084,
    749791,
    766430,
    783174,
    799863,
    816536,
    833164,
    849884,
    866463,
    883195,
    899837,
    916578,
    933159,
    949819,
    966469,
    983180,
    999889,
    1016557,
    1033225,
    1049912,
    1066529,
    1083310,
    1099860,
    1116579,
    1149809,
    1166433,
    1183124,
    1199699,
    1216626,
    1233220,
    1250124,
    1266678,
    1283449,
    1300020,
    1316912,
    1333450,
    1350029,
    1366686,
    1383636,
    1400225,
    1416649,
    1433324,
    1450031,
    1466662,
    1483476,
    1500052,
    1516748,
    1533318,
    1550098,
    1566930,
    1600108,
    1616560,
    1633264,
    1649913,
    1666557,
    1683375,
    1700175,
    1716766,
    1733280,
    1750051,
    1766731,
    1783347,
    1800045,
    1816724,
    1833300,
    1849878,
    1866689,
    1883530,
    1900058,
    1916613,
    1933360,
    1950121,
    1966698,
    1983240,
    1999933,
    2016551,
    2033332
  ],
  "frame_rasterizer_begin_times": [
    0,
    16688,
    33660,
    50459,
    66782,
    83357,
    100003,
    116707,
    133254,
    150091,
    166414,
    183396,
    251987,
    266768,
    283426,
    300058,
    316816,
    333380,
    350177,
    366801,
    383474,
    400047,
    416847,
    433499,
    450147,
    466790,
    483381,
    499917,
    516725,
    533578,
    550061,
    566734,
    583339,
    599928,
    616839,
    633508,
    650076,
    668411,
    701624,
    716951,
    745287,
    749973,
    766863,
    783373,
    800266,
    817075,
    833683,
    850150,
    867069,
    883712,
    900370,
    916983,
    933800,
    950353,
    966757,
    983890,
    1000510,
    1016904,
    1033604,
    1050279,
    1067163,
    1083589,
    1100253,
    1117483,
    1151772,
    1166795,
    1183340,
    1199893,
    1217232,
    1233876,
    1251098,
    1267863,
    1284645,
    1301191,
    1318222,
    1334726,
    1351216,
    1367913,
    1384137,
    1401063,
    1417413,
    1434087,
    1450831,
    1467433,
    1484197,
    1500942,
    1517511,
    1534076,
    1550813,
    1571206,
    1600743,
    1621998,
    1634941,
    1650733,
    1667470,
    1684607,
    1701021,
    1717992,
    1734494,
    1751337,
    1768004,
    1784643,
    1801271,
    1818083,
    1833892,
    1850660,
    1867520,
    1884603,
    1900917,
    1917442,
    1934192,
    1951019,
    1967518,
    1984101,
    2000736,
    2017130,
    2037227
  ],
  "average_vsync_transitions_missed": 1.0,
  "90th_percentile_vsync_transitions_missed": 1.0,
  "99th_percentile_vsync_transitions_missed": 1.0
}