{
  "average_frame_build_time_millis": 1.3412400000000002,
  "90th_percentile_frame_build_time_millis": 1.684,
  "99th_percentile_frame_build_time_millis": 6.23,
  "worst_frame_build_time_millis": 6.903,
  "missed_frame_build_budget_count": 0,
  "average_frame_rasterizer_time_millis": 4.939911999999999,
  "90th_percentile_frame_rasterizer_time_millis": 16.555,
  "99th_percentile_frame_rasterizer_time_millis": 17.107,
  "worst_frame_rasterizer_time_millis": 42.282,
  "missed_frame_rasterizer_budget_count": 22,
  "frame_count": 125,
  "frame_rasterizer_count": 125,
  "frame_build_times": [
    826,
    471,
    483,
    470,
    719,
    783,
    662,
    943,
    2842,
    186,
    278,
    339,
    454,
    467,
    433,
    414,
    431,
    432,
    430,
    439,
    417,
    440,
    6230,
    1617,
    1556,
    1461,
    1490,
    1070,
    1473,
    1529,
    1056,
    1375,
    1523,
    1431,
    1456,
    1540,
    1019,
    954,
    999,
    1001,
    1044,
    1058,
    984,
    1365,
    976,
    964,
    956,
    4178,
    5199,
    1378,
    773,
    510,
    312,
    440,
    415,
    930,
    1037,
    1160,
    1388,
    1491,
    1234,
    1012,
    989,
    995,
    1023,
    988,
    1036,
    1022,
    1055,
    997,
    991,
    1026,
    4178,
    6903,
    2040,
    1057,
    1454,
    1418,
    1120,
    1373,
    1452,
    1380,
    1426,
    1372,
    1396,
    1434,
    1654,
    746,
    959,
    1015,
    1013,
    940,
    956,
    980,
    937,
    961,
    948,
    1005,
    4338,
    6101,
    1866,
    1057,
    1459,
    1494,
    1674,
    1458,
    1467,
    1584,
    1546,
    1545,
    1684,
    1873,
    1462,
    1038,
    1074,
    846,
    1072,
    1057,
    1074,
    1107,
    1071,
    1107,
    1119,
    1101,
    4199
  ],
  "frame_rasterizer_times": [
    16224,
    16555,
    16567,
    16621,
    16433,
    16301,
    16683,
    17021,
    14384,
    16517,
    16882,
    17107,
    16516,
    16505,
    16664,
    16565,
    16589,
    16429,
    16753,
    16494,
    16413,
    16796,
    1573,
    1971,
    2412,
    2341,
    2975,
    1744,
    2096,
    2469,
    2098,
    2396,
    2340,
    2244,
    2137,
    2361,
    2190,
    2190,
    2134,
    2420,
    2188,
    2141,
    2089,
    2268,
    2134,
    2191,
    2142,
    1619,
    1727,
    42282,
    729,
    758,
    454,
    699,
    697,
    1525,
    1632,
    1831,
    2091,
    2353,
    2092,
    2410,
    2416,
    2822,
    2445,
    2238,
    2323,
    2481,
    1855,
    2287,
    2263,
    2619,
    2132,
    1581,
    2008,
    1852,
    1961,
    2894,
    1891,
    2211,
    2218,
    2400,
    2375,
    2267,
    2274,
    2490,
    2246,
    1706,
    1806,
    2422,
    2276,
    2158,
    2195,
    2245,
    2208,
    2187,
    2220,
    2308,
    1547,
    1391,
    1575,
    1672,
    3720,
    2674,
    2054,
    1935,
    2059,
    2472,
    2309,
    2081,
    2252,
    1646,
    1984,
    2338,
    2000,
    2394,
    1925,
    1890,
    1852,
    2421,
    1936,
    2039,
    2397,
    2189,
    1295
  ],
  "frame_begin_times": [
    0,
    16664,
    33341,
    50048,
    66704,
    83385,
    100020,
    116785,
    133754,
    150181,
    166877,
    183648,
    200374,
    217092,
    233739,
    250387,
    267056,
    283776,
    300394,
    317307,
    333778,
    350389,
    416861,
    433620,
    450926,
    466969,
    483685,
    500232,
    517099,
    533566,
    550259,
    567130,
    583642,
    600362,
    616970,
    633899,
    650389,
    666992,
    683741,
    700612,
    717029,
    733734,
    750316,
    767218,
    783684,
    800370,
    817040,
    833727,
    866899,
    883576,
    900152,
    933387,
    950009,
    966712,
    983380,
    1000237,
    1016918,
    1033563,
    1050282,
    1067042,
    1083924,
    1100284,
    1117053,
    1133670,
    1150405,
    1167017,
    1183714,
    1200245,
    1216947,
    1233624,
    1250313,
    1267111,
    1283696,
    1316966,
    1333882,
    1350178,
    1367017,
    1383630,
    1400391,
    1416889,
    1433511,
    1450323,
    1467040,
    1483699,
    1500295,
    1517041,
    1533750,
    1550190,
    1566948,
    1583801,
    1600316,
    1616977,
    1633681,
    1650489,
    1666994,
    1683711,
    1700296,
    1717192,
    1733568,
    1766742,
    1783511,
    1800138,
    1817047,
    1833831,
    1850388,
    1866950,
    1883635,
    1900481,
    1917046,
    1933714,
    1950420,
    1967470,
    1983655,
    2000135,
    2016879,
    2033709,
    2050279,
    2066938,
    2083664,
    2100275,
    2116857,
    2133667,
    2150388,
    2166970,
    2183732
  ],
  "frame_rasterizer_begin_times": [
    0,
    16292,
    32976,
    49645,
    66595,
    83344,
    99773,
    116902,
    135737,
    150168,
    166726,
    183673,
    200883,
    217476,
    234071,
    250857,
    267504,
    284176,
    300703,
    317547,
    334142,
    350661,
    422008,
    434341,
    451648,
    467565,
    484295,
    500426,
    517700,
    534178,
    550455,
    567649,
    584326,
    600936,
    617588,
    634608,
    650555,
    667108,
    683905,
    700690,
    717201,
    733877,
    750462,
    767698,
    783791,
    800493,
    817170,
    837030,
    870998,
    884081,
    926457,
    933019,
    949502,
    966305,
    982932,
    1000236,
    1017086,
    1033796,
    1050825,
    1067660,
    1084249,
    1100455,
    1117202,
    1133848,
    1150600,
    1167164,
    1183906,
    1200376,
    1217063,
    1233776,
    1250495,
    1267310,
    1286489,
    1322807,
    1335063,
    1350368,
    1367660,
    1384134,
    1400642,
    1417416,
    1434148,
    1450863,
    1467641,
    1484251,
    1500864,
    1517623,
    1534562,
    1550072,
    1567070,
    1583983,
    1600507,
    1617074,
    1633784,
    1650636,
    1667064,
    1683821,
    1700405,
    1717305,
    1737029,
    1771700,
    1784478,
    1800317,
    1817669,
    1834412,
    1851224,
    1867563,
    1884276,
    1901249,
    1917753,
    1934353,
    1951159,
    1968481,
    1984280,
    2000345,
    2017113,
    2033675,
    2050509,
    2067160,
    2083911,
    2100544,
    2117035,
    2133898,
    2150590,
    2167229,
    2186748
  ],
  "average_vsync_transitions_missed": 1.04,
  "90th_percentile_vsync_transitions_missed": 1.0,
  "99th_percentile_vsync_transitions_missed": 2.0
}