{
  "average_frame_build_time_millis": 1.3463840000000002,
  "90th_percentile_frame_build_time_millis": 1.596,
  "99th_percentile_frame_build_time_millis": 7.618,
  "worst_frame_build_time_millis": 8.786,
  "missed_frame_build_budget_count": 0,
  "average_frame_rasterizer_time_millis": 2.285753968253968,
  "90th_percentile_frame_rasterizer_time_millis": 2.53,
  "99th_percentile_frame_rasterizer_time_millis": 3.718,
  "worst_frame_rasterizer_time_millis": 42.804,
  "missed_frame_rasterizer_budget_count": 1,
  "frame_count": 125,
  "frame_rasterizer_count": 126,
  "frame_build_times": [
    443,
    642,
    530,
    780,
    671,
    705,
    978,
    994,
    142,
    285,
    315,
    451,
    465,
    461,
    425,
    439,
    445,
    431,
    353,
    432,
    427,
    6603,
    1658,
    1517,
    1431,
    1379,
    1557,
    1484,
    1364,
    1415,
    1701,
    1372,
    1411,
    1432,
    1494,
    957,
    956,
    945,
    1011,
    937,
    928,
    966,
    1002,
    950,
    996,
    966,
    4015,
    5163,
    1296,
    840,
    530,
    309,
    426,
    452,
    932,
    989,
    1103,
    1121,
    1541,
    1549,
    977,
    959,
    1255,
    970,
    982,
    999,
    1006,
    965,
    978,
    989,
    1031,
    4163,
    7618,
    1289,
    1083,
    1495,
    1542,
    1137,
    1445,
    1458,
    1664,
    1596,
    1471,
    1405,
    1134,
    1002,
    996,
    995,
    1077,
    1015,
    979,
    957,
    984,
    974,
    949,
    1000,
    997,
    4491,
    947,
    8786,
    2186,
    1093,
    1134,
    1452,
    1491,
    1478,
    1130,
    1505,
    1450,
    1455,
    1500,
    1455,
    1105,
    1086,
    865,
    1070,
    1049,
    1080,
    1066,
    1045,
    1065,
    1286,
    1065,
    1066,
    4849
  ],
  "frame_rasterizer_times": [
    627,
    522,
    528,
    598,
    708,
    401,
    700,
    516,
    597,
    499,
    1104,
    1144,
    2280,
    1874,
    2340,
    2392,
    1958,
    2660,
    1868,
    1862,
    2376,
    2687,
    1690,
    2530,
    2129,
    2416,
    3718,
    2480,
    2240,
    2208,
    2256,
    2386,
    2214,
    2247,
    2294,
    2269,
    2181,
    2116,
    2273,
    2333,
    2236,
    2173,
    2425,
    1934,
    2169,
    2168,
    2600,
    1598,
    1614,
    42804,
    694,
    517,
    470,
    721,
    810,
    1695,
    1680,
    1680,
    1826,
    2566,
    2385,
    2360,
    2436,
    2944,
    2384,
    2304,
    2339,
    2385,
    2323,
    2347,
    2286,
    2419,
    2081,
    1867,
    1778,
    1865,
    2016,
    3418,
    1699,
    1769,
    2420,
    2669,
    2423,
    2332,
    2309,
    1756,
    2207,
    2204,
    2284,
    2902,
    2347,
    2214,
    2586,
    2286,
    2202,
    2197,
    2555,
    2254,
    1696,
    1811,
    1320,
    1802,
    1393,
    1635,
    2349,
    2029,
    1993,
    2087,
    2026,
    1979,
    2199,
    2084,
    2071,
    1962,
    2149,
    1518,
    1891,
    1985,
    2390,
    1909,
    1985,
    1921,
    2021,
    1894,
    1888,
    1865
  ],
  "frame_begin_times": [
    0,
    16689,
    33404,
    50097,
    66714,
    83377,
    100061,
    116781,
    133443,
    150403,
    167552,
    183747,
    200446,
    217034,
    234135,
    250441,
    267101,
    283759,
    300403,
    317209,
    333759,
    400144,
    417019,
    433748,
    450391,
    467060,
    483932,
    500461,
    517100,
    533681,
    550677,
    567047,
    583737,
    600454,
    617223,
    633777,
    650372,
    667096,
    683922,
    700382,
    717104,
    733803,
    750447,
    767059,
    783739,
    800603,
    817106,
    850220,
    867027,
    883469,
    916640,
    933358,
    950030,
    966758,
    983651,
    1000252,
    1016984,
    1033659,
    1050530,
    1067083,
    1083829,
    1100379,
    1117474,
    1133740,
    1150363,
    1167076,
    1184239,
    1200386,
    1217053,
    1233781,
    1250383,
    1267047,
    1300314,
    1316822,
    1333620,
    1350363,
    1367387,
    1383666,
    1400284,
    1417064,
    1434315,
    1450490,
    1467071,
    1483731,
    1500915,
    1517081,
    1533811,
    1550360,
    1567008,
    1583680,
    1600273,
    1617074,
    1633856,
    1650542,
    1667035,
    1684050,
    1700617,
    1716962,
    1750516,
    1767031,
    1783592,
    1800174,
    1816872,
    1833573,
    1850389,
    1867053,
    1883591,
    1900331,
    1917073,
    1933650,
    1950294,
    1966990,
    1983638,
    2000434,
    2016900,
    2033676,
    2050309,
    2067178,
    2083722,
    2100327,
    2116983,
    2133957,
    2150320,
    2167009,
    2183615
  ],
  "frame_rasterizer_begin_times": [
    0,
    16062,
    32997,
    49516,
    66466,
    83059,
    99774,
    116745,
    133470,
    149233,
    166303,
    183493,
    199794,
    216540,
    233119,
    250104,
    266559,
    283204,
    299837,
    316375,
    333302,
    349825,
    422105,
    434416,
    450894,
    467482,
    484127,
    501160,
    517549,
    534122,
    550780,
    568013,
    584098,
    600806,
    617526,
    634349,
    650384,
    666988,
    683699,
    700608,
    716983,
    733690,
    750432,
    767117,
    783665,
    800383,
    817233,
    836739,
    870739,
    883944,
    926879,
    932759,
    949252,
    966092,
    982859,
    1000208,
    1016867,
    1033793,
    1050397,
    1067743,
    1084288,
    1100466,
    1117014,
    1134341,
    1150368,
    1167003,
    1183687,
    1200911,
    1217008,
    1233696,
    1250452,
    1267117,
    1286350,
    1323306,
    1333698,
    1350355,
    1367523,
    1384604,
    1400426,
    1417345,
    1434184,
    1451597,
    1467650,
    1484194,
    1500800,
    1517686,
    1533729,
    1550454,
    1567001,
    1583740,
    1600425,
    1616896,
    1633696,
    1650503,
    1667169,
    1683651,
    1700745,
    1717310,
    1737076,
    1767063,
    1791243,
    1801377,
    1816886,
    1833606,
    1850659,
    1867541,
    1884159,
    1900345,
    1917458,
    1934195,
    1950785,
    1967439,
    1984107,
    2000269,
    2017197,
    2033383,
    2050425,
    2067035,
    2083913,
    2100473,
    2117016,
    2133730,
    2150931,
    2167034,
    2183732,
    2203631
  ],
  "average_vsync_transitions_missed": 1.3333333333333333,
  "90th_percentile_vsync_transitions_missed": 2.0,
  "99th_percentile_vsync_transitions_missed": 2.0
}