{
  "average_frame_build_time_millis": 1.3161984126984128,
  "90th_percentile_frame_build_time_millis": 1.649,
  "99th_percentile_frame_build_time_millis": 6.386,
  "worst_frame_build_time_millis": 7.381,
  "missed_frame_build_budget_count": 0,
  "average_frame_rasterizer_time_millis": 2.374587301587302,
  "90th_percentile_frame_rasterizer_time_millis": 2.487,
  "99th_percentile_frame_rasterizer_time_millis": 16.511,
  "worst_frame_rasterizer_time_millis": 39.535,
  "missed_frame_rasterizer_budget_count": 2,
  "frame_count": 126,
  "frame_rasterizer_count": 126,
  "frame_build_times": [
    926,
    424,
    551,
    589,
    722,
    849,
    694,
    695,
    900,
    120,
    280,
    293,
    450,
    426,
    432,
    461,
    490,
    438,
    337,
    495,
    443,
    447,
    7381,
    1545,
    1439,
    1458,
    1412,
    1417,
    1649,
    1404,
    1382,
    1559,
    1448,
    1406,
    1571,
    1496,
    940,
    1065,
    946,
    859,
    954,
    936,
    938,
    1008,
    953,
    930,
    983,
    4017,
    5102,
    1223,
    407,
    547,
    350,
    451,
    375,
    938,
    1077,
    1162,
    1244,
    1564,
    1654,
    1063,
    1098,
    1032,
    1045,
    1077,
    1023,
    1060,
    1120,
    1020,
    1044,
    986,
    4067,
    6386,
    2126,
    1276,
    1470,
    1411,
    1410,
    1450,
    1390,
    1417,
    1436,
    1376,
    1397,
    1454,
    1651,
    750,
    736,
    994,
    1003,
    1000,
    956,
    810,
    962,
    978,
    959,
    1027,
    4339,
    735,
    5638,
    1834,
    1152,
    1525,
    1561,
    1467,
    1457,
    1306,
    1493,
    1452,
    1463,
    1117,
    1438,
    1072,
    1079,
    1114,
    1110,
    1060,
    1096,
    1112,
    1139,
    1095,
    1116,
    1119,
    1064,
    4576
  ],
  "frame_rasterizer_times": [
    16511,
    1287,
    377,
    649,
    735,
    532,
    832,
    436,
    565,
    536,
    1290,
    1321,
    1946,
    1792,
    1762,
    2077,
    1953,
    1786,
    1464,
    2047,
    1868,
    1858,
    1690,
    2458,
    2491,
    2425,
    3761,
    2899,
    2117,
    2208,
    2296,
    2422,
    2233,
    2239,
    2271,
    2278,
    2238,
    2158,
    2213,
    1741,
    2281,
    2196,
    2182,
    2372,
    2279,
    2189,
    2378,
    1636,
    1826,
    39535,
    717,
    592,
    495,
    740,
    750,
    1529,
    1656,
    1631,
    1840,
    2530,
    2531,
    2311,
    2305,
    3456,
    2185,
    2316,
    2276,
    2526,
    2305,
    2282,
    2304,
    2018,
    2106,
    1704,
    2344,
    1969,
    2408,
    2945,
    2356,
    2288,
    2317,
    2487,
    2322,
    2305,
    2235,
    2472,
    2620,
    1723,
    1759,
    2921,
    2256,
    2242,
    2286,
    1990,
    2261,
    2335,
    2307,
    2352,
    1666,
    1432,
    1208,
    1559,
    1527,
    2078,
    2379,
    2021,
    2115,
    1872,
    2069,
    2041,
    2042,
    2006,
    2070,
    1737,
    2040,
    2112,
    1943,
    1931,
    2189,
    2010,
    1928,
    2025,
    2180,
    1977,
    1968,
    1832
  ],
  "frame_begin_times": [
    0,
    16652,
    33404,
    50088,
    66701,
    83382,
    100007,
    116742,
    133425,
    150065,
    167000,
    183548,
    200440,
    217084,
    233708,
    250601,
    267138,
    283742,
    300312,
    317294,
    333737,
    350338,
    416986,
    433596,
    450605,
    467000,
    483729,
    500372,
    517013,
    533603,
    550375,
    567211,
    583712,
    600403,
    617028,
    633881,
    650445,
    667044,
    683720,
    700520,
    717051,
    733725,
    750395,
    767070,
    783693,
    800283,
    817119,
    833773,
    866890,
    883700,
    899994,
    933376,
    950065,
    966748,
    983368,
    1000330,
    1016974,
    1033621,
    1050281,
    1067011,
    1083747,
    1100362,
    1117057,
    1133836,
    1150273,
    1166962,
    1183715,
    1200525,
    1217058,
    1233733,
    1250348,
    1267070,
    1283714,
    1316831,
    1333702,
    1350339,
    1367010,
    1383601,
    1400308,
    1417094,
    1433557,
    1450360,
    1467044,
    1483672,
    1500373,
    1517311,
    1533765,
    1550297,
    1566969,
    1583824,
    1600392,
    1617031,
    1633669,
    1650279,
    1667018,
    1683684,
    1700505,
    1717149,
    1733717,
    1766814,
    1783502,
    1800190,
    1816887,
    1833766,
    1850334,
    1867016,
    1883643,
    1900439,
    1917082,
    1933603,
    1950329,
    1966935,
    1983599,
    2000291,
    2016999,
    2033710,
    2050340,
    2067123,
    2083711,
    2100334,
    2116956,
    2133622,
    2150594,
    2166968,
    2183654,
    2200216
  ],
  "frame_rasterizer_begin_times": [
    0,
    16609,
    33084,
    49792,
    66501,
    83333,
    99830,
    116545,
    133408,
    149305,
    166394,
    182970,
    200039,
    216617,
    233301,
    250165,
    266660,
    283433,
    299767,
    316812,
    333352,
    349917,
    423186,
    434301,
    451197,
    467624,
    484296,
    500893,
    517806,
    534165,
    550904,
    567911,
    584291,
    600972,
    617750,
    634536,
    650550,
    667222,
    683809,
    700496,
    717155,
    733806,
    750479,
    767226,
    783793,
    800366,
    817148,
    836857,
    870862,
    884022,
    923699,
    933033,
    949523,
    966330,
    982827,
    1000371,
    1017178,
    1033849,
    1050634,
    1067724,
    1084512,
    1100527,
    1117268,
    1134022,
    1150454,
    1167093,
    1183887,
    1200732,
    1217293,
    1233870,
    1250556,
    1267167,
    1286403,
    1322142,
    1335007,
    1350703,
    1367625,
    1384164,
    1400827,
    1417585,
    1434088,
    1450928,
    1467604,
    1484184,
    1500906,
    1517920,
    1534538,
    1550186,
    1566832,
    1583936,
    1600545,
    1617179,
    1633774,
    1650178,
    1667152,
    1683779,
    1700598,
    1717341,
    1737163,
    1766665,
    1788058,
    1801108,
    1817095,
    1834447,
    1851013,
    1867617,
    1884237,
    1900887,
    1917715,
    1934203,
    1950938,
    1967159,
    1984189,
    2000511,
    2017218,
    2033937,
    2050525,
    2067334,
    2083942,
    2100597,
    2117243,
    2133838,
    2150871,
    2167192,
    2183869,
    2203531
  ],
  "average_vsync_transitions_missed": 1.25,
  "90th_percentile_vsync_transitions_missed": 2.0,
  "99th_percentile_vsync_transitions_missed": 2.0
}