{
  "average_frame_build_time_millis": 1.111756097560976,
  "90th_percentile_frame_build_time_millis": 1.45,
  "99th_percentile_frame_build_time_millis": 5.854,
  "worst_frame_build_time_millis": 8.086,
  "missed_frame_build_budget_count": 0,
  "average_frame_rasterizer_time_millis": 1.9805483870967748,
  "90th_percentile_frame_rasterizer_time_millis": 2.436,
  "99th_percentile_frame_rasterizer_time_millis": 3.105,
  "worst_frame_rasterizer_time_millis": 28.97,
  "missed_frame_rasterizer_budget_count": 1,
  "frame_count": 123,
  "frame_rasterizer_count": 124,
  "frame_build_times": [
    211,
    271,
    204,
    237,
    200,
    253,
    2334,
    643,
    496,
    568,
    651,
    582,
    577,
    509,
    609,
    802,
    603,
    712,
    623,
    813,
    439,
    586,
    418,
    535,
    433,
    541,
    450,
    541,
    423,
    628,
    476,
    2045,
    1229,
    233,
    159,
    182,
    115,
    140,
    188,
    192,
    201,
    361,
    367,
    435,
    518,
    2824,
    1478,
    1362,
    1432,
    1277,
    1270,
    1665,
    1297,
    1223,
    1225,
    1450,
    1271,
    1310,
    1324,
    1009,
    879,
    907,
    916,
    982,
    941,
    910,
    940,
    971,
    915,
    905,
    3122,
    5854,
    1446,
    1444,
    1368,
    1293,
    1310,
    1425,
    1282,
    1000,
    1415,
    1428,
    1308,
    1269,
    1446,
    929,
    892,
    875,
    836,
    885,
    930,
    880,
    994,
    877,
    879,
    4110,
    670,
    8086,
    2245,
    1132,
    1351,
    1410,
    1511,
    1445,
    1443,
    1379,
    1290,
    1404,
    1403,
    999,
    926,
    984,
    999,
    1177,
    1096,
    1005,
    1007,
    1023,
    1080,
    989,
    1013,
    1073,
    4693
  ],
  "frame_rasterizer_times": [
    971,
    872,
    1129,
    889,
    1070,
    937,
    1035,
    959,
    914,
    847,
    896,
    1331,
    948,
    1006,
    860,
    1012,
    1180,
    935,
    1309,
    1007,
    1276,
    942,
    1314,
    1038,
    1161,
    961,
    1423,
    1031,
    1266,
    966,
    1379,
    1002,
    965,
    846,
    28970,
    424,
    1222,
    371,
    1306,
    1325,
    1835,
    2179,
    1043,
    1744,
    1322,
    1428,
    2126,
    3105,
    2758,
    2292,
    2223,
    2187,
    2462,
    2398,
    2452,
    2436,
    2052,
    2465,
    2343,
    2372,
    2458,
    2230,
    2301,
    2549,
    2325,
    2306,
    2225,
    2467,
    1813,
    2274,
    2224,
    1715,
    1560,
    1886,
    2473,
    2429,
    2856,
    2472,
    2289,
    2210,
    1712,
    2417,
    2286,
    2250,
    2138,
    2120,
    2217,
    2164,
    2142,
    1717,
    2163,
    2113,
    2303,
    2190,
    2140,
    2216,
    1732,
    1308,
    1858,
    1828,
    1533,
    2029,
    2353,
    2039,
    2227,
    1967,
    2006,
    1604,
    2001,
    1948,
    1861,
    2003,
    1921,
    1996,
    2048,
    2044,
    1881,
    1935,
    2138,
    1956,
    1893,
    1979,
    1811,
    1822
  ],
  "frame_begin_times": [
    0,
    16658,
    33369,
    50111,
    66693,
    83411,
    183243,
    199858,
    216685,
    233249,
    249966,
    266622,
    283374,
    299876,
    316617,
    333389,
    349991,
    366749,
    383258,
    400008,
    416621,
    433390,
    450028,
    466744,
    483340,
    500098,
    516691,
    533419,
    550030,
    566929,
    583414,
    600153,
    633289,
    649829,
    666522,
    683210,
    699895,
    716474,
    733202,
    749919,
    766482,
    783226,
    800013,
    816758,
    833496,
    849941,
    866883,
    883638,
    900212,
    916860,
    933544,
    950324,
    966848,
    983525,
    1000060,
    1016829,
    1033508,
    1050144,
    1066775,
    1083529,
    1100141,
    1116830,
    1133586,
    1150201,
    1166849,
    1183499,
    1200302,
    1216807,
    1233454,
    1250186,
    1267069,
    1300115,
    1316701,
    1333617,
    1350059,
    1366858,
    1383508,
    1400195,
    1416848,
    1433398,
    1450251,
    1466834,
    1483468,
    1500058,
    1517085,
    1533408,
    1550141,
    1566855,
    1583607,
    1600043,
    1616834,
    1633531,
    1650168,
    1666901,
    1683472,
    1700097,
    1733205,
    1750042,
    1766930,
    1783280,
    1800089,
    1816728,
    1833782,
    1850186,
    1866807,
    1883390,
    1900174,
    1916830,
    1933426,
    1950093,
    1966789,
    1983398,
    2000138,
    2016797,
    2033546,
    2050062,
    2066811,
    2083527,
    2100137,
    2116788,
    2133503,
    2150264,
    2166721
  ],
  "frame_rasterizer_begin_times": [
    0,
    16701,
    33433,
    50062,
    66856,
    83382,
    100198,
    202048,
    217025,
    233668,
    250353,
    267105,
    283692,
    300443,
    316910,
    333717,
    350695,
    367092,
    383966,
    400370,
    417325,
    433549,
    450462,
    466938,
    483781,
    500265,
    517154,
    533631,
    550469,
    566943,
    584057,
    600413,
    618720,
    651012,
    666619,
    695679,
    699906,
    716533,
    733102,
    749874,
    766612,
    783175,
    800092,
    816886,
    833718,
    850552,
    868987,
    884931,
    901504,
    918202,
    934682,
    951372,
    968433,
    984700,
    1001217,
    1017759,
    1034838,
    1051256,
    1068007,
    1084655,
    1101068,
    1117589,
    1134295,
    1151059,
    1167724,
    1184352,
    1200970,
    1217835,
    1234363,
    1250922,
    1267649,
    1286436,
    1322257,
    1334685,
    1351637,
    1368005,
    1384706,
    1401376,
    1418179,
    1434690,
    1450945,
    1468174,
    1484765,
    1501246,
    1517787,
    1535107,
    1550895,
    1567612,
    1584302,
    1600914,
    1617403,
    1634282,
    1650972,
    1667763,
    1684341,
    1700912,
    1720753,
    1750418,
    1774428,
    1785682,
    1800929,
    1817999,
    1834641,
    1851862,
    1868193,
    1884762,
    1901306,
    1917967,
    1934793,
    1951373,
    1967634,
    1984278,
    2000930,
    2017694,
    2034507,
    2051178,
    2067623,
    2084376,
    2101142,
    2117783,
    2134327,
    2151065,
    2167883,
    2187554
  ],
  "average_vsync_transitions_missed": 1.0,
  "90th_percentile_vsync_transitions_missed": 1.0,
  "99th_percentile_vsync_transitions_missed": 1.0
}