{
  "average_frame_build_time_millis": 1.316531746031746,
  "90th_percentile_frame_build_time_millis": 1.571,
  "99th_percentile_frame_build_time_millis": 6.733,
  "worst_frame_build_time_millis": 7.046,
  "missed_frame_build_budget_count": 0,
  "average_frame_rasterizer_time_millis": 2.2220317460317456,
  "90th_percentile_frame_rasterizer_time_millis": 2.438,
  "99th_percentile_frame_rasterizer_time_millis": 3.338,
  "worst_frame_rasterizer_time_millis": 42.487,
  "missed_frame_rasterizer_budget_count": 1,
  "frame_count": 126,
  "frame_rasterizer_count": 126,
  "frame_build_times": [
    1207,
    732,
    353,
    433,
    435,
    615,
    664,
    633,
    848,
    979,
    304,
    272,
    283,
    341,
    475,
    454,
    439,
    432,
    409,
    434,
    426,
    421,
    349,
    7046,
    1524,
    1475,
    1461,
    1397,
    1367,
    1375,
    1448,
    1470,
    1355,
    1379,
    1319,
    1382,
    1393,
    975,
    756,
    912,
    944,
    922,
    978,
    971,
    929,
    958,
    993,
    918,
    4019,
    5364,
    1249,
    764,
    528,
    295,
    409,
    406,
    427,
    910,
    987,
    1208,
    1509,
    1556,
    1007,
    1019,
    978,
    995,
    1019,
    993,
    1009,
    998,
    1454,
    975,
    980,
    4097,
    6733,
    2059,
    1397,
    1477,
    1393,
    1373,
    1408,
    1465,
    1348,
    1426,
    1472,
    1438,
    1364,
    1402,
    989,
    961,
    958,
    947,
    979,
    772,
    948,
    945,
    997,
    962,
    984,
    4246,
    877,
    6101,
    2247,
    1063,
    1476,
    1080,
    1508,
    1427,
    1505,
    1428,
    1571,
    1462,
    1487,
    1607,
    1137,
    1093,
    1096,
    1831,
    1279,
    1073,
    1056,
    1132,
    1106,
    1109,
    1162,
    4787
  ],
  "frame_rasterizer_times": [
    942,
    439,
    272,
    318,
    291,
    406,
    403,
    375,
    563,
    563,
    1501,
    1177,
    1199,
    1509,
    2014,
    1838,
    1799,
    1788,
    1759,
    1803,
    1712,
    1820,
    1550,
    1699,
    2031,
    2392,
    2990,
    2969,
    2229,
    2238,
    2556,
    2289,
    2337,
    2093,
    1986,
    2211,
    2175,
    2157,
    2217,
    2210,
    2155,
    2269,
    2302,
    2207,
    2145,
    2390,
    2275,
    2161,
    1586,
    1696,
    42487,
    828,
    498,
    483,
    693,
    678,
    756,
    1518,
    1726,
    1882,
    2128,
    2357,
    2553,
    2449,
    3338,
    2363,
    2610,
    2318,
    2384,
    1975,
    2396,
    2275,
    2394,
    2141,
    1575,
    2127,
    2641,
    2546,
    2983,
    2308,
    1990,
    2438,
    2157,
    2315,
    2146,
    2296,
    2309,
    2243,
    1744,
    2191,
    2200,
    2190,
    2343,
    1747,
    2182,
    2407,
    2357,
    2230,
    2207,
    1875,
    1626,
    1198,
    1634,
    1571,
    2019,
    1849,
    1670,
    2027,
    1997,
    2064,
    2177,
    2045,
    2086,
    2140,
    1993,
    1974,
    2013,
    3207,
    1996,
    1980,
    1981,
    1911,
    2004,
    1927,
    1922,
    1982
  ],
  "frame_begin_times": [
    0,
    49987,
    66723,
    83343,
    100005,
    116678,
    133309,
    150026,
    166723,
    183332,
    200302,
    216862,
    233540,
    250177,
    267245,
    283641,
    300311,
    317000,
    333835,
    350334,
    366946,
    383709,
    400251,
    466780,
    483586,
    500371,
    517117,
    533703,
    550316,
    567051,
    583808,
    600294,
    616971,
    633661,
    650448,
    667014,
    683578,
    700303,
    716884,
    733571,
    750321,
    767049,
    783690,
    800379,
    816967,
    833797,
    850325,
    867047,
    883552,
    916806,
    933543,
    950081,
    983268,
    999931,
    1016666,
    1033330,
    1049945,
    1066764,
    1083449,
    1100226,
    1116932,
    1133700,
    1150421,
    1167013,
    1183604,
    1200263,
    1217133,
    1233662,
    1250276,
    1267009,
    1283750,
    1300322,
    1316887,
    1333598,
    1366754,
    1383619,
    1400276,
    1416970,
    1433608,
    1450302,
    1467225,
    1483613,
    1500323,
    1516924,
    1533777,
    1550251,
    1566945,
    1583558,
    1600431,
    1616915,
    1633586,
    1650290,
    1667068,
    1683567,
    1700288,
    1716909,
    1733665,
    1750314,
    1766923,
    1783696,
    1816731,
    1833421,
    1850472,
    1866780,
    1883549,
    1900097,
    1916892,
    1933513,
    1950241,
    1966926,
    1983620,
    2000242,
    2016875,
    2033584,
    2050247,
    2066936,
    2083497,
    2100425,
    2116841,
    2133569,
    2150155,
    2167119,
    2183544,
    2200185,
    2216824,
    2233952
  ],
  "frame_rasterizer_begin_times": [
    0,
    7372,
    23736,
    40439,
    57105,
    73974,
    90653,
    107336,
    124205,
    140948,
    157212,
    173779,
    190479,
    207133,
    224415,
    240792,
    257444,
    274134,
    290903,
    307474,
    324065,
    340821,
    357242,
    430270,
    441755,
    458514,
    475401,
    491793,
    508367,
    525149,
    541955,
    558462,
    575020,
    591729,
    608236,
    625099,
    641672,
    657945,
    674296,
    691163,
    707989,
    724667,
    741367,
    758076,
    774579,
    791466,
    808001,
    824644,
    844339,
    878540,
    891426,
    934010,
    940451,
    956896,
    973726,
    990417,
    1007004,
    1024327,
    1041111,
    1058052,
    1075162,
    1091961,
    1108130,
    1124717,
    1141299,
    1157955,
    1174850,
    1191365,
    1207985,
    1224702,
    1241871,
    1257998,
    1274564,
    1293928,
    1329964,
    1342383,
    1358433,
    1375135,
    1391699,
    1408371,
    1425324,
    1441775,
    1458371,
    1475032,
    1491954,
    1508380,
    1525005,
    1541656,
    1558078,
    1574589,
    1591243,
    1607944,
    1624768,
    1641092,
    1657949,
    1674551,
    1691385,
    1707953,
    1724619,
    1744598,
    1774349,
    1796019,
    1809340,
    1824532,
    1841724,
    1857830,
    1875096,
    1891624,
    1908469,
    1925031,
    1941906,
    1958416,
    1975010,
    1991894,
    2008126,
    2024681,
    2041210,
    2059049,
    2074814,
    2091329,
    2107907,
    2124915,
    2141320,
    2157969,
    2174642,
    2195022
  ],
  "average_vsync_transitions_missed": 1.75,
  "90th_percentile_vsync_transitions_missed": 3.0,
  "99th_percentile_vsync_transitions_missed": 3.0
}