{
  "average_frame_build_time_millis": 1.2849609375000008,
  "90th_percentile_frame_build_time_millis": 1.607,
  "99th_percentile_frame_build_time_millis": 6.562,
  "worst_frame_build_time_millis": 6.724,
  "missed_frame_build_budget_count": 0,
  "average_frame_rasterizer_time_millis": 2.3905937500000007,
  "90th_percentile_frame_rasterizer_time_millis": 2.485,
  "99th_percentile_frame_rasterizer_time_millis": 3.581,
  "worst_frame_rasterizer_time_millis": 44.502,
  "missed_frame_rasterizer_budget_count": 1,
  "frame_count": 128,
  "frame_rasterizer_count": 128,
  "frame_build_times": [
    308,
    566,
    338,
    465,
    495,
    459,
    431,
    485,
    463,
    494,
    455,
    6724,
    1122,
    819,
    980,
    1079,
    1092,
    1270,
    1120,
    1411,
    1421,
    1607,
    1190,
    971,
    1074,
    998,
    1032,
    968,
    950,
    839,
    1048,
    1009,
    963,
    964,
    948,
    4011,
    3045,
    623,
    362,
    223,
    127,
    148,
    192,
    440,
    390,
    425,
    465,
    629,
    635,
    3925,
    1432,
    1329,
    1279,
    1276,
    1369,
    1321,
    1302,
    1227,
    1243,
    1366,
    1271,
    1280,
    1355,
    985,
    897,
    892,
    987,
    968,
    931,
    917,
    1041,
    994,
    938,
    928,
    4314,
    6562,
    1997,
    1153,
    1392,
    1441,
    1367,
    1471,
    1374,
    1301,
    1499,
    1455,
    1433,
    1470,
    1613,
    885,
    783,
    892,
    808,
    876,
    1078,
    885,
    958,
    909,
    870,
    1013,
    4778,
    953,
    5782,
    1731,
    1032,
    1353,
    1608,
    1392,
    1361,
    1383,
    1043,
    1391,
    1355,
    1354,
    1443,
    1034,
    984,
    1067,
    1091,
    985,
    984,
    1060,
    1058,
    1163,
    986,
    1049,
    1000,
    4530
  ],
  "frame_rasterizer_times": [
    1124,
    1740,
    1484,
    1733,
    1698,
    1737,
    1877,
    1740,
    1730,
    1980,
    1918,
    1967,
    1870,
    1425,
    1576,
    2247,
    1476,
    1953,
    2215,
    2231,
    2282,
    2485,
    1889,
    1576,
    2162,
    2384,
    2334,
    2206,
    2216,
    1991,
    2169,
    2171,
    2241,
    2626,
    2148,
    1605,
    1269,
    44502,
    657,
    1683,
    1375,
    1802,
    1844,
    2523,
    993,
    2404,
    1233,
    1895,
    1741,
    2312,
    3581,
    3374,
    2283,
    1815,
    2155,
    2649,
    2426,
    2351,
    2368,
    2508,
    2295,
    2454,
    2587,
    2418,
    2359,
    2293,
    2568,
    2267,
    2217,
    2223,
    2079,
    2370,
    2311,
    2315,
    2129,
    1491,
    2050,
    1730,
    2051,
    2862,
    2323,
    2352,
    2959,
    2032,
    2400,
    2285,
    2213,
    2254,
    1791,
    2482,
    1580,
    2091,
    2184,
    2220,
    2138,
    2465,
    2447,
    2274,
    2843,
    2627,
    1605,
    1319,
    1114,
    1514,
    1518,
    1976,
    2457,
    2048,
    1950,
    2026,
    1750,
    2109,
    1969,
    2182,
    1999,
    1780,
    1960,
    2161,
    2028,
    2016,
    1891,
    2309,
    1982,
    2268,
    1863,
    1613,
    1865,
    1746
  ],
  "frame_begin_times": [
    0,
    16812,
    33516,
    50198,
    66875,
    83526,
    100219,
    116815,
    133490,
    150131,
    166862,
    233257,
    249845,
    266592,
    283257,
    299969,
    316618,
    333355,
    350027,
    366908,
    383380,
    400084,
    416933,
    433340,
    449998,
    466921,
    483431,
    500103,
    516727,
    533435,
    550048,
    566730,
    583430,
    600159,
    616801,
    633442,
    649845,
    666877,
    683202,
    716469,
    733159,
    749888,
    766466,
    783446,
    799898,
    816589,
    833352,
    850308,
    866787,
    883578,
    900098,
    917033,
    933482,
    950094,
    966796,
    983443,
    1000067,
    1016759,
    1033393,
    1050100,
    1066746,
    1083411,
    1100109,
    1116725,
    1133360,
    1150077,
    1166897,
    1183403,
    1200095,
    1216682,
    1233500,
    1250266,
    1266748,
    1283397,
    1300172,
    1333374,
    1349931,
    1366659,
    1383187,
    1400028,
    1416803,
    1433406,
    1449844,
    1466741,
    1483670,
    1500057,
    1516666,
    1533329,
    1550236,
    1566573,
    1583388,
    1600120,
    1616701,
    1633347,
    1650014,
    1666708,
    1683448,
    1700013,
    1716672,
    1733496,
    1750003,
    1783311,
    1800146,
    1816481,
    1833194,
    1849998,
    1866795,
    1883277,
    1899961,
    1916560,
    1933233,
    1949954,
    1966632,
    1983345,
    1999957,
    2016657,
    2033320,
    2050100,
    2066621,
    2083324,
    2099956,
    2116791,
    2133399,
    2150129,
    2166656,
    2183376,
    2200025,
    2216674
  ],
  "frame_rasterizer_begin_times": [
    0,
    16931,
    33539,
    50403,
    67082,
    83666,
    100376,
    117043,
    133682,
    150353,
    167036,
    239442,
    250644,
    267091,
    283927,
    300735,
    317443,
    334354,
    350854,
    368004,
    384498,
    401256,
    417780,
    434000,
    450782,
    467650,
    484208,
    500709,
    517391,
    533970,
    550833,
    567450,
    584126,
    600861,
    617492,
    637157,
    652606,
    667256,
    711881,
    716398,
    732980,
    749700,
    766367,
    783576,
    799968,
    816653,
    833514,
    850653,
    867127,
    886889,
    901275,
    917975,
    934498,
    951126,
    967782,
    984491,
    1001128,
    1017661,
    1034338,
    1051177,
    1067747,
    1084277,
    1101107,
    1117435,
    1133995,
    1150719,
    1167621,
    1184104,
    1200765,
    1217309,
    1234132,
    1250942,
    1267415,
    1284074,
    1303618,
    1339422,
    1351682,
    1367520,
    1384311,
    1401172,
    1417913,
    1434562,
    1450868,
    1467749,
    1484910,
    1501228,
    1517834,
    1534536,
    1551568,
    1567202,
    1583867,
    1600730,
    1617162,
    1633954,
    1650738,
    1667346,
    1684134,
    1700664,
    1717270,
    1734140,
    1754499,
    1783858,
    1805404,
    1817878,
    1833916,
    1851064,
    1868113,
    1884399,
    1901051,
    1917579,
    1933962,
    1951070,
    1967725,
    1984443,
    2001152,
    2017404,
    2034033,
    2050906,
    2067428,
    2084032,
    2100667,
    2117584,
    2134210,
    2151015,
    2167385,
    2184130,
    2200772,
    2220509
  ],
  "average_vsync_transitions_missed": 1.5,
  "90th_percentile_vsync_transitions_missed": 2.0,
  "99th_percentile_vsync_transitions_missed": 2.0
}