{
  "average_frame_build_time_millis": 1.2853951612903232,
  "90th_percentile_frame_build_time_millis": 1.623,
  "99th_percentile_frame_build_time_millis": 7.083,
  "worst_frame_build_time_millis": 9.087,
  "missed_frame_build_budget_count": 0,
  "average_frame_rasterizer_time_millis": 2.3100559999999994,
  "90th_percentile_frame_rasterizer_time_millis": 2.503,
  "99th_percentile_frame_rasterizer_time_millis": 16.388,
  "worst_frame_rasterizer_time_millis": 41.698,
  "missed_frame_rasterizer_budget_count": 2,
  "frame_count": 124,
  "frame_rasterizer_count": 125,
  "frame_build_times": [
    476,
    602,
    571,
    591,
    976,
    768,
    804,
    926,
    112,
    285,
    326,
    355,
    361,
    456,
    432,
    434,
    465,
    540,
    438,
    428,
    429,
    7083,
    1289,
    1101,
    1455,
    1364,
    1353,
    1467,
    1381,
    1351,
    1418,
    1424,
    1383,
    1395,
    1553,
    750,
    942,
    951,
    1025,
    945,
    964,
    939,
    730,
    943,
    925,
    972,
    3983,
    4356,
    1345,
    717,
    511,
    328,
    418,
    407,
    932,
    972,
    1122,
    1492,
    1126,
    1207,
    987,
    992,
    977,
    998,
    1001,
    970,
    976,
    1034,
    1003,
    977,
    4339,
    5061,
    1481,
    1437,
    1426,
    1387,
    1414,
    1411,
    1438,
    1478,
    1358,
    1434,
    1391,
    1399,
    2679,
    1026,
    962,
    944,
    1201,
    755,
    939,
    982,
    1266,
    959,
    964,
    982,
    4415,
    649,
    9087,
    2169,
    1103,
    1497,
    2036,
    1580,
    1524,
    1513,
    1623,
    1591,
    1624,
    964,
    1856,
    1112,
    1070,
    1112,
    908,
    1098,
    1122,
    1195,
    722,
    572,
    501,
    454,
    378,
    1092
  ],
  "frame_rasterizer_times": [
    16388,
    1114,
    380,
    607,
    632,
    677,
    905,
    416,
    568,
    534,
    1202,
    1297,
    1460,
    1372,
    1955,
    1930,
    1805,
    1737,
    2026,
    1756,
    1787,
    1840,
    1682,
    1931,
    1823,
    1871,
    3696,
    2465,
    2326,
    2260,
    2209,
    2421,
    2353,
    2253,
    2221,
    2390,
    1715,
    2139,
    2217,
    2636,
    2206,
    2175,
    2561,
    1726,
    2529,
    2194,
    2265,
    1628,
    1577,
    41698,
    752,
    535,
    485,
    709,
    741,
    1483,
    1609,
    1891,
    1845,
    1574,
    1950,
    2331,
    2278,
    3422,
    2478,
    2278,
    2259,
    2554,
    2329,
    2335,
    2330,
    2001,
    1551,
    1901,
    2503,
    2416,
    2924,
    2413,
    2348,
    2232,
    2271,
    2368,
    2312,
    2339,
    2114,
    2503,
    2265,
    2195,
    2165,
    2794,
    1821,
    2192,
    2230,
    2308,
    2248,
    2310,
    2317,
    1580,
    1250,
    1270,
    1648,
    1581,
    2033,
    2634,
    2096,
    1973,
    2085,
    2303,
    2078,
    1762,
    1334,
    2044,
    1957,
    1943,
    1908,
    1617,
    1926,
    1899,
    2096,
    1645,
    1387,
    966,
    877,
    1361,
    740
  ],
  "frame_begin_times": [
    0,
    16690,
    33404,
    50035,
    66739,
    83373,
    100088,
    116744,
    133433,
    150346,
    166985,
    183770,
    200336,
    217204,
    233766,
    250497,
    267086,
    284004,
    300535,
    317121,
    333787,
    383542,
    400250,
    417020,
    433662,
    450444,
    467104,
    483836,
    500360,
    517048,
    533856,
    550453,
    567159,
    583723,
    600563,
    617008,
    633756,
    650457,
    667289,
    683802,
    700435,
    717096,
    733671,
    750371,
    767068,
    783796,
    800413,
    833519,
    850369,
    866818,
    900070,
    916703,
    933415,
    950077,
    966953,
    983588,
    1000277,
    1017071,
    1033636,
    1050332,
    1067072,
    1083720,
    1100407,
    1117077,
    1133733,
    1150384,
    1167188,
    1183782,
    1200402,
    1217030,
    1233896,
    1266729,
    1283580,
    1300579,
    1317043,
    1333707,
    1350440,
    1367136,
    1383628,
    1400369,
    1417047,
    1433784,
    1450361,
    1467027,
    1484059,
    1500409,
    1517021,
    1533784,
    1550859,
    1566945,
    1583721,
    1600389,
    1617264,
    1633737,
    1650383,
    1667002,
    1683650,
    1716739,
    1733637,
    1750212,
    1766919,
    1783709,
    1800449,
    1817140,
    1833662,
    1850232,
    1867401,
    1883645,
    1900375,
    1916898,
    1933896,
    1950334,
    1966981,
    1983612,
    2000287,
    2017057,
    2033681,
    2050344,
    2067046,
    2083410,
    2099947,
    2116685,
    2133279,
    2149946
  ],
  "frame_rasterizer_begin_times": [
    0,
    16516,
    32955,
    49607,
    66255,
    83309,
    99778,
    116541,
    133304,
    149185,
    166254,
    182909,
    199747,
    216347,
    233322,
    249857,
    266621,
    283174,
    300089,
    316640,
    333215,
    349841,
    406056,
    417184,
    433749,
    450796,
    467477,
    484125,
    500967,
    517386,
    534082,
    550941,
    567603,
    584204,
    600777,
    617766,
    633383,
    650298,
    667103,
    683885,
    700398,
    717033,
    733709,
    750022,
    766962,
    783654,
    800375,
    820020,
    853278,
    867268,
    909079,
    916175,
    932715,
    949452,
    966115,
    983503,
    1000189,
    1017010,
    1034179,
    1050384,
    1067202,
    1083719,
    1100399,
    1117047,
    1133690,
    1150399,
    1167037,
    1183818,
    1200424,
    1217034,
    1233667,
    1253123,
    1287238,
    1300715,
    1317693,
    1334149,
    1350752,
    1367512,
    1384253,
    1400742,
    1417514,
    1434053,
    1450898,
    1467412,
    1484058,
    1502299,
    1517098,
    1533660,
    1550395,
    1567615,
    1583275,
    1600374,
    1617033,
    1634195,
    1650351,
    1667012,
    1683677,
    1703688,
    1733058,
    1757975,
    1767989,
    1783636,
    1800885,
    1818038,
    1834385,
    1850848,
    1867392,
    1884698,
    1900894,
    1917639,
    1933499,
    1951413,
    1967082,
    1983716,
    2000384,
    2016819,
    2033788,
    2050472,
    2067117,
    2083409,
    2099594,
    2116046,
    2132735,
    2149363,
    2166523
  ],
  "average_vsync_transitions_missed": 1.75,
  "90th_percentile_vsync_transitions_missed": 3.0,
  "99th_percentile_vsync_transitions_missed": 3.0
}