{
  "average_frame_build_time_millis": 1.271551181102362,
  "90th_percentile_frame_build_time_millis": 1.516,
  "99th_percentile_frame_build_time_millis": 5.434,
  "worst_frame_build_time_millis": 6.665,
  "missed_frame_build_budget_count": 0,
  "average_frame_rasterizer_time_millis": 2.1858333333333335,
  "90th_percentile_frame_rasterizer_time_millis": 2.418,
  "99th_percentile_frame_rasterizer_time_millis": 3.284,
  "worst_frame_rasterizer_time_millis": 39.859,
  "missed_frame_rasterizer_budget_count": 1,
  "frame_count": 127,
  "frame_rasterizer_count": 126,
  "frame_build_times": [
    1187,
    732,
    491,
    427,
    469,
    453,
    650,
    610,
    815,
    1072,
    301,
    307,
    418,
    449,
    439,
    495,
    447,
    471,
    555,
    470,
    426,
    426,
    456,
    6665,
    1332,
    1047,
    1319,
    1516,
    1436,
    1372,
    1412,
    1465,
    1393,
    1337,
    1352,
    1434,
    1384,
    943,
    1013,
    998,
    902,
    930,
    978,
    973,
    970,
    940,
    890,
    946,
    4078,
    4536,
    1200,
    571,
    540,
    266,
    425,
    413,
    941,
    981,
    1314,
    1267,
    1140,
    1547,
    987,
    1011,
    1009,
    987,
    978,
    862,
    996,
    998,
    1019,
    1037,
    989,
    3914,
    5144,
    1521,
    1398,
    1564,
    1407,
    1413,
    1390,
    1238,
    1401,
    1425,
    1405,
    1424,
    1391,
    1448,
    1042,
    977,
    957,
    962,
    974,
    1000,
    957,
    1036,
    995,
    992,
    965,
    4277,
    717,
    5434,
    1780,
    1098,
    1485,
    1492,
    1474,
    1487,
    1548,
    1468,
    1116,
    1508,
    1514,
    1462,
    1076,
    1096,
    1100,
    1085,
    1099,
    859,
    1028,
    1082,
    1075,
    1121,
    1109,
    1076,
    4876
  ],
  "frame_rasterizer_times": [
    422,
    401,
    276,
    305,
    309,
    394,
    353,
    533,
    551,
    1165,
    1322,
    1370,
    1758,
    1861,
    1940,
    1837,
    1878,
    1784,
    1882,
    1768,
    1834,
    2154,
    1702,
    1628,
    1800,
    2117,
    3142,
    2287,
    2221,
    2191,
    2263,
    2383,
    2773,
    2474,
    2327,
    2233,
    1874,
    2415,
    2286,
    2247,
    2160,
    2402,
    2225,
    2159,
    2193,
    2021,
    2148,
    1617,
    1501,
    39859,
    871,
    486,
    482,
    685,
    647,
    1514,
    1572,
    1878,
    2015,
    1723,
    2152,
    2346,
    1882,
    3284,
    2468,
    2277,
    2319,
    2225,
    2205,
    2500,
    2377,
    2443,
    1867,
    1593,
    1858,
    2418,
    2838,
    3062,
    2209,
    2227,
    1793,
    2197,
    2239,
    2314,
    2289,
    2222,
    2324,
    2784,
    2283,
    2167,
    2210,
    2433,
    2253,
    2157,
    2172,
    2406,
    1830,
    2225,
    1671,
    1106,
    1170,
    1559,
    1498,
    1768,
    2366,
    1989,
    2118,
    2133,
    2034,
    1513,
    1992,
    2049,
    1922,
    1928,
    2192,
    1939,
    1931,
    1863,
    1586,
    1988,
    1926,
    1999,
    1766,
    1965,
    1884,
    2094
  ],
  "frame_begin_times": [
    0,
    49861,
    66537,
    83249,
    99926,
    116584,
    133204,
    149921,
    166629,
    183249,
    200195,
    216870,
    233474,
    250222,
    266911,
    283607,
    300220,
    316978,
    333651,
    350392,
    366820,
    383570,
    400416,
    467160,
    483411,
    500116,
    516738,
    534007,
    550311,
    566888,
    583560,
    600222,
    616933,
    633515,
    650244,
    666933,
    683680,
    700143,
    716932,
    733644,
    750199,
    766886,
    783830,
    800231,
    816917,
    833600,
    850328,
    866846,
    883598,
    916700,
    933419,
    949964,
    983200,
    999950,
    1016575,
    1033221,
    1050118,
    1066688,
    1083482,
    1100167,
    1116695,
    1133481,
    1150165,
    1166871,
    1183549,
    1200214,
    1216872,
    1233524,
    1250197,
    1266936,
    1283514,
    1300272,
    1316900,
    1333590,
    1366602,
    1383389,
    1400152,
    1417007,
    1433448,
    1450209,
    1466895,
    1483582,
    1500197,
    1516889,
    1533528,
    1550103,
    1566881,
    1583511,
    1600126,
    1616894,
    1633517,
    1650174,
    1666900,
    1683486,
    1700199,
    1716868,
    1733730,
    1750183,
    1766842,
    1783410,
    1800074,
    1816533,
    1833303,
    1849989,
    1866846,
    1883461,
    1899958,
    1916790,
    1933539,
    1950086,
    1966638,
    1983548,
    2000237,
    2016820,
    2033529,
    2050433,
    2066811,
    2083472,
    2100073,
    2116953,
    2133399,
    2150140,
    2166769,
    2183459,
    2200107,
    2216748,
    2233503
  ],
  "frame_rasterizer_begin_times": [
    0,
    16410,
    33164,
    49820,
    66461,
    83275,
    100007,
    116891,
    133723,
    149917,
    166661,
    183288,
    200129,
    216835,
    233530,
    250033,
    266813,
    283696,
    300312,
    316689,
    333442,
    350240,
    422916,
    434170,
    450580,
    467421,
    484944,
    501159,
    517734,
    534429,
    551106,
    567766,
    584223,
    601035,
    617792,
    634523,
    650543,
    667327,
    684114,
    700541,
    717269,
    734270,
    750662,
    767341,
    784013,
    800643,
    817262,
    837089,
    870490,
    883989,
    923932,
    933199,
    949653,
    966441,
    983068,
    1000484,
    1017104,
    1034205,
    1050812,
    1067238,
    1084488,
    1100624,
    1117260,
    1134033,
    1150642,
    1167316,
    1183827,
    1200645,
    1217440,
    1233938,
    1250766,
    1267249,
    1286552,
    1320998,
    1334328,
    1350987,
    1368036,
    1384276,
    1401060,
    1417743,
    1434157,
    1451053,
    1467770,
    1484393,
    1500983,
    1517725,
    1534399,
    1550514,
    1567325,
    1583933,
    1600573,
    1617332,
    1633943,
    1650596,
    1667246,
    1684165,
    1700633,
    1717265,
    1737103,
    1750246,
    1771223,
    1784474,
    1800521,
    1817770,
    1834316,
    1850870,
    1867719,
    1884568,
    1901011,
    1917168,
    1934525,
    1951206,
    1967760,
    1984059,
    2000981,
    2017379,
    2034015,
    2050638,
    2067231,
    2083923,
    2100661,
    2117223,
    2134029,
    2150588,
    2167278,
    2187409
  ],
  "average_vsync_transitions_missed": 1.3333333333333333,
  "90th_percentile_vsync_transitions_missed": 2.0,
  "99th_percentile_vsync_transitions_missed": 2.0
}