{
  "average_frame_build_time_millis": 1.3534566929133853,
  "90th_percentile_frame_build_time_millis": 1.735,
  "99th_percentile_frame_build_time_millis": 6.76,
  "worst_frame_build_time_millis": 8.774,
  "missed_frame_build_budget_count": 0,
  "average_frame_rasterizer_time_millis": 4.798087301587302,
  "90th_percentile_frame_rasterizer_time_millis": 16.563,
  "99th_percentile_frame_rasterizer_time_millis": 20.863,
  "worst_frame_rasterizer_time_millis": 44.062,
  "missed_frame_rasterizer_budget_count": 21,
  "frame_count": 127,
  "frame_rasterizer_count": 126,
  "frame_build_times": [
    1310,
    755,
    423,
    495,
    502,
    452,
    578,
    648,
    858,
    1008,
    222,
    282,
    299,
    348,
    436,
    539,
    441,
    450,
    449,
    483,
    434,
    436,
    449,
    6760,
    2004,
    1380,
    1449,
    1442,
    1396,
    1370,
    1435,
    1446,
    1323,
    1499,
    1435,
    1423,
    1458,
    943,
    1011,
    958,
    953,
    931,
    1030,
    912,
    921,
    921,
    961,
    894,
    4149,
    6511,
    1681,
    796,
    525,
    302,
    408,
    419,
    848,
    846,
    1039,
    1147,
    1540,
    1735,
    1062,
    948,
    1026,
    943,
    964,
    1068,
    1059,
    744,
    2339,
    941,
    989,
    4481,
    6025,
    1591,
    1377,
    1496,
    1457,
    1379,
    1445,
    1738,
    1370,
    1366,
    1797,
    1525,
    1375,
    1449,
    1053,
    976,
    1204,
    946,
    1150,
    1019,
    983,
    914,
    1107,
    966,
    961,
    4522,
    760,
    8774,
    1823,
    1017,
    946,
    936,
    1195,
    1134,
    1514,
    1518,
    1320,
    1516,
    1526,
    1534,
    1148,
    708,
    1113,
    1087,
    894,
    1111,
    1132,
    1160,
    1158,
    1097,
    1128,
    1184,
    5203
  ],
  "frame_rasterizer_times": [
    481,
    283,
    258,
    310,
    291,
    387,
    380,
    530,
    565,
    563,
    1280,
    1288,
    1372,
    1977,
    1949,
    1880,
    1866,
    2245,
    1864,
    1829,
    1931,
    2144,
    1655,
    2075,
    2380,
    2452,
    3171,
    2228,
    2264,
    2439,
    2296,
    2316,
    1771,
    2513,
    2265,
    2161,
    2173,
    2629,
    2274,
    2210,
    2175,
    2311,
    2197,
    2145,
    2374,
    2324,
    2166,
    1603,
    2042,
    44062,
    883,
    16471,
    16851,
    16637,
    17046,
    16574,
    16653,
    17071,
    16773,
    16491,
    16270,
    16757,
    16358,
    17145,
    16269,
    16563,
    16375,
    16210,
    20863,
    12726,
    16451,
    16694,
    14810,
    1665,
    1929,
    2614,
    2494,
    2947,
    2471,
    2517,
    1975,
    2325,
    2274,
    2585,
    2338,
    2350,
    2224,
    2790,
    2225,
    2807,
    2301,
    2914,
    2288,
    2275,
    2294,
    2390,
    2255,
    2284,
    1799,
    1257,
    1530,
    1617,
    1287,
    1426,
    1522,
    1632,
    1574,
    1971,
    1947,
    1580,
    2001,
    2066,
    1954,
    1276,
    1905,
    1898,
    2162,
    1551,
    1931,
    1954,
    2135,
    1979,
    1938,
    1895,
    2251,
    1705
  ],
  "frame_begin_times": [
    0,
    50044,
    66566,
    83291,
    99921,
    116589,
    133260,
    150017,
    166669,
    183310,
    199965,
    216798,
    233484,
    250175,
    266949,
    283582,
    300295,
    316929,
    333722,
    350350,
    366874,
    383613,
    400388,
    466953,
    483613,
    500317,
    516938,
    533601,
    550244,
    566937,
    583614,
    600278,
    616907,
    633587,
    650361,
    666896,
    683613,
    700269,
    716995,
    733679,
    750155,
    766937,
    783847,
    800265,
    816906,
    833600,
    850256,
    866930,
    883510,
    916710,
    933479,
    950046,
    983173,
    999836,
    1016539,
    1033214,
    1050043,
    1066664,
    1083400,
    1100208,
    1116804,
    1133525,
    1150178,
    1167026,
    1183530,
    1200328,
    1216981,
    1233689,
    1250356,
    1266761,
    1284476,
    1300234,
    1316904,
    1333462,
    1366800,
    1383377,
    1400187,
    1417002,
    1433526,
    1450172,
    1466731,
    1483598,
    1500232,
    1516928,
    1533652,
    1550160,
    1566932,
    1583546,
    1600391,
    1616836,
    1633540,
    1650205,
    1667065,
    1683688,
    1700161,
    1716720,
    1733701,
    1750237,
    1766842,
    1783598,
    1816826,
    1833507,
    1850360,
    1866655,
    1883334,
    1900003,
    1916903,
    1933424,
    1950084,
    1966750,
    1983748,
    2000147,
    2016880,
    2033554,
    2050211,
    2066577,
    2083513,
    2100178,
    2116673,
    2133540,
    2150205,
    2166947,
    2183556,
    2200134,
    2216763,
    2233675,
    2250162
  ],
  "frame_rasterizer_begin_times": [
    0,
    16191,
    32962,
    49644,
    66270,
    83062,
    99841,
    116727,
    133505,
    149475,
    166285,
    182998,
    199755,
    216627,
    233285,
    249984,
    266622,
    283414,
    300035,
    316572,
    333308,
    350067,
    422695,
    434891,
    450952,
    467629,
    484176,
    500890,
    517556,
    534356,
    550926,
    567499,
    584160,
    601044,
    617564,
    634332,
    650380,
    667262,
    683936,
    700353,
    717116,
    734007,
    750430,
    767057,
    783732,
    800466,
    817056,
    836865,
    872095,
    884445,
    928618,
    932904,
    949427,
    966381,
    983065,
    1000213,
    1016822,
    1033539,
    1050730,
    1067609,
    1084496,
    1100843,
    1117703,
    1134122,
    1151333,
    1167682,
    1184387,
    1200831,
    1217114,
    1238054,
    1250859,
    1267387,
    1286615,
    1321843,
    1334111,
    1350815,
    1367739,
    1384217,
    1400792,
    1417506,
    1434566,
    1450862,
    1467546,
    1484724,
    1500835,
    1517553,
    1534246,
    1550700,
    1567054,
    1583855,
    1600398,
    1617358,
    1633875,
    1650391,
    1666861,
    1684073,
    1700453,
    1717040,
    1737336,
    1766738,
    1791241,
    1801375,
    1816876,
    1833481,
    1850150,
    1867522,
    1883727,
    1900834,
    1917500,
    1934276,
    1950896,
    1967630,
    1984333,
    2000551,
    2016483,
    2033838,
    2050467,
    2066769,
    2083905,
    2100484,
    2117369,
    2133960,
    2150456,
    2167150,
    2184027,
    2204092
  ],
  "average_vsync_transitions_missed": 1.04,
  "90th_percentile_vsync_transitions_missed": 1.0,
  "99th_percentile_vsync_transitions_missed": 2.0
}