{
  "average_frame_build_time_millis": 1.3342560000000006,
  "90th_percentile_frame_build_time_millis": 1.728,
  "99th_percentile_frame_build_time_millis": 6.289,
  "worst_frame_build_time_millis": 7.561,
  "missed_frame_build_budget_count": 0,
  "average_frame_rasterizer_time_millis": 5.0589761904761925,
  "90th_percentile_frame_rasterizer_time_millis": 16.589,
  "99th_percentile_frame_rasterizer_time_millis": 17.088,
  "worst_frame_rasterizer_time_millis": 39.323,
  "missed_frame_rasterizer_budget_count": 24,
  "frame_count": 125,
  "frame_rasterizer_count": 126,
  "frame_build_times": [
    696,
    523,
    617,
    656,
    812,
    808,
    738,
    1049,
    1023,
    301,
    314,
    459,
    463,
    443,
    453,
    365,
    494,
    479,
    533,
    443,
    434,
    468,
    7561,
    2582,
    1432,
    1119,
    1096,
    1570,
    1361,
    1364,
    1635,
    1366,
    1400,
    1380,
    1431,
    1435,
    931,
    964,
    1057,
    1032,
    922,
    947,
    1340,
    991,
    1037,
    954,
    775,
    3950,
    4981,
    1345,
    400,
    567,
    317,
    437,
    398,
    994,
    984,
    1135,
    1487,
    1578,
    1605,
    768,
    987,
    792,
    1005,
    1014,
    1023,
    1012,
    1019,
    992,
    991,
    1007,
    4182,
    5018,
    1511,
    1071,
    1441,
    1500,
    1418,
    1388,
    1385,
    1103,
    1440,
    1427,
    1410,
    1468,
    1434,
    1046,
    978,
    1040,
    953,
    1003,
    996,
    982,
    966,
    996,
    1001,
    964,
    3181,
    6289,
    1813,
    1002,
    1074,
    1505,
    1560,
    1461,
    1728,
    1495,
    1456,
    1473,
    1328,
    1479,
    1482,
    1026,
    1876,
    1073,
    1164,
    1039,
    1149,
    1080,
    1278,
    1049,
    2553,
    1064,
    4943
  ],
  "frame_rasterizer_times": [
    17088,
    16118,
    16567,
    16587,
    16706,
    16465,
    16251,
    16838,
    16200,
    16765,
    16452,
    17000,
    16947,
    16385,
    16597,
    16623,
    16546,
    16589,
    16879,
    16474,
    16396,
    16591,
    17059,
    1557,
    2299,
    2459,
    1887,
    2861,
    2203,
    2457,
    2305,
    2294,
    2281,
    2349,
    2378,
    2638,
    2302,
    2215,
    2311,
    2805,
    2336,
    2371,
    2269,
    2033,
    2193,
    2243,
    2231,
    2014,
    1582,
    2046,
    39323,
    869,
    468,
    458,
    714,
    758,
    1868,
    1568,
    1875,
    2409,
    3089,
    2374,
    1703,
    2249,
    3002,
    2420,
    2309,
    2280,
    2419,
    2297,
    2299,
    2586,
    2468,
    2151,
    1432,
    1926,
    1854,
    2375,
    3322,
    2240,
    2306,
    2275,
    1766,
    2263,
    2212,
    2378,
    2342,
    2202,
    2301,
    2447,
    2239,
    2215,
    2263,
    2509,
    2203,
    2236,
    2139,
    2588,
    2234,
    1185,
    1284,
    1580,
    1313,
    1751,
    2363,
    2194,
    2245,
    2407,
    2221,
    2133,
    2061,
    2033,
    2275,
    2106,
    1977,
    2145,
    2883,
    1981,
    2051,
    2199,
    1859,
    2015,
    2083,
    2261,
    1871,
    1690
  ],
  "frame_begin_times": [
    0,
    16524,
    33186,
    49802,
    66491,
    83211,
    99863,
    116559,
    133208,
    150232,
    166747,
    183548,
    200352,
    216862,
    233591,
    250170,
    266922,
    283562,
    300184,
    317034,
    333592,
    350202,
    416652,
    433751,
    450410,
    466826,
    483539,
    500453,
    516992,
    533682,
    550392,
    566902,
    583577,
    600412,
    616877,
    633660,
    650342,
    667049,
    683943,
    700454,
    716905,
    733644,
    751101,
    766896,
    783550,
    800211,
    817336,
    833562,
    866708,
    883415,
    899828,
    933187,
    949831,
    966520,
    983121,
    1000753,
    1016761,
    1033409,
    1050232,
    1067042,
    1083529,
    1100078,
    1116895,
    1133505,
    1150207,
    1166890,
    1183497,
    1200247,
    1216948,
    1233522,
    1250198,
    1266931,
    1283572,
    1316708,
    1333377,
    1350069,
    1366947,
    1383706,
    1400196,
    1416833,
    1433496,
    1450137,
    1466847,
    1483563,
    1500096,
    1516919,
    1533486,
    1550191,
    1566902,
    1583604,
    1600149,
    1616756,
    1633703,
    1650232,
    1666811,
    1683574,
    1700333,
    1716931,
    1733668,
    1766550,
    1783270,
    1799941,
    1816811,
    1833635,
    1850223,
    1866832,
    1883781,
    1900209,
    1916798,
    1933535,
    1950428,
    1966776,
    1983469,
    2000270,
    2017351,
    2033491,
    2050255,
    2066924,
    2083586,
    2100180,
    2116869,
    2133522,
    2150379,
    2166748,
    2183561
  ],
  "frame_rasterizer_begin_times": [
    0,
    17151,
    33330,
    50191,
    66823,
    83601,
    100314,
    116946,
    133864,
    150490,
    167297,
    183791,
    200847,
    217906,
    234363,
    251032,
    267709,
    284343,
    301007,
    317980,
    334536,
    351053,
    367772,
    440258,
    452559,
    468189,
    484252,
    500964,
    518324,
    534678,
    551371,
    568343,
    584591,
    601303,
    618119,
    634478,
    651420,
    667599,
    684350,
    701332,
    717759,
    734163,
    750929,
    768833,
    784092,
    800876,
    817469,
    834543,
    853797,
    887742,
    901050,
    940487,
    950027,
    966401,
    983261,
    999838,
    1018064,
    1034029,
    1050840,
    1067986,
    1084956,
    1101457,
    1117127,
    1134196,
    1150578,
    1167551,
    1184252,
    1200855,
    1217578,
    1234248,
    1250826,
    1267522,
    1284245,
    1303588,
    1337836,
    1351205,
    1367442,
    1384695,
    1401538,
    1417936,
    1434591,
    1451212,
    1467541,
    1484608,
    1501328,
    1517777,
    1534713,
    1551240,
    1567504,
    1584204,
    1600931,
    1617409,
    1634000,
    1651025,
    1667542,
    1684123,
    1700894,
    1717664,
    1734217,
    1753129,
    1788965,
    1801343,
    1817237,
    1834147,
    1851461,
    1867968,
    1884619,
    1901787,
    1918050,
    1934581,
    1951290,
    1967981,
    1984581,
    2001278,
    2017623,
    2035477,
    2050838,
    2067763,
    2084296,
    2101012,
    2117585,
    2134295,
    2150906,
    2167815,
    2184088,
    2204362
  ],
  "average_vsync_transitions_missed": 1.0384615384615385,
  "90th_percentile_vsync_transitions_missed": 1.0,
  "99th_percentile_vsync_transitions_missed": 2.0
}