{
  "average_frame_build_time_millis": 1.3300720000000008,
  "90th_percentile_frame_build_time_millis": 1.541,
  "99th_percentile_frame_build_time_millis": 6.379,
  "worst_frame_build_time_millis": 8.618,
  "missed_frame_build_budget_count": 0,
  "average_frame_rasterizer_time_millis": 4.913380952380955,
  "90th_percentile_frame_rasterizer_time_millis": 16.534,
  "99th_percentile_frame_rasterizer_time_millis": 17.208,
  "worst_frame_rasterizer_time_millis": 42.323,
  "missed_frame_rasterizer_budget_count": 23,
  "frame_count": 125,
  "frame_rasterizer_count": 126,
  "frame_build_times": [
    426,
    588,
    636,
    794,
    926,
    753,
    1054,
    1021,
    283,
    286,
    312,
    354,
    456,
    444,
    407,
    403,
    447,
    480,
    452,
    472,
    472,
    6370,
    2033,
    1417,
    1100,
    1377,
    1387,
    1367,
    1414,
    1365,
    1401,
    1441,
    1433,
    1361,
    1434,
    940,
    955,
    946,
    915,
    921,
    956,
    934,
    1093,
    727,
    924,
    718,
    4034,
    4742,
    1252,
    816,
    519,
    301,
    471,
    430,
    948,
    967,
    1005,
    1133,
    1515,
    1569,
    994,
    987,
    979,
    983,
    1013,
    973,
    975,
    992,
    1019,
    969,
    999,
    3978,
    6379,
    2171,
    1360,
    1460,
    1515,
    1441,
    1081,
    1431,
    1066,
    1403,
    1463,
    1369,
    1375,
    1446,
    998,
    1079,
    976,
    1085,
    980,
    1008,
    968,
    800,
    760,
    1014,
    1008,
    4299,
    886,
    8618,
    2226,
    1088,
    1466,
    1494,
    1491,
    1500,
    1497,
    1537,
    1541,
    1472,
    1457,
    1324,
    1068,
    1072,
    1086,
    965,
    1056,
    1133,
    1059,
    1090,
    1074,
    1094,
    1080,
    1137,
    4855
  ],
  "frame_rasterizer_times": [
    16502,
    16295,
    16538,
    16655,
    16741,
    16155,
    16756,
    16233,
    17153,
    16427,
    16220,
    16708,
    17208,
    16404,
    16555,
    16996,
    16287,
    16370,
    16594,
    16995,
    16306,
    16534,
    1636,
    2562,
    2433,
    1981,
    3788,
    2189,
    2197,
    2365,
    2252,
    2228,
    2523,
    1805,
    2195,
    2248,
    2483,
    2284,
    2232,
    2187,
    1874,
    2327,
    2195,
    2402,
    1914,
    2198,
    1682,
    1673,
    1668,
    42323,
    790,
    510,
    503,
    660,
    695,
    1524,
    1698,
    1629,
    1887,
    2467,
    2323,
    2441,
    2343,
    3346,
    2625,
    2382,
    2338,
    2265,
    2496,
    2093,
    2260,
    2298,
    1765,
    1573,
    2204,
    2020,
    2418,
    2928,
    2273,
    2272,
    2307,
    1712,
    2491,
    2379,
    2266,
    2301,
    2412,
    2310,
    2173,
    2211,
    2279,
    2219,
    2462,
    2416,
    1652,
    1712,
    2152,
    2204,
    1647,
    1531,
    1327,
    1801,
    1552,
    2013,
    2622,
    2184,
    1711,
    1955,
    2219,
    2085,
    2039,
    2040,
    1559,
    1942,
    1920,
    1983,
    2017,
    1899,
    2031,
    1979,
    2043,
    2004,
    1949,
    2151,
    1956,
    1767
  ],
  "frame_begin_times": [
    0,
    16692,
    33363,
    50072,
    66742,
    83392,
    100061,
    116699,
    134060,
    150324,
    166915,
    183624,
    200554,
    217060,
    233765,
    250493,
    267132,
    283754,
    300444,
    317412,
    333843,
    400193,
    416980,
    433773,
    450403,
    467131,
    483785,
    500502,
    517146,
    533811,
    550432,
    567257,
    583908,
    600429,
    617088,
    634061,
    650419,
    667077,
    683822,
    700697,
    717153,
    733879,
    750416,
    767033,
    783786,
    800266,
    817099,
    850223,
    866964,
    883488,
    916740,
    933367,
    950076,
    966697,
    983587,
    1000259,
    1016892,
    1033610,
    1050383,
    1067070,
    1083759,
    1100413,
    1117028,
    1133811,
    1150423,
    1167059,
    1183665,
    1200484,
    1217073,
    1233755,
    1250401,
    1267324,
    1300182,
    1317041,
    1334075,
    1350364,
    1367029,
    1383740,
    1400315,
    1416935,
    1433693,
    1450496,
    1467103,
    1483722,
    1500380,
    1517145,
    1533806,
    1550344,
    1567009,
    1583899,
    1600414,
    1617119,
    1633737,
    1650298,
    1666894,
    1683731,
    1700353,
    1716960,
    1750130,
    1766954,
    1783581,
    1800201,
    1816988,
    1833810,
    1850337,
    1867023,
    1883583,
    1900479,
    1917029,
    1933675,
    1950359,
    1967009,
    1983672,
    2000344,
    2016987,
    2033566,
    2050344,
    2066968,
    2083677,
    2100310,
    2117009,
    2133648,
    2150378,
    2167043,
    2183727
  ],
  "frame_rasterizer_begin_times": [
    0,
    16593,
    32925,
    49732,
    66606,
    83405,
    99881,
    116841,
    133466,
    150657,
    167136,
    183403,
    200176,
    217459,
    234035,
    250673,
    267796,
    284153,
    300610,
    317292,
    334384,
    350777,
    422026,
    434742,
    450910,
    467186,
    484245,
    500914,
    517553,
    534278,
    550925,
    567572,
    584429,
    601066,
    617538,
    634243,
    650755,
    667058,
    683764,
    700451,
    717315,
    733825,
    750534,
    767192,
    783452,
    800457,
    816666,
    836843,
    870415,
    883896,
    926336,
    932948,
    949352,
    966292,
    982843,
    1000212,
    1016910,
    1033588,
    1050411,
    1067626,
    1084316,
    1100481,
    1117110,
    1133737,
    1150504,
    1167190,
    1183755,
    1200358,
    1217201,
    1233844,
    1250466,
    1267123,
    1286625,
    1322055,
    1334937,
    1350856,
    1367506,
    1384240,
    1400886,
    1417115,
    1434008,
    1450439,
    1467610,
    1484271,
    1500823,
    1517480,
    1534327,
    1550482,
    1567188,
    1583682,
    1600718,
    1617132,
    1633801,
    1650415,
    1666778,
    1683455,
    1700439,
    1717065,
    1736941,
    1766739,
    1790855,
    1801469,
    1816971,
    1834181,
    1851041,
    1867556,
    1884246,
    1900775,
    1917744,
    1934263,
    1950854,
    1967521,
    1983992,
    2000466,
    2017140,
    2033749,
    2050256,
    2067135,
    2083829,
    2100498,
    2117115,
    2133801,
    2150495,
    2167302,
    2183901,
    2203867
  ],
  "average_vsync_transitions_missed": 1.04,
  "90th_percentile_vsync_transitions_missed": 1.0,
  "99th_percentile_vsync_transitions_missed": 2.0
}