{
  "average_frame_build_time_millis": 1.3131269841269841,
  "90th_percentile_frame_build_time_millis": 1.553,
  "99th_percentile_frame_build_time_millis": 6.713,
  "worst_frame_build_time_millis": 8.211,
  "missed_frame_build_budget_count": 0,
  "average_frame_rasterizer_time_millis": 2.6469999999999994,
  "90th_percentile_frame_rasterizer_time_millis": 2.638,
  "99th_percentile_frame_rasterizer_time_millis": 16.564,
  "worst_frame_rasterizer_time_millis": 43.204,
  "missed_frame_rasterizer_budget_count": 4,
  "frame_count": 126,
  "frame_rasterizer_count": 126,
  "frame_build_times": [
    972,
    504,
    568,
    571,
    753,
    682,
    963,
    1058,
    1008,
    279,
    286,
    441,
    447,
    420,
    420,
    444,
    436,
    300,
    436,
    547,
    428,
    454,
    6713,
    2015,
    1424,
    1493,
    1434,
    1402,
    1452,
    1445,
    1373,
    1022,
    1740,
    1419,
    1347,
    1419,
    1023,
    503,
    940,
    949,
    952,
    951,
    958,
    1057,
    795,
    958,
    899,
    4035,
    6240,
    1396,
    832,
    519,
    289,
    409,
    440,
    931,
    919,
    1158,
    1117,
    1520,
    1553,
    1018,
    951,
    962,
    1000,
    994,
    989,
    813,
    1292,
    1003,
    963,
    959,
    3019,
    6013,
    1492,
    1450,
    1444,
    1354,
    1394,
    1141,
    1366,
    1423,
    1410,
    1429,
    1395,
    1364,
    984,
    981,
    922,
    936,
    730,
    971,
    947,
    933,
    839,
    926,
    944,
    954,
    4339,
    662,
    8211,
    2177,
    1072,
    1095,
    1772,
    1474,
    1468,
    1412,
    1484,
    1462,
    1430,
    1429,
    1523,
    1028,
    1028,
    1068,
    881,
    1033,
    1036,
    1090,
    1103,
    1057,
    1058,
    1079,
    1079,
    4741
  ],
  "frame_rasterizer_times": [
    16564,
    16169,
    16478,
    677,
    730,
    414,
    983,
    538,
    636,
    1172,
    1168,
    2042,
    1856,
    1759,
    1767,
    2109,
    1677,
    1408,
    1773,
    1551,
    1925,
    1834,
    1698,
    2324,
    2441,
    2767,
    3818,
    2187,
    2540,
    2427,
    2638,
    1698,
    1764,
    2073,
    2224,
    2524,
    2453,
    1170,
    2310,
    2138,
    2330,
    2239,
    2134,
    2352,
    1744,
    2139,
    2207,
    1775,
    1792,
    43204,
    786,
    503,
    469,
    709,
    654,
    1493,
    1567,
    1930,
    1839,
    2415,
    2583,
    2472,
    2338,
    3744,
    2656,
    2404,
    2327,
    1768,
    3411,
    2333,
    2316,
    2330,
    1867,
    1530,
    1948,
    2423,
    2429,
    2908,
    2464,
    1864,
    2192,
    2260,
    2388,
    2248,
    2508,
    2726,
    2692,
    2222,
    2163,
    2157,
    1747,
    2227,
    1962,
    2381,
    2380,
    2161,
    2209,
    2397,
    1693,
    1246,
    1317,
    1592,
    1627,
    1598,
    1950,
    2043,
    1996,
    2033,
    2164,
    2038,
    1989,
    2149,
    2042,
    2013,
    2002,
    2199,
    1960,
    1978,
    1898,
    2116,
    2026,
    1970,
    1903,
    2404,
    1959,
    1777
  ],
  "frame_begin_times": [
    0,
    16704,
    33285,
    49970,
    66642,
    83361,
    99984,
    116665,
    133364,
    150274,
    166860,
    183801,
    200383,
    217092,
    233666,
    250514,
    266965,
    283540,
    300215,
    317270,
    333766,
    350297,
    400194,
    417073,
    433704,
    450401,
    466962,
    483670,
    500410,
    517022,
    533586,
    550200,
    567136,
    583596,
    600308,
    617009,
    633690,
    650173,
    666942,
    683560,
    700170,
    716947,
    733566,
    750303,
    766848,
    783608,
    800309,
    817058,
    850079,
    866891,
    883395,
    916578,
    933350,
    949979,
    966638,
    983474,
    1000136,
    1016821,
    1033488,
    1050309,
    1066914,
    1083702,
    1100249,
    1116961,
    1133781,
    1150244,
    1166948,
    1183631,
    1200737,
    1216963,
    1233627,
    1250244,
    1267133,
    1299967,
    1316823,
    1333706,
    1350221,
    1366834,
    1383624,
    1400182,
    1416958,
    1433600,
    1450371,
    1466939,
    1483539,
    1500260,
    1517073,
    1533546,
    1550289,
    1566937,
    1583559,
    1600228,
    1616902,
    1633580,
    1650164,
    1666962,
    1683548,
    1700291,
    1716952,
    1749964,
    1767041,
    1783415,
    1800228,
    1816784,
    1833736,
    1850157,
    1866929,
    1883582,
    1900301,
    1916863,
    1933484,
    1950087,
    1966807,
    1983499,
    2000262,
    2016947,
    2033478,
    2050240,
    2066851,
    2083626,
    2100166,
    2116920,
    2133571,
    2150348,
    2166898,
    2183513
  ],
  "frame_rasterizer_begin_times": [
    0,
    16669,
    32956,
    49654,
    66468,
    83125,
    100020,
    116820,
    133462,
    149614,
    166202,
    183357,
    199934,
    216593,
    233172,
    250030,
    266438,
    282915,
    299762,
    316854,
    333306,
    349829,
    405742,
    418190,
    434226,
    451295,
    467574,
    484201,
    500916,
    517567,
    534047,
    550306,
    567840,
    584145,
    600778,
    617550,
    633803,
    649728,
    666977,
    683625,
    700224,
    716995,
    733620,
    750431,
    766703,
    783668,
    800308,
    820164,
    855157,
    867382,
    910705,
    916118,
    932720,
    949513,
    966165,
    983468,
    1000123,
    1017011,
    1033666,
    1050828,
    1067525,
    1083803,
    1100285,
    1117009,
    1133895,
    1150287,
    1167079,
    1183501,
    1201113,
    1217061,
    1233707,
    1250326,
    1268906,
    1304864,
    1317330,
    1334214,
    1350760,
    1367352,
    1384119,
    1400383,
    1417409,
    1434122,
    1450880,
    1467416,
    1484016,
    1500724,
    1517161,
    1533637,
    1550317,
    1566952,
    1583347,
    1600188,
    1616933,
    1633610,
    1649964,
    1666988,
    1683587,
    1700345,
    1720347,
    1749705,
    1774105,
    1784632,
    1800355,
    1816919,
    1834609,
    1850727,
    1867515,
    1884102,
    1900879,
    1917427,
    1934013,
    1950600,
    1967413,
    1983624,
    2000419,
    2017141,
    2033416,
    2050377,
    2066985,
    2083858,
    2100338,
    2117078,
    2133753,
    2150586,
    2167058,
    2186922
  ],
  "average_vsync_transitions_missed": 1.1666666666666667,
  "90th_percentile_vsync_transitions_missed": 2.0,
  "99th_percentile_vsync_transitions_missed": 2.0
}