{
  "average_frame_build_time_millis": 1.2819359999999997,
  "90th_percentile_frame_build_time_millis": 1.56,
  "99th_percentile_frame_build_time_millis": 5.262,
  "worst_frame_build_time_millis": 5.696,
  "missed_frame_build_budget_count": 0,
  "average_frame_rasterizer_time_millis": 2.2018800000000005,
  "90th_percentile_frame_rasterizer_time_millis": 2.519,
  "99th_percentile_frame_rasterizer_time_millis": 3.539,
  "worst_frame_rasterizer_time_millis": 36.729,
  "missed_frame_rasterizer_budget_count": 1,
  "frame_count": 125,
  "frame_rasterizer_count": 125,
  "frame_build_times": [
    1239,
    951,
    458,
    584,
    563,
    757,
    733,
    718,
    1023,
    933,
    286,
    294,
    350,
    462,
    441,
    436,
    358,
    446,
    439,
    461,
    465,
    457,
    488,
    4898,
    1463,
    1138,
    1088,
    1454,
    1474,
    1465,
    1403,
    1381,
    1546,
    1364,
    1366,
    1392,
    1114,
    1027,
    799,
    933,
    769,
    946,
    930,
    925,
    1011,
    929,
    974,
    1376,
    4337,
    4700,
    1130,
    405,
    536,
    315,
    406,
    875,
    875,
    963,
    1125,
    1481,
    1537,
    1188,
    986,
    995,
    1014,
    999,
    973,
    1004,
    1021,
    984,
    1944,
    984,
    4084,
    5262,
    1325,
    1063,
    1453,
    1378,
    1444,
    1555,
    1447,
    1432,
    1560,
    1424,
    1429,
    1371,
    1131,
    973,
    945,
    957,
    770,
    958,
    944,
    942,
    844,
    600,
    968,
    1102,
    4079,
    5696,
    1916,
    1123,
    1482,
    1443,
    1611,
    1524,
    1488,
    1476,
    1335,
    1454,
    1707,
    1452,
    1128,
    1106,
    1065,
    1067,
    1129,
    1052,
    1047,
    1176,
    1108,
    1065,
    1171,
    1133,
    4564
  ],
  "frame_rasterizer_times": [
    1108,
    693,
    498,
    503,
    693,
    719,
    426,
    817,
    542,
    551,
    1250,
    1199,
    1616,
    1840,
    1802,
    1731,
    1773,
    1783,
    1721,
    1758,
    1466,
    1862,
    1866,
    2073,
    2320,
    2223,
    1920,
    2939,
    2566,
    2483,
    2389,
    2316,
    2887,
    2487,
    2284,
    2579,
    1917,
    2236,
    1592,
    2392,
    1917,
    2270,
    2215,
    2673,
    2182,
    2317,
    2228,
    2555,
    1619,
    1596,
    36729,
    693,
    525,
    471,
    723,
    1463,
    1453,
    1673,
    1911,
    2321,
    2663,
    1926,
    2449,
    2347,
    3539,
    2381,
    2269,
    2370,
    2317,
    2241,
    3087,
    2314,
    2190,
    1623,
    1772,
    1914,
    1876,
    2934,
    2519,
    2485,
    2251,
    2248,
    2549,
    2297,
    2215,
    2262,
    1781,
    2311,
    2257,
    2212,
    1805,
    2216,
    2268,
    2313,
    1766,
    1380,
    2206,
    2413,
    1658,
    1175,
    1674,
    1570,
    1938,
    2420,
    2219,
    2044,
    1960,
    2076,
    1801,
    1989,
    1998,
    2180,
    1752,
    1928,
    1877,
    1935,
    2028,
    1920,
    1958,
    2084,
    2014,
    2140,
    1922,
    2207,
    1448
  ],
  "frame_begin_times": [
    0,
    50075,
    66622,
    83547,
    100096,
    116705,
    133364,
    150001,
    166736,
    183381,
    200354,
    216956,
    233750,
    250448,
    267104,
    283742,
    300433,
    317185,
    333705,
    350454,
    367298,
    383740,
    400519,
    466881,
    483586,
    500343,
    516953,
    533775,
    550673,
    567081,
    583856,
    600547,
    617519,
    633714,
    650360,
    667132,
    684274,
    700501,
    716969,
    733620,
    750340,
    767037,
    783812,
    800397,
    817137,
    833749,
    850484,
    867368,
    883972,
    916897,
    933587,
    950053,
    983283,
    999964,
    1016703,
    1033605,
    1050170,
    1066832,
    1083568,
    1100475,
    1117072,
    1133696,
    1150351,
    1167092,
    1184015,
    1200422,
    1217087,
    1233787,
    1250562,
    1267077,
    1283872,
    1300355,
    1317356,
    1350199,
    1366802,
    1383592,
    1400294,
    1417001,
    1433559,
    1450347,
    1466959,
    1483714,
    1500469,
    1517140,
    1533645,
    1550302,
    1567298,
    1583680,
    1600350,
    1617027,
    1633775,
    1650347,
    1667092,
    1683652,
    1700356,
    1716869,
    1733685,
    1750292,
    1767031,
    1800000,
    1816983,
    1833500,
    1850325,
    1866923,
    1883810,
    1900331,
    1917034,
    1933655,
    1950460,
    1966961,
    1983569,
    2000281,
    2016848,
    2033594,
    2050292,
    2067004,
    2083652,
    2100336,
    2117020,
    2133660,
    2150348,
    2166952,
    2183608,
    2200596,
    2217045
  ],
  "frame_rasterizer_begin_times": [
    0,
    8502,
    24547,
    41640,
    58169,
    74916,
    91600,
    108214,
    125285,
    141840,
    158121,
    174725,
    191606,
    208435,
    225085,
    241730,
    258275,
    275152,
    291675,
    308462,
    325264,
    341708,
    358532,
    429108,
    442555,
    458972,
    475552,
    492756,
    509693,
    526020,
    542791,
    559463,
    576513,
    592622,
    609254,
    626051,
    642953,
    659024,
    675256,
    691984,
    708612,
    725497,
    742271,
    758865,
    775596,
    792198,
    808982,
    826179,
    845797,
    878671,
    892211,
    929022,
    941291,
    957777,
    974607,
    991951,
    1008545,
    1025259,
    1042186,
    1059474,
    1076136,
    1092319,
    1108809,
    1125611,
    1142548,
    1158943,
    1175608,
    1192273,
    1209117,
    1225595,
    1242373,
    1258890,
    1278490,
    1312693,
    1325617,
    1342134,
    1359269,
    1375810,
    1392409,
    1409310,
    1425928,
    1442624,
    1459558,
    1476091,
    1492583,
    1509180,
    1525907,
    1542178,
    1558816,
    1575506,
    1592027,
    1608843,
    1625578,
    1642053,
    1658682,
    1674941,
    1692155,
    1708892,
    1728626,
    1763060,
    1776375,
    1792142,
    1809332,
    1825888,
    1842901,
    1859376,
    1876042,
    1892627,
    1909304,
    1925940,
    1942783,
    1959258,
    1975475,
    1992180,
    2008883,
    2025619,
    2042196,
    2058927,
    2075579,
    2092336,
    2108981,
    2125553,
    2142218,
    2159206,
    2178794
  ],
  "average_vsync_transitions_missed": 1.75,
  "90th_percentile_vsync_transitions_missed": 3.0,
  "99th_percentile_vsync_transitions_missed": 3.0
}