{
  "average_frame_build_time_millis": 1.3110719999999991,
  "90th_percentile_frame_build_time_millis": 1.569,
  "99th_percentile_frame_build_time_millis": 5.91,
  "worst_frame_build_time_millis": 7.116,
  "missed_frame_build_budget_count": 0,
  "average_frame_rasterizer_time_millis": 4.894448,
  "90th_percentile_frame_rasterizer_time_millis": 16.615,
  "99th_percentile_frame_rasterizer_time_millis": 17.368,
  "worst_frame_rasterizer_time_millis": 36.995,
  "missed_frame_rasterizer_budget_count": 23,
  "frame_count": 125,
  "frame_rasterizer_count": 125,
  "frame_build_times": [
    1337,
    852,
    436,
    1013,
    714,
    527,
    790,
    814,
    1040,
    918,
    274,
    308,
    390,
    445,
    413,
    452,
    457,
    430,
    468,
    495,
    458,
    471,
    527,
    7116,
    1323,
    869,
    933,
    1056,
    1588,
    1441,
    1404,
    1445,
    1463,
    1405,
    1450,
    1544,
    1575,
    982,
    1007,
    1022,
    971,
    967,
    951,
    935,
    991,
    943,
    979,
    781,
    4179,
    5833,
    1084,
    452,
    554,
    307,
    419,
    399,
    992,
    974,
    1176,
    1503,
    1515,
    1630,
    1049,
    989,
    1041,
    972,
    986,
    996,
    985,
    994,
    984,
    1009,
    1099,
    4191,
    5552,
    1547,
    1405,
    1426,
    1748,
    1404,
    1390,
    1377,
    1108,
    1407,
    1462,
    1417,
    1437,
    1518,
    950,
    1106,
    1000,
    952,
    953,
    1012,
    1003,
    944,
    1098,
    989,
    965,
    3278,
    5910,
    1569,
    897,
    1087,
    1517,
    1473,
    1439,
    1551,
    1529,
    1458,
    1480,
    1559,
    1551,
    1468,
    1105,
    841,
    1073,
    881,
    1089,
    1088,
    1159,
    1041,
    1160,
    1210,
    4819
  ],
  "frame_rasterizer_times": [
    1199,
    16528,
    16660,
    16179,
    16615,
    16658,
    16279,
    16652,
    16178,
    16634,
    16634,
    17016,
    16738,
    16518,
    16686,
    16618,
    16542,
    16483,
    17055,
    16301,
    16506,
    16453,
    17368,
    1977,
    1950,
    1703,
    1495,
    2855,
    2009,
    2221,
    2172,
    2302,
    2306,
    2195,
    2175,
    2439,
    2235,
    2181,
    2213,
    2370,
    2139,
    2240,
    2173,
    1693,
    2138,
    2205,
    2232,
    2278,
    1595,
    1829,
    36995,
    742,
    457,
    490,
    740,
    660,
    1749,
    1727,
    1791,
    1913,
    2466,
    2465,
    1922,
    2330,
    3334,
    2372,
    2299,
    2542,
    2496,
    2541,
    2429,
    2493,
    2446,
    2167,
    1625,
    1969,
    2398,
    2452,
    2986,
    2371,
    2287,
    2275,
    2179,
    2258,
    2290,
    2685,
    2022,
    2226,
    2242,
    2418,
    2289,
    2279,
    2208,
    2132,
    2201,
    2256,
    2168,
    2354,
    2236,
    1372,
    1318,
    1382,
    1319,
    1752,
    2340,
    2053,
    1997,
    2228,
    2118,
    2014,
    2081,
    2517,
    2003,
    2018,
    1967,
    1667,
    1988,
    1637,
    1960,
    2005,
    1972,
    1975,
    2142,
    2210,
    1579
  ],
  "frame_begin_times": [
    0,
    49895,
    66570,
    83251,
    99929,
    116574,
    133256,
    149949,
    166636,
    183350,
    200208,
    216823,
    233663,
    250335,
    267049,
    283636,
    300408,
    317110,
    333666,
    350644,
    367027,
    383661,
    400343,
    466742,
    483435,
    500128,
    516812,
    533518,
    550360,
    566993,
    583542,
    600319,
    617069,
    633622,
    650361,
    667121,
    683697,
    700283,
    716987,
    733781,
    750334,
    766972,
    783714,
    800814,
    816908,
    833630,
    850319,
    866852,
    883688,
    916816,
    933493,
    949909,
    983310,
    999909,
    1016578,
    1033261,
    1050484,
    1066803,
    1083595,
    1100402,
    1117083,
    1133566,
    1150241,
    1166967,
    1183525,
    1200257,
    1216970,
    1233620,
    1250399,
    1266981,
    1283638,
    1300374,
    1316936,
    1333589,
    1366846,
    1383535,
    1400328,
    1416946,
    1434026,
    1450259,
    1466910,
    1483481,
    1500193,
    1516948,
    1533684,
    1550249,
    1566916,
    1583547,
    1600212,
    1617114,
    1633583,
    1650266,
    1666919,
    1683776,
    1700254,
    1716820,
    1733565,
    1750771,
    1766921,
    1783475,
    1816582,
    1833326,
    1849968,
    1866767,
    1883542,
    1900226,
    1916897,
    1933709,
    1950239,
    1966998,
    1983697,
    2000465,
    2016936,
    2033621,
    2050188,
    2066819,
    2083635,
    2100251,
    2116897,
    2133706,
    2150229,
    2166823,
    2183654,
    2200209,
    2216865
  ],
  "frame_rasterizer_begin_times": [
    0,
    4245,
    20837,
    37882,
    54119,
    70833,
    87597,
    104340,
    121218,
    137748,
    154417,
    171118,
    188189,
    205015,
    221607,
    238429,
    255121,
    271761,
    288308,
    305478,
    321852,
    338457,
    355071,
    427132,
    438183,
    454495,
    471242,
    488076,
    505491,
    521992,
    538478,
    555204,
    572045,
    588555,
    605376,
    622187,
    638696,
    654795,
    671520,
    688343,
    704846,
    721483,
    738224,
    755271,
    771445,
    788102,
    804828,
    821161,
    841370,
    875830,
    888103,
    925213,
    937433,
    953747,
    970511,
    987136,
    1005008,
    1021289,
    1038257,
    1055447,
    1072149,
    1088762,
    1104803,
    1121488,
    1138100,
    1154805,
    1171511,
    1188140,
    1204915,
    1221518,
    1238177,
    1254937,
    1271472,
    1290846,
    1325716,
    1338603,
    1355283,
    1371916,
    1389306,
    1405216,
    1421839,
    1438394,
    1454791,
    1471897,
    1488684,
    1505132,
    1521927,
    1538634,
    1554701,
    1571601,
    1588140,
    1604749,
    1621432,
    1638365,
    1654801,
    1671335,
    1688206,
    1705316,
    1721461,
    1740254,
    1775790,
    1788377,
    1804323,
    1821470,
    1838553,
    1855247,
    1871860,
    1888815,
    1905296,
    1921995,
    1938722,
    1955576,
    1972000,
    1988630,
    2004710,
    2021192,
    2038254,
    2054665,
    2071524,
    2088353,
    2104930,
    2121427,
    2138338,
    2154878,
    2174782
  ],
  "average_vsync_transitions_missed": 1.1153846153846154,
  "90th_percentile_vsync_transitions_missed": 1.0,
  "99th_percentile_vsync_transitions_missed": 3.0
}