{
  "average_frame_build_time_millis": 1.3069841269841271,
  "90th_percentile_frame_build_time_millis": 1.551,
  "99th_percentile_frame_build_time_millis": 7.154,
  "worst_frame_build_time_millis": 7.985,
  "missed_frame_build_budget_count": 0,
  "average_frame_rasterizer_time_millis": 2.3504566929133848,
  "90th_percentile_frame_rasterizer_time_millis": 2.448,
  "99th_percentile_frame_rasterizer_time_millis": 16.438,
  "worst_frame_rasterizer_time_millis": 39.868,
  "missed_frame_rasterizer_budget_count": 2,
  "frame_count": 126,
  "frame_rasterizer_count": 127,
  "frame_build_times": [
    1002,
    441,
    589,
    542,
    545,
    719,
    727,
    828,
    943,
    267,
    287,
    267,
    274,
    427,
    421,
    488,
    430,
    439,
    420,
    441,
    427,
    430,
    5957,
    1642,
    1380,
    1437,
    1375,
    1067,
    1364,
    1343,
    1346,
    1494,
    1334,
    1369,
    1580,
    1551,
    924,
    954,
    980,
    968,
    1078,
    933,
    973,
    954,
    938,
    944,
    779,
    3889,
    5574,
    1022,
    688,
    516,
    310,
    424,
    409,
    971,
    1060,
    940,
    954,
    1156,
    1575,
    965,
    1020,
    887,
    995,
    1009,
    1014,
    1057,
    1020,
    1022,
    1023,
    1050,
    4180,
    7154,
    1462,
    1371,
    1452,
    1409,
    1406,
    1382,
    1356,
    1045,
    1344,
    1393,
    1454,
    1410,
    1451,
    976,
    999,
    961,
    957,
    996,
    1060,
    1006,
    733,
    956,
    974,
    943,
    4455,
    894,
    7985,
    1729,
    1042,
    1468,
    1401,
    1476,
    1466,
    1484,
    1439,
    1460,
    1484,
    1475,
    1467,
    1035,
    1267,
    1066,
    1057,
    1076,
    836,
    1065,
    1046,
    1101,
    1080,
    1065,
    1057,
    4806
  ],
  "frame_rasterizer_times": [
    1156,
    16438,
    1165,
    364,
    579,
    551,
    425,
    689,
    522,
    579,
    1121,
    1242,
    1156,
    1178,
    1788,
    1778,
    1893,
    1880,
    1731,
    1963,
    1945,
    1765,
    1825,
    1768,
    2415,
    2494,
    2482,
    3505,
    1813,
    2295,
    2271,
    2412,
    2331,
    2353,
    1816,
    2410,
    2255,
    2205,
    2212,
    2690,
    2276,
    2358,
    2211,
    2667,
    2286,
    2178,
    2257,
    1737,
    1444,
    2333,
    39868,
    683,
    466,
    471,
    768,
    721,
    1788,
    1580,
    1552,
    1563,
    1943,
    2301,
    2382,
    2307,
    2540,
    2356,
    2283,
    2483,
    2340,
    2289,
    2360,
    2492,
    2438,
    2151,
    1567,
    1946,
    2351,
    2478,
    3438,
    2261,
    2274,
    2252,
    1724,
    1964,
    2265,
    2425,
    2367,
    2236,
    2237,
    2432,
    2309,
    2251,
    2175,
    2448,
    2252,
    1849,
    2277,
    2624,
    2229,
    1689,
    1366,
    1408,
    1601,
    1559,
    2119,
    2439,
    2141,
    2164,
    2093,
    2062,
    2115,
    2262,
    2054,
    1936,
    1909,
    2040,
    1953,
    1922,
    1931,
    1645,
    1897,
    1929,
    2257,
    2018,
    2040,
    1995,
    2001
  ],
  "frame_begin_times": [
    0,
    16643,
    33348,
    50042,
    66656,
    83405,
    99993,
    116676,
    133382,
    150331,
    166953,
    183549,
    200238,
    217070,
    233805,
    250370,
    267106,
    283756,
    300411,
    317084,
    333740,
    350394,
    416853,
    433918,
    450415,
    466974,
    483758,
    500302,
    517048,
    533758,
    550458,
    567115,
    583883,
    600417,
    617108,
    633781,
    650493,
    667072,
    683863,
    700377,
    717066,
    733723,
    750501,
    767041,
    783648,
    800498,
    816834,
    833704,
    866790,
    883527,
    900105,
    933298,
    949979,
    966707,
    983348,
    1000435,
    1016850,
    1033467,
    1050205,
    1067214,
    1083695,
    1100412,
    1117177,
    1133563,
    1150313,
    1167065,
    1183765,
    1200417,
    1217130,
    1233651,
    1250390,
    1267105,
    1283665,
    1317056,
    1333599,
    1350304,
    1367052,
    1383879,
    1400333,
    1417036,
    1433738,
    1450266,
    1467087,
    1483667,
    1500392,
    1517115,
    1533723,
    1550348,
    1567197,
    1583760,
    1600368,
    1616967,
    1633841,
    1650376,
    1666832,
    1683704,
    1700544,
    1717028,
    1733679,
    1766938,
    1783622,
    1800135,
    1816846,
    1833731,
    1850246,
    1866975,
    1883717,
    1900308,
    1916978,
    1933591,
    1950490,
    1966996,
    1983615,
    2000317,
    2017178,
    2033658,
    2050337,
    2066988,
    2083503,
    2100325,
    2116920,
    2133641,
    2150322,
    2167191,
    2183669,
    2200508
  ],
  "frame_rasterizer_begin_times": [
    0,
    4323,
    20850,
    37293,
    53992,
    70559,
    87475,
    104071,
    120924,
    137694,
    153924,
    170576,
    187143,
    203864,
    220797,
    237568,
    254234,
    270880,
    287587,
    304205,
    320883,
    337558,
    354174,
    425934,
    438898,
    455172,
    471770,
    488510,
    504715,
    521799,
    538492,
    555165,
    571983,
    588616,
    605071,
    622029,
    638707,
    654746,
    671430,
    688143,
    704717,
    721523,
    738018,
    754871,
    771401,
    787951,
    804801,
    820903,
    840929,
    875353,
    887879,
    927864,
    937176,
    953674,
    970444,
    987078,
    1004781,
    1021260,
    1037760,
    1054491,
    1071707,
    1088651,
    1104741,
    1121590,
    1137790,
    1154667,
    1171444,
    1188167,
    1204845,
    1221514,
    1238061,
    1254791,
    1271514,
    1290687,
    1327357,
    1338422,
    1355053,
    1371872,
    1388672,
    1405117,
    1421797,
    1438488,
    1454646,
    1471812,
    1488397,
    1505225,
    1521918,
    1538577,
    1554714,
    1571560,
    1588111,
    1604719,
    1621331,
    1638280,
    1654722,
    1670901,
    1688035,
    1704847,
    1721389,
    1741466,
    1771175,
    1794727,
    1805174,
    1821221,
    1838569,
    1855018,
    1871830,
    1888577,
    1905181,
    1921797,
    1938429,
    1955359,
    1971831,
    1988458,
    2004751,
    2021915,
    2038099,
    2054766,
    2071457,
    2087770,
    2104794,
    2121298,
    2138100,
    2154766,
    2171605,
    2188124,
    2208232
  ],
  "average_vsync_transitions_missed": 1.25,
  "90th_percentile_vsync_transitions_missed": 2.0,
  "99th_percentile_vsync_transitions_missed": 2.0
}