{
  "average_frame_build_time_millis": 1.3572239999999998,
  "90th_percentile_frame_build_time_millis": 1.569,
  "99th_percentile_frame_build_time_millis": 7.288,
  "worst_frame_build_time_millis": 8.615,
  "missed_frame_build_budget_count": 0,
  "average_frame_rasterizer_time_millis": 4.90911904761905,
  "90th_percentile_frame_rasterizer_time_millis": 16.511,
  "99th_percentile_frame_rasterizer_time_millis": 17.134,
  "worst_frame_rasterizer_time_millis": 40.642,
  "missed_frame_rasterizer_budget_count": 23,
  "frame_count": 125,
  "frame_rasterizer_count": 126,
  "frame_build_times": [
    480,
    587,
    784,
    590,
    824,
    780,
    1081,
    1039,
    292,
    242,
    364,
    439,
    449,
    424,
    327,
    485,
    401,
    630,
    463,
    463,
    459,
    7288,
    2142,
    1475,
    1091,
    1534,
    1441,
    1403,
    1439,
    1445,
    1480,
    1433,
    1422,
    1497,
    1440,
    956,
    955,
    998,
    968,
    939,
    948,
    746,
    1104,
    944,
    931,
    973,
    4135,
    6988,
    1327,
    760,
    581,
    320,
    499,
    496,
    996,
    1049,
    1189,
    1545,
    1593,
    1478,
    632,
    770,
    1032,
    1009,
    995,
    1112,
    1032,
    993,
    1024,
    1042,
    994,
    4288,
    4603,
    1362,
    1060,
    1440,
    1465,
    1419,
    1397,
    1462,
    1462,
    1425,
    1416,
    1453,
    1429,
    1448,
    933,
    979,
    1171,
    942,
    959,
    792,
    937,
    942,
    1003,
    991,
    942,
    4365,
    720,
    8615,
    2273,
    1569,
    1659,
    1422,
    1460,
    1528,
    1443,
    1487,
    1554,
    1139,
    1489,
    1511,
    1046,
    1086,
    1150,
    1040,
    1084,
    1096,
    1050,
    1077,
    1253,
    1197,
    1084,
    1072,
    4278
  ],
  "frame_rasterizer_times": [
    16406,
    16511,
    16515,
    16331,
    16620,
    16301,
    16686,
    16180,
    16671,
    16365,
    17071,
    16719,
    16936,
    16969,
    16037,
    16390,
    16641,
    17134,
    16225,
    16467,
    16467,
    16980,
    1934,
    2351,
    2465,
    1776,
    2853,
    2083,
    2236,
    2315,
    2458,
    2290,
    2211,
    2181,
    2440,
    2184,
    2340,
    2260,
    2115,
    2228,
    2186,
    2239,
    2169,
    2298,
    2200,
    2357,
    2308,
    1574,
    1890,
    40642,
    730,
    508,
    493,
    717,
    700,
    1566,
    1549,
    1873,
    2438,
    2622,
    2050,
    1683,
    1953,
    2741,
    2373,
    2258,
    2469,
    2320,
    2276,
    2282,
    2140,
    2305,
    2077,
    1420,
    1820,
    1828,
    2418,
    2983,
    2277,
    2279,
    2471,
    2326,
    2307,
    2236,
    2599,
    2452,
    2215,
    2234,
    1885,
    2187,
    2186,
    2234,
    1875,
    2308,
    2243,
    2244,
    2298,
    2244,
    1422,
    1179,
    1342,
    1731,
    3887,
    1502,
    2513,
    2109,
    2031,
    2020,
    2042,
    2168,
    1560,
    2061,
    1990,
    1852,
    2017,
    2670,
    1851,
    2110,
    2143,
    1962,
    1788,
    2452,
    2136,
    1770,
    1955,
    1389
  ],
  "frame_begin_times": [
    0,
    16612,
    33365,
    50004,
    66680,
    83365,
    100018,
    116666,
    133642,
    150195,
    167041,
    183683,
    200450,
    217325,
    233789,
    250334,
    267147,
    284139,
    300606,
    317053,
    333651,
    400165,
    417044,
    433744,
    450294,
    467065,
    483773,
    500386,
    516898,
    533912,
    550452,
    567229,
    583747,
    600535,
    617051,
    633670,
    650421,
    667002,
    683749,
    700351,
    716976,
    733632,
    750468,
    767152,
    783682,
    800371,
    817018,
    850225,
    866960,
    883421,
    916679,
    933278,
    950018,
    966608,
    983573,
    1000184,
    1016972,
    1033752,
    1050339,
    1067207,
    1083417,
    1100214,
    1117124,
    1133680,
    1150311,
    1167311,
    1183769,
    1200340,
    1216988,
    1233836,
    1250415,
    1267045,
    1300129,
    1316822,
    1333502,
    1350342,
    1367025,
    1383690,
    1400304,
    1416849,
    1433660,
    1450310,
    1466929,
    1483787,
    1500197,
    1516949,
    1533593,
    1550431,
    1567029,
    1583645,
    1600328,
    1617081,
    1633663,
    1650234,
    1667009,
    1683630,
    1700343,
    1716984,
    1750154,
    1766839,
    1783555,
    1800639,
    1816948,
    1833620,
    1850434,
    1867622,
    1883521,
    1900277,
    1916973,
    1933568,
    1950332,
    1966961,
    1983617,
    2000397,
    2016946,
    2033715,
    2050573,
    2067160,
    2083704,
    2100276,
    2117643,
    2133686,
    2150377,
    2167134,
    2184091
  ],
  "frame_rasterizer_begin_times": [
    0,
    16473,
    33146,
    50038,
    66453,
    83339,
    100014,
    116970,
    133582,
    150294,
    166697,
    183822,
    200608,
    217627,
    234745,
    250834,
    267295,
    284072,
    301279,
    317587,
    334127,
    350672,
    422915,
    434989,
    451045,
    467223,
    484412,
    501074,
    517670,
    534134,
    551224,
    567808,
    584510,
    601022,
    617875,
    634373,
    650392,
    667233,
    683871,
    700520,
    717106,
    733766,
    750215,
    767330,
    783973,
    800476,
    817197,
    836916,
    872497,
    884112,
    924875,
    933073,
    949383,
    966302,
    982896,
    1000376,
    1017036,
    1033973,
    1051069,
    1067789,
    1084499,
    1099856,
    1116815,
    1133936,
    1150532,
    1167157,
    1184248,
    1200651,
    1217199,
    1233846,
    1250822,
    1267265,
    1286657,
    1320393,
    1333997,
    1350398,
    1367660,
    1384344,
    1400961,
    1417578,
    1434053,
    1450976,
    1467593,
    1484192,
    1501056,
    1517399,
    1534238,
    1550362,
    1567272,
    1584009,
    1600441,
    1617164,
    1633715,
    1650469,
    1667026,
    1683869,
    1700489,
    1717137,
    1737161,
    1766692,
    1791065,
    1801548,
    1818018,
    1834475,
    1850903,
    1867755,
    1884901,
    1900827,
    1917598,
    1934339,
    1950535,
    1967681,
    1984330,
    2000523,
    2017320,
    2033940,
    2050612,
    2067600,
    2084115,
    2100557,
    2117182,
    2134711,
    2150830,
    2167284,
    2184070,
    2203819
  ],
  "average_vsync_transitions_missed": 1.04,
  "90th_percentile_vsync_transitions_missed": 1.0,
  "99th_percentile_vsync_transitions_missed": 2.0
}