{
  "average_frame_build_time_millis": 1.297385826771654,
  "90th_percentile_frame_build_time_millis": 1.481,
  "99th_percentile_frame_build_time_millis": 6.734,
  "worst_frame_build_time_millis": 7.151,
  "missed_frame_build_budget_count": 0,
  "average_frame_rasterizer_time_millis": 2.372265625,
  "90th_percentile_frame_rasterizer_time_millis": 2.387,
  "99th_percentile_frame_rasterizer_time_millis": 3.505,
  "worst_frame_rasterizer_time_millis": 43.651,
  "missed_frame_rasterizer_budget_count": 1,
  "frame_count": 127,
  "frame_rasterizer_count": 128,
  "frame_build_times": [
    453,
    442,
    459,
    490,
    451,
    572,
    454,
    436,
    440,
    7151,
    2463,
    1402,
    1435,
    1425,
    1066,
    1382,
    1432,
    1369,
    1458,
    1366,
    1388,
    1456,
    1424,
    921,
    940,
    973,
    970,
    953,
    921,
    765,
    914,
    939,
    925,
    787,
    4018,
    2368,
    596,
    359,
    239,
    147,
    191,
    184,
    428,
    392,
    390,
    479,
    619,
    672,
    3955,
    1525,
    1327,
    1061,
    1302,
    1070,
    1347,
    1374,
    1261,
    1352,
    1354,
    1342,
    1309,
    1288,
    972,
    1111,
    946,
    911,
    1202,
    935,
    973,
    950,
    777,
    964,
    900,
    4177,
    6734,
    1239,
    1043,
    1440,
    980,
    1340,
    1402,
    1414,
    1331,
    1345,
    1165,
    1371,
    1343,
    1422,
    816,
    682,
    914,
    914,
    997,
    915,
    963,
    953,
    1021,
    986,
    930,
    4138,
    650,
    6053,
    2084,
    954,
    993,
    1370,
    1376,
    1041,
    1404,
    1420,
    1463,
    1481,
    1360,
    1408,
    1017,
    1042,
    1038,
    991,
    1047,
    1069,
    1000,
    1004,
    1644,
    966,
    1002,
    983,
    3921
  ],
  "frame_rasterizer_times": [
    1393,
    1726,
    1746,
    1875,
    1805,
    1847,
    1987,
    1883,
    1613,
    1876,
    1953,
    2354,
    2119,
    2397,
    3505,
    1784,
    2273,
    2309,
    2343,
    2271,
    2332,
    2183,
    2387,
    2261,
    2170,
    2213,
    2403,
    2247,
    2210,
    2232,
    1903,
    2129,
    2265,
    2129,
    1812,
    1589,
    1230,
    43651,
    674,
    1699,
    1257,
    1763,
    1820,
    2063,
    1280,
    1996,
    1302,
    1579,
    1909,
    1833,
    3396,
    3076,
    1844,
    2196,
    1674,
    2463,
    2441,
    2374,
    2310,
    2719,
    2386,
    2486,
    2284,
    2607,
    2294,
    2205,
    2302,
    2100,
    2194,
    2219,
    2227,
    1948,
    2171,
    2279,
    2297,
    1582,
    1790,
    2021,
    2525,
    2130,
    2107,
    2436,
    2228,
    2150,
    2163,
    1723,
    2219,
    2176,
    2103,
    2162,
    2290,
    1929,
    2272,
    2272,
    2172,
    2109,
    2341,
    2240,
    2113,
    2168,
    1570,
    1227,
    1188,
    1619,
    1464,
    1601,
    1953,
    1976,
    1650,
    2005,
    2043,
    2141,
    2112,
    1994,
    1955,
    2149,
    2031,
    1717,
    1933,
    2116,
    2105,
    1873,
    1878,
    2091,
    1976,
    1883,
    2004,
    1903
  ],
  "frame_begin_times": [
    0,
    16646,
    33314,
    50022,
    66636,
    83310,
    100094,
    116658,
    133312,
    199741,
    216858,
    233317,
    249935,
    266579,
    283413,
    299969,
    316478,
    333265,
    350026,
    366592,
    383325,
    399917,
    416664,
    433295,
    450001,
    466740,
    483274,
    499941,
    516597,
    533274,
    549998,
    566652,
    583237,
    599951,
    616605,
    633038,
    649947,
    666323,
    699513,
    716208,
    732912,
    749556,
    766552,
    783220,
    799734,
    816491,
    833244,
    850295,
    866514,
    883211,
    899961,
    916535,
    933240,
    949959,
    966562,
    983286,
    999890,
    1016612,
    1033317,
    1049989,
    1066618,
    1083309,
    1100250,
    1116577,
    1133259,
    1149849,
    1166953,
    1183225,
    1199969,
    1216571,
    1233137,
    1249901,
    1266542,
    1283209,
    1316315,
    1333040,
    1349815,
    1366600,
    1383023,
    1399881,
    1416792,
    1433350,
    1449908,
    1466573,
    1483387,
    1499822,
    1516571,
    1533205,
    1549869,
    1566492,
    1583270,
    1600018,
    1616706,
    1633217,
    1649873,
    1666617,
    1683238,
    1699832,
    1716482,
    1733414,
    1749707,
    1766305,
    1783089,
    1799712,
    1816421,
    1833180,
    1849763,
    1866436,
    1883253,
    1899863,
    1916480,
    1933214,
    1949871,
    1966483,
    1983253,
    1999911,
    2016515,
    2033188,
    2049983,
    2066511,
    2083098,
    2099866,
    2116705,
    2133188,
    2149796,
    2166504,
    2183088
  ],
  "frame_rasterizer_begin_times": [
    0,
    16925,
    33591,
    50273,
    66969,
    83583,
    100389,
    117008,
    133609,
    150240,
    223110,
    235830,
    251223,
    267873,
    284528,
    300940,
    317761,
    334379,
    351137,
    367994,
    384452,
    401217,
    417866,
    434606,
    450687,
    467472,
    484209,
    500735,
    517341,
    534022,
    550482,
    567429,
    584090,
    600674,
    617224,
    637079,
    651908,
    667046,
    710806,
    716178,
    732888,
    749530,
    766269,
    783436,
    800059,
    816579,
    833430,
    850370,
    867449,
    886606,
    901210,
    917758,
    934068,
    951011,
    967512,
    984325,
    1001131,
    1017552,
    1034309,
    1051058,
    1067830,
    1084400,
    1101110,
    1117677,
    1134151,
    1150733,
    1167245,
    1184551,
    1200648,
    1217440,
    1233984,
    1250295,
    1267292,
    1283927,
    1303300,
    1339282,
    1350691,
    1367354,
    1384535,
    1400444,
    1417634,
    1434700,
    1451264,
    1467765,
    1484420,
    1501036,
    1517580,
    1534416,
    1551110,
    1567078,
    1583668,
    1600673,
    1617418,
    1634172,
    1650634,
    1667271,
    1684086,
    1700730,
    1717187,
    1733881,
    1754022,
    1766848,
    1788678,
    1801573,
    1817140,
    1833875,
    1851065,
    1867631,
    1883963,
    1901164,
    1917789,
    1934405,
    1951194,
    1967720,
    1984400,
    2000773,
    2017473,
    2034053,
    2050667,
    2067566,
    2084069,
    2100588,
    2117359,
    2134673,
    2150661,
    2167283,
    2183987,
    2203041
  ],
  "average_vsync_transitions_missed": 1.5,
  "90th_percentile_vsync_transitions_missed": 2.0,
  "99th_percentile_vsync_transitions_missed": 2.0
}