{
  "average_frame_build_time_millis": 1.3504479999999996,
  "90th_percentile_frame_build_time_millis": 1.831,
  "99th_percentile_frame_build_time_millis": 5.991,
  "worst_frame_build_time_millis": 7.353,
  "missed_frame_build_budget_count": 0,
  "average_frame_rasterizer_time_millis": 7.524511999999999,
  "90th_percentile_frame_rasterizer_time_millis": 16.756,
  "99th_percentile_frame_rasterizer_time_millis": 17.983,
  "worst_frame_rasterizer_time_millis": 43.642,
  "missed_frame_rasterizer_budget_count": 40,
  "frame_count": 125,
  "frame_rasterizer_count": 125,
  "frame_build_times": [
    918,
    460,
    602,
    781,
    540,
    831,
    839,
    1062,
    1008,
    278,
    301,
    363,
    432,
    483,
    434,
    516,
    460,
    458,
    450,
    458,
    366,
    529,
    7353,
    2103,
    1658,
    1488,
    1392,
    1431,
    1503,
    1409,
    1831,
    1409,
    1533,
    1422,
    1388,
    1420,
    772,
    945,
    949,
    942,
    1013,
    923,
    955,
    929,
    955,
    935,
    965,
    4015,
    5712,
    1705,
    837,
    527,
    306,
    436,
    507,
    1065,
    1012,
    1231,
    1607,
    1610,
    1846,
    1064,
    1045,
    1029,
    1097,
    1116,
    988,
    1004,
    961,
    1021,
    1033,
    1014,
    4319,
    5991,
    1107,
    965,
    1116,
    1531,
    1469,
    1498,
    1415,
    1426,
    1614,
    1417,
    1485,
    1430,
    1887,
    948,
    958,
    933,
    791,
    1022,
    996,
    984,
    1007,
    979,
    973,
    1055,
    4532,
    5422,
    2219,
    1141,
    1122,
    1433,
    1430,
    1438,
    1412,
    1418,
    1142,
    1432,
    1445,
    1422,
    1506,
    1036,
    1069,
    1111,
    1069,
    1041,
    1041,
    1108,
    1177,
    1040,
    1058,
    1303,
    4943
  ],
  "frame_rasterizer_times": [
    16500,
    16406,
    16719,
    16607,
    16617,
    16285,
    16756,
    16060,
    16713,
    16422,
    16868,
    17624,
    15984,
    16320,
    16791,
    17218,
    15962,
    16539,
    16455,
    16868,
    16614,
    16475,
    1575,
    2263,
    2546,
    2460,
    2797,
    2223,
    2394,
    2256,
    2549,
    2310,
    2013,
    2313,
    2241,
    2168,
    1727,
    2338,
    2255,
    2257,
    2302,
    2156,
    2144,
    2404,
    2288,
    2156,
    2183,
    1973,
    1652,
    43642,
    759,
    16526,
    16795,
    16570,
    17385,
    16359,
    16777,
    16701,
    16390,
    17041,
    16314,
    16080,
    16585,
    17983,
    15295,
    16314,
    16611,
    17232,
    15968,
    16576,
    16500,
    16436,
    14167,
    1389,
    1623,
    1586,
    2071,
    2806,
    2680,
    2292,
    2458,
    2309,
    2399,
    2374,
    2596,
    2273,
    1785,
    2279,
    2364,
    2203,
    1948,
    2305,
    2355,
    2260,
    2304,
    2232,
    2272,
    2819,
    1647,
    1145,
    1504,
    1539,
    1632,
    2374,
    1625,
    2185,
    2069,
    2089,
    2104,
    2091,
    2079,
    2212,
    2004,
    1802,
    2099,
    2910,
    2259,
    2010,
    2048,
    2045,
    1876,
    1865,
    2121,
    1706,
    1790
  ],
  "frame_begin_times": [
    0,
    16673,
    33393,
    50034,
    66743,
    83407,
    100028,
    116786,
    133413,
    150388,
    166907,
    183684,
    200967,
    217139,
    233728,
    250408,
    268030,
    283877,
    300603,
    317092,
    334246,
    350404,
    416855,
    433769,
    450425,
    467097,
    483817,
    500451,
    517256,
    533727,
    550636,
    567142,
    583908,
    600542,
    617087,
    633826,
    650699,
    667089,
    683961,
    700467,
    717170,
    733786,
    750475,
    767140,
    783775,
    800472,
    817108,
    833858,
    866852,
    883803,
    900175,
    933385,
    950007,
    966702,
    983424,
    1000466,
    1016915,
    1033658,
    1050365,
    1067053,
    1084033,
    1100569,
    1117063,
    1133790,
    1150772,
    1167418,
    1183768,
    1200416,
    1217424,
    1233778,
    1250385,
    1267019,
    1283681,
    1316927,
    1333541,
    1350263,
    1366868,
    1383786,
    1400652,
    1417069,
    1433717,
    1450437,
    1467480,
    1483620,
    1500400,
    1517057,
    1534169,
    1550471,
    1567043,
    1583738,
    1600415,
    1617045,
    1633687,
    1650379,
    1667078,
    1683729,
    1700382,
    1717246,
    1733746,
    1766784,
    1783646,
    1800221,
    1816897,
    1833590,
    1850753,
    1867103,
    1883662,
    1900333,
    1916952,
    1933675,
    1950311,
    1967016,
    1983815,
    2000375,
    2017024,
    2034019,
    2050402,
    2066891,
    2083673,
    2100745,
    2117001,
    2133698,
    2150439,
    2167509,
    2183595
  ],
  "frame_rasterizer_begin_times": [
    0,
    16603,
    33081,
    49899,
    66576,
    83414,
    99963,
    117024,
    133598,
    150341,
    166797,
    183718,
    201496,
    217560,
    234036,
    250897,
    268165,
    284202,
    300814,
    317343,
    334267,
    350983,
    423014,
    434942,
    451155,
    467748,
    484354,
    500992,
    517925,
    534287,
    551498,
    567727,
    584612,
    601130,
    617631,
    634389,
    650571,
    667183,
    684067,
    700558,
    717388,
    733898,
    750579,
    767232,
    783889,
    800569,
    817155,
    836899,
    871418,
    884671,
    928427,
    932999,
    949576,
    966467,
    983108,
    1000592,
    1017100,
    1034113,
    1051125,
    1067827,
    1084941,
    1101378,
    1117555,
    1134202,
    1152399,
    1167754,
    1184145,
    1200830,
    1218122,
    1234212,
    1250867,
    1267438,
    1286577,
    1321884,
    1333791,
    1350335,
    1367128,
    1384365,
    1401258,
    1417732,
    1434277,
    1451026,
    1468518,
    1484197,
    1501051,
    1517637,
    1535123,
    1550533,
    1567163,
    1583846,
    1600334,
    1617183,
    1633860,
    1650525,
    1667275,
    1683870,
    1700483,
    1717454,
    1737399,
    1771203,
    1784928,
    1800502,
    1817131,
    1834145,
    1851340,
    1867695,
    1884240,
    1900898,
    1917227,
    1934271,
    1950874,
    1967604,
    1984485,
    2000598,
    2017282,
    2034244,
    2050647,
    2067113,
    2083901,
    2101019,
    2117325,
    2133921,
    2150665,
    2167948,
    2187226
  ],
  "average_vsync_transitions_missed": 1.0212765957446808,
  "90th_percentile_vsync_transitions_missed": 1.0,
  "99th_percentile_vsync_transitions_missed": 2.0
}