{
  "average_frame_build_time_millis": 1.305103174603175,
  "90th_percentile_frame_build_time_millis": 1.543,
  "99th_percentile_frame_build_time_millis": 5.646,
  "worst_frame_build_time_millis": 7.394,
  "missed_frame_build_budget_count": 0,
  "average_frame_rasterizer_time_millis": 2.3760158730158727,
  "90th_percentile_frame_rasterizer_time_millis": 2.534,
  "99th_percentile_frame_rasterizer_time_millis": 16.467,
  "worst_frame_rasterizer_time_millis": 41.383,
  "missed_frame_rasterizer_budget_count": 2,
  "frame_count": 126,
  "frame_rasterizer_count": 126,
  "frame_build_times": [
    745,
    445,
    705,
    552,
    581,
    758,
    713,
    1010,
    934,
    285,
    261,
    333,
    323,
    417,
    469,
    423,
    434,
    459,
    464,
    474,
    424,
    456,
    5646,
    2070,
    1127,
    1176,
    1405,
    1481,
    1414,
    1542,
    1472,
    1415,
    1376,
    1571,
    1425,
    1404,
    990,
    1150,
    970,
    1030,
    998,
    987,
    996,
    1008,
    951,
    1014,
    982,
    4084,
    4887,
    1293,
    766,
    559,
    333,
    453,
    439,
    1007,
    1011,
    1206,
    1064,
    1153,
    1037,
    808,
    1037,
    1031,
    1004,
    999,
    1024,
    1024,
    1006,
    1035,
    1037,
    984,
    4158,
    5494,
    1472,
    1543,
    1449,
    1350,
    1405,
    1464,
    1400,
    1386,
    1360,
    1393,
    1497,
    1400,
    1400,
    1001,
    971,
    924,
    932,
    1038,
    937,
    964,
    938,
    759,
    928,
    1067,
    4788,
    693,
    7394,
    2262,
    1361,
    1478,
    1414,
    1598,
    1495,
    1443,
    1482,
    1334,
    1456,
    1438,
    1427,
    825,
    1067,
    1048,
    1038,
    1039,
    1010,
    1046,
    1086,
    1139,
    888,
    1081,
    1073,
    4864
  ],
  "frame_rasterizer_times": [
    16467,
    1210,
    481,
    676,
    585,
    438,
    719,
    546,
    558,
    1264,
    1168,
    1332,
    1412,
    1940,
    1650,
    1828,
    1723,
    2025,
    1927,
    1836,
    1772,
    2200,
    2033,
    2783,
    1620,
    2157,
    3592,
    2208,
    2247,
    2392,
    2433,
    2245,
    2183,
    2491,
    2314,
    2193,
    2412,
    2051,
    2198,
    2151,
    2143,
    1729,
    2206,
    2162,
    2154,
    2282,
    2183,
    1634,
    1424,
    41383,
    768,
    624,
    467,
    709,
    668,
    1524,
    1571,
    2072,
    1770,
    1888,
    1558,
    1824,
    2379,
    3368,
    2492,
    2591,
    2568,
    2261,
    2317,
    2468,
    2333,
    2346,
    2168,
    1537,
    2014,
    2202,
    2585,
    3014,
    2314,
    2499,
    2331,
    2309,
    2416,
    2534,
    2564,
    2176,
    2293,
    2552,
    2263,
    2805,
    2221,
    2367,
    2148,
    2236,
    2233,
    1859,
    2284,
    2423,
    1591,
    1298,
    1287,
    1945,
    1879,
    1963,
    2382,
    2192,
    2095,
    2035,
    2132,
    1758,
    2066,
    2087,
    1927,
    1572,
    1965,
    1917,
    1947,
    2077,
    1966,
    1901,
    2298,
    2003,
    1508,
    1976,
    2182,
    1756
  ],
  "frame_begin_times": [
    0,
    16572,
    33248,
    49927,
    66594,
    83244,
    99904,
    116625,
    133313,
    150266,
    166783,
    183510,
    200231,
    217049,
    233747,
    250306,
    267016,
    283772,
    300358,
    316973,
    333674,
    350547,
    416712,
    433653,
    450225,
    466865,
    483796,
    500340,
    516993,
    533750,
    550250,
    566921,
    583631,
    600374,
    616916,
    633604,
    650233,
    667163,
    683640,
    700288,
    716944,
    733678,
    750320,
    766944,
    783610,
    800272,
    816938,
    833632,
    866706,
    883499,
    900027,
    933242,
    949867,
    966596,
    983236,
    1000201,
    1016825,
    1033494,
    1050119,
    1066820,
    1083412,
    1100126,
    1116982,
    1133598,
    1150275,
    1166907,
    1183674,
    1200340,
    1216959,
    1233719,
    1250312,
    1266929,
    1283590,
    1316627,
    1333335,
    1350309,
    1367712,
    1383481,
    1400359,
    1416907,
    1433649,
    1450523,
    1466899,
    1483550,
    1500480,
    1516944,
    1533575,
    1550831,
    1567023,
    1583576,
    1600322,
    1617450,
    1633590,
    1650397,
    1666976,
    1684045,
    1700284,
    1716835,
    1733506,
    1766738,
    1783537,
    1800045,
    1816765,
    1833606,
    1850098,
    1867006,
    1883564,
    1900205,
    1916908,
    1933915,
    1950203,
    1967023,
    1983602,
    2000153,
    2016931,
    2033520,
    2050189,
    2066927,
    2083550,
    2100212,
    2116947,
    2133597,
    2150188,
    2166855,
    2183661,
    2200267
  ],
  "frame_rasterizer_begin_times": [
    0,
    16503,
    33247,
    49745,
    66445,
    83272,
    99942,
    116930,
    133526,
    149809,
    166288,
    183096,
    199834,
    216758,
    233508,
    249942,
    266742,
    283517,
    300061,
    316764,
    333411,
    350282,
    421276,
    435017,
    450594,
    467255,
    484495,
    501116,
    517704,
    534600,
    551012,
    567644,
    584303,
    601251,
    617629,
    634304,
    650566,
    667577,
    683895,
    700514,
    717205,
    733939,
    750614,
    767227,
    783857,
    800563,
    817170,
    836997,
    870595,
    884046,
    925556,
    933068,
    949453,
    966331,
    982905,
    1000417,
    1017111,
    1033933,
    1050433,
    1067217,
    1083728,
    1100202,
    1117316,
    1133939,
    1150491,
    1167188,
    1183998,
    1200664,
    1217280,
    1234063,
    1250646,
    1267235,
    1286557,
    1321172,
    1334100,
    1351157,
    1368434,
    1384045,
    1400959,
    1417583,
    1434331,
    1451227,
    1467558,
    1484258,
    1501227,
    1517642,
    1534268,
    1551149,
    1567289,
    1583798,
    1600552,
    1617727,
    1633845,
    1650659,
    1667213,
    1684080,
    1700511,
    1717084,
    1737542,
    1766647,
    1789985,
    1801556,
    1817408,
    1834369,
    1850800,
    1867892,
    1884349,
    1900944,
    1917691,
    1934574,
    1950944,
    1967734,
    1984325,
    2000277,
    2017282,
    2033853,
    2050535,
    2067309,
    2083864,
    2100570,
    2117381,
    2134032,
    2150333,
    2167213,
    2184008,
    2203976
  ],
  "average_vsync_transitions_missed": 1.25,
  "90th_percentile_vsync_transitions_missed": 2.0,
  "99th_percentile_vsync_transitions_missed": 2.0
}