{
  "average_frame_build_time_millis": 1.310730158730159,
  "90th_percentile_frame_build_time_millis": 1.615,
  "99th_percentile_frame_build_time_millis": 6.323,
  "worst_frame_build_time_millis": 7.084,
  "missed_frame_build_budget_count": 0,
  "average_frame_rasterizer_time_millis": 2.24188,
  "90th_percentile_frame_rasterizer_time_millis": 2.422,
  "99th_percentile_frame_rasterizer_time_millis": 4.815,
  "worst_frame_rasterizer_time_millis": 42.819,
  "missed_frame_rasterizer_budget_count": 1,
  "frame_count": 126,
  "frame_rasterizer_count": 125,
  "frame_build_times": [
    1300,
    909,
    465,
    593,
    677,
    678,
    790,
    793,
    922,
    975,
    116,
    321,
    332,
    424,
    450,
    463,
    458,
    441,
    465,
    473,
    495,
    460,
    471,
    7084,
    1811,
    1389,
    1458,
    1459,
    1460,
    1441,
    1403,
    1365,
    1052,
    1441,
    1337,
    1442,
    1460,
    941,
    939,
    771,
    952,
    938,
    1010,
    960,
    953,
    979,
    938,
    755,
    3939,
    6323,
    1599,
    817,
    490,
    331,
    421,
    428,
    990,
    1028,
    1147,
    1298,
    1540,
    1594,
    984,
    1015,
    1012,
    767,
    593,
    1016,
    1009,
    973,
    990,
    975,
    874,
    4316,
    5056,
    1634,
    1063,
    1431,
    1624,
    1421,
    1416,
    1482,
    1492,
    1412,
    1424,
    1363,
    1512,
    1259,
    970,
    952,
    1036,
    936,
    973,
    939,
    976,
    960,
    1008,
    985,
    992,
    4374,
    5258,
    1905,
    906,
    1080,
    1514,
    1530,
    1444,
    1481,
    1118,
    1465,
    1438,
    1458,
    1495,
    1615,
    1058,
    1234,
    1287,
    1115,
    1105,
    1138,
    1138,
    1116,
    1091,
    1095,
    1119,
    4581
  ],
  "frame_rasterizer_times": [
    480,
    468,
    369,
    733,
    737,
    437,
    747,
    671,
    589,
    510,
    1189,
    1433,
    1744,
    1812,
    1743,
    1938,
    1790,
    1812,
    1705,
    1858,
    1784,
    1812,
    1637,
    2399,
    2185,
    2444,
    3448,
    2653,
    2214,
    2190,
    2178,
    1759,
    2243,
    2232,
    2212,
    2336,
    2198,
    2183,
    1921,
    1967,
    2212,
    2310,
    2452,
    2273,
    2215,
    2245,
    1955,
    1687,
    1759,
    42819,
    717,
    954,
    477,
    707,
    679,
    1750,
    1679,
    1845,
    1881,
    2667,
    2363,
    2422,
    2272,
    4815,
    1916,
    1422,
    2328,
    2430,
    2311,
    2284,
    2265,
    2377,
    2134,
    1511,
    1870,
    1868,
    2354,
    3117,
    2391,
    2248,
    2243,
    2526,
    2280,
    2307,
    2320,
    2678,
    1783,
    2171,
    2161,
    2362,
    2236,
    2235,
    2211,
    2393,
    2175,
    2198,
    2741,
    2334,
    1628,
    1140,
    1437,
    1313,
    1577,
    2151,
    2101,
    2023,
    2000,
    1708,
    2051,
    2001,
    2109,
    1637,
    1934,
    1898,
    2141,
    2088,
    1933,
    1915,
    2188,
    1981,
    1951,
    1928,
    1894,
    2001,
    1412
  ],
  "frame_begin_times": [
    0,
    49889,
    66533,
    83182,
    99897,
    116546,
    133253,
    149839,
    166677,
    183314,
    199940,
    216885,
    233597,
    250316,
    266914,
    283612,
    300561,
    317000,
    333646,
    350311,
    366936,
    383560,
    400279,
    466731,
    483697,
    500258,
    516968,
    533571,
    550494,
    566997,
    583612,
    600345,
    616890,
    633703,
    650275,
    666937,
    683711,
    700346,
    717000,
    733708,
    750325,
    766915,
    784186,
    800422,
    816921,
    833789,
    850311,
    866811,
    883600,
    916795,
    933601,
    949979,
    983187,
    999858,
    1016556,
    1033293,
    1050242,
    1066763,
    1083508,
    1100068,
    1117196,
    1133590,
    1150303,
    1166886,
    1184045,
    1200179,
    1216714,
    1233667,
    1250496,
    1266948,
    1283614,
    1300257,
    1316911,
    1333586,
    1366568,
    1383539,
    1400107,
    1416930,
    1433629,
    1450201,
    1466877,
    1483555,
    1500604,
    1516958,
    1533581,
    1550311,
    1567034,
    1583594,
    1600267,
    1616921,
    1634107,
    1650219,
    1666890,
    1683508,
    1700301,
    1716919,
    1733575,
    1750250,
    1766902,
    1783553,
    1816558,
    1833380,
    1850010,
    1866763,
    1883945,
    1900034,
    1916833,
    1933673,
    1950282,
    1966911,
    1983601,
    2000230,
    2016892,
    2033600,
    2050179,
    2067018,
    2083671,
    2100189,
    2116927,
    2133793,
    2150185,
    2166904,
    2183593,
    2200414,
    2216807,
    2233485
  ],
  "frame_rasterizer_begin_times": [
    0,
    16198,
    33006,
    49833,
    66456,
    83266,
    99810,
    116778,
    133474,
    149293,
    166415,
    183054,
    199988,
    216594,
    233309,
    250232,
    266686,
    283372,
    300031,
    316672,
    333251,
    349983,
    422805,
    434748,
    450894,
    467568,
    484201,
    501247,
    517596,
    534164,
    550983,
    567185,
    584392,
    600863,
    617485,
    634432,
    650535,
    667173,
    683684,
    700539,
    717095,
    734403,
    750541,
    767124,
    783976,
    800442,
    816853,
    836688,
    872089,
    884450,
    927385,
    932851,
    949398,
    966181,
    982975,
    1000454,
    1016982,
    1033894,
    1050571,
    1067993,
    1084436,
    1100537,
    1117045,
    1134290,
    1150154,
    1166507,
    1183944,
    1200739,
    1217193,
    1233853,
    1250457,
    1267032,
    1286633,
    1320636,
    1334381,
    1350402,
    1367609,
    1384509,
    1400869,
    1417459,
    1434293,
    1451315,
    1467622,
    1484255,
    1500890,
    1517804,
    1534042,
    1550502,
    1567137,
    1584384,
    1600400,
    1617125,
    1633680,
    1650518,
    1667129,
    1683780,
    1700488,
    1717125,
    1737156,
    1770904,
    1784473,
    1800126,
    1817058,
    1834629,
    1850772,
    1867538,
    1884364,
    1900607,
    1917578,
    1934292,
    1950937,
    1967657,
    1984463,
    2000513,
    2017494,
    2034149,
    2050558,
    2067265,
    2084170,
    2100619,
    2117247,
    2133945,
    2150687,
    2167151,
    2186950
  ],
  "average_vsync_transitions_missed": 1.3333333333333333,
  "90th_percentile_vsync_transitions_missed": 2.0,
  "99th_percentile_vsync_transitions_missed": 2.0
}