{
  "average_frame_build_time_millis": 1.340928,
  "90th_percentile_frame_build_time_millis": 1.607,
  "99th_percentile_frame_build_time_millis": 6.758,
  "worst_frame_build_time_millis": 8.646,
  "missed_frame_build_budget_count": 0,
  "average_frame_rasterizer_time_millis": 4.944142857142859,
  "90th_percentile_frame_rasterizer_time_millis": 16.587,
  "99th_percentile_frame_rasterizer_time_millis": 18.368,
  "worst_frame_rasterizer_time_millis": 44.088,
  "missed_frame_rasterizer_budget_count": 21,
  "frame_count": 125,
  "frame_rasterizer_count": 126,
  "frame_build_times": [
    499,
    603,
    584,
    565,
    743,
    762,
    765,
    946,
    122,
    283,
    282,
    330,
    414,
    558,
    426,
    428,
    451,
    434,
    466,
    454,
    440,
    6141,
    1935,
    1418,
    1337,
    1044,
    1350,
    1370,
    1330,
    1438,
    972,
    1322,
    1409,
    1422,
    1351,
    900,
    944,
    971,
    905,
    928,
    864,
    945,
    898,
    680,
    717,
    881,
    4070,
    6454,
    1607,
    733,
    499,
    288,
    432,
    387,
    1044,
    1009,
    1202,
    2169,
    1411,
    1754,
    1046,
    1133,
    987,
    983,
    976,
    969,
    965,
    961,
    1126,
    987,
    1053,
    4338,
    6758,
    1226,
    1136,
    1514,
    1387,
    1404,
    1388,
    1495,
    1406,
    1337,
    1338,
    1414,
    1404,
    1370,
    943,
    984,
    932,
    950,
    983,
    957,
    994,
    911,
    1338,
    922,
    926,
    4443,
    939,
    8646,
    2147,
    1169,
    1101,
    1450,
    1483,
    1474,
    1576,
    1441,
    1553,
    1488,
    1431,
    1526,
    1083,
    1055,
    1042,
    818,
    1061,
    1049,
    1269,
    1048,
    1091,
    1065,
    1069,
    1067,
    5005
  ],
  "frame_rasterizer_times": [
    15992,
    1282,
    369,
    595,
    560,
    457,
    701,
    423,
    545,
    615,
    1245,
    1183,
    1416,
    1824,
    1906,
    1761,
    1789,
    1939,
    1889,
    1857,
    1793,
    2216,
    2037,
    2933,
    2494,
    2465,
    3263,
    2264,
    2235,
    2318,
    2291,
    1692,
    2246,
    2433,
    2312,
    2149,
    2212,
    2443,
    2310,
    2206,
    2258,
    2064,
    2209,
    2121,
    1665,
    1853,
    2246,
    1634,
    1936,
    44088,
    760,
    16603,
    16606,
    17133,
    16860,
    16447,
    16807,
    18368,
    14869,
    16616,
    16491,
    16568,
    16286,
    17228,
    16048,
    16606,
    16784,
    16267,
    16998,
    16338,
    16419,
    16587,
    14468,
    1648,
    1830,
    2000,
    2221,
    3009,
    2470,
    2138,
    2360,
    2377,
    2316,
    2626,
    2450,
    2547,
    2213,
    2680,
    2261,
    2063,
    2308,
    3093,
    2282,
    2413,
    3040,
    1791,
    2428,
    2106,
    1574,
    1327,
    1435,
    1864,
    1685,
    1602,
    2192,
    2210,
    2099,
    2029,
    1997,
    2094,
    2065,
    1981,
    1946,
    1645,
    1952,
    1921,
    1505,
    2008,
    1896,
    2358,
    2168,
    2023,
    1937,
    1897,
    2152,
    1839
  ],
  "frame_begin_times": [
    0,
    16688,
    33401,
    50070,
    66769,
    83442,
    100051,
    116721,
    133401,
    150664,
    167017,
    183644,
    200458,
    217190,
    233808,
    250485,
    267090,
    283824,
    300451,
    317085,
    334037,
    400441,
    417134,
    433784,
    450432,
    467130,
    483784,
    500423,
    517135,
    533758,
    550385,
    567185,
    583820,
    600393,
    617181,
    633713,
    650574,
    667147,
    683709,
    700454,
    717568,
    733755,
    750417,
    766986,
    783651,
    800371,
    817125,
    850196,
    867026,
    883536,
    916689,
    933474,
    950138,
    966700,
    983624,
    1000220,
    1017015,
    1034211,
    1050271,
    1067033,
    1083886,
    1100577,
    1117034,
    1133745,
    1150362,
    1167124,
    1184050,
    1200311,
    1217304,
    1233767,
    1250331,
    1267007,
    1300380,
    1316852,
    1333556,
    1350518,
    1367016,
    1383742,
    1400449,
    1417230,
    1433713,
    1450364,
    1467008,
    1483760,
    1500345,
    1517081,
    1534000,
    1550467,
    1567023,
    1583877,
    1600825,
    1617074,
    1633707,
    1650275,
    1667401,
    1683691,
    1700337,
    1717015,
    1750339,
    1766892,
    1783581,
    1800241,
    1816908,
    1833690,
    1850412,
    1867075,
    1883522,
    1900382,
    1917230,
    1933646,
    1950369,
    1967156,
    1983851,
    2000280,
    2016989,
    2033555,
    2050395,
    2067082,
    2083720,
    2100343,
    2117070,
    2133704,
    2150278,
    2167065,
    2183690
  ],
  "frame_rasterizer_begin_times": [
    0,
    16039,
    32545,
    49203,
    65873,
    82696,
    99388,
    116037,
    132879,
    148714,
    166166,
    182598,
    199227,
    216124,
    232902,
    249516,
    266166,
    282690,
    299536,
    316151,
    332716,
    349647,
    421538,
    434326,
    450332,
    466939,
    483389,
    500390,
    517061,
    533733,
    550438,
    566597,
    583762,
    600490,
    617065,
    633836,
    649842,
    666769,
    683368,
    699868,
    716558,
    733770,
    749961,
    766558,
    782906,
    799578,
    816492,
    836414,
    871465,
    883878,
    928022,
    932405,
    949082,
    965761,
    982944,
    999869,
    1016427,
    1033397,
    1052039,
    1066985,
    1083957,
    1100526,
    1117167,
    1133512,
    1150817,
    1166947,
    1183691,
    1200543,
    1216892,
    1233961,
    1250379,
    1266875,
    1286094,
    1322163,
    1333315,
    1349968,
    1367287,
    1383658,
    1400402,
    1417066,
    1433952,
    1450389,
    1466942,
    1483604,
    1500432,
    1516878,
    1533709,
    1550197,
    1566705,
    1583211,
    1600082,
    1617177,
    1633198,
    1649976,
    1666424,
    1683956,
    1699873,
    1716516,
    1736680,
    1766531,
    1790581,
    1800930,
    1816620,
    1833178,
    1850395,
    1867156,
    1883719,
    1900349,
    1917085,
    1934046,
    1950387,
    1967057,
    1983841,
    2000086,
    2016574,
    2033285,
    2049616,
    2066709,
    2083391,
    2100073,
    2116616,
    2133383,
    2149978,
    2166626,
    2183408,
    2203440
  ],
  "average_vsync_transitions_missed": 1.1153846153846154,
  "90th_percentile_vsync_transitions_missed": 1.0,
  "99th_percentile_vsync_transitions_missed": 3.0
}