{
  "average_frame_build_time_millis": 1.3359285714285711,
  "90th_percentile_frame_build_time_millis": 1.621,
  "99th_percentile_frame_build_time_millis": 6.098,
  "worst_frame_build_time_millis": 6.57,
  "missed_frame_build_budget_count": 0,
  "average_frame_rasterizer_time_millis": 4.978103174603171,
  "90th_percentile_frame_rasterizer_time_millis": 16.558,
  "99th_percentile_frame_rasterizer_time_millis": 17.733,
  "worst_frame_rasterizer_time_millis": 42.553,
  "missed_frame_rasterizer_budget_count": 22,
  "frame_count": 126,
  "frame_rasterizer_count": 126,
  "frame_build_times": [
    641,
    451,
    622,
    651,
    729,
    801,
    787,
    1123,
    992,
    310,
    321,
    456,
    430,
    422,
    415,
    419,
    464,
    421,
    645,
    598,
    516,
    421,
    5199,
    1510,
    1621,
    1434,
    1351,
    1458,
    1079,
    1363,
    1419,
    1421,
    1421,
    1382,
    1416,
    1197,
    983,
    946,
    932,
    978,
    1005,
    952,
    952,
    1009,
    978,
    943,
    940,
    3825,
    5331,
    1257,
    805,
    526,
    293,
    438,
    358,
    1005,
    1539,
    1342,
    1222,
    1430,
    2205,
    982,
    1035,
    968,
    1083,
    1021,
    1080,
    958,
    1042,
    966,
    1005,
    833,
    4247,
    6570,
    2143,
    1416,
    1520,
    1378,
    1423,
    1429,
    1392,
    1360,
    1504,
    1044,
    1368,
    1425,
    2052,
    964,
    979,
    1039,
    1037,
    954,
    964,
    1059,
    994,
    946,
    947,
    998,
    4285,
    708,
    6098,
    2222,
    1179,
    1505,
    1447,
    1591,
    1471,
    1465,
    1497,
    1525,
    1532,
    1501,
    1503,
    1495,
    1070,
    1070,
    1079,
    1087,
    1279,
    1069,
    1063,
    1125,
    1047,
    1082,
    1265,
    4842
  ],
  "frame_rasterizer_times": [
    16722,
    16502,
    16443,
    16784,
    16514,
    16299,
    16613,
    16243,
    16802,
    16558,
    16906,
    17733,
    15694,
    16605,
    16467,
    17031,
    16214,
    16678,
    16442,
    16808,
    16315,
    16578,
    1401,
    2246,
    1913,
    2510,
    3488,
    2309,
    1892,
    2317,
    2232,
    2344,
    2302,
    2242,
    2314,
    1919,
    2298,
    2211,
    2235,
    2472,
    2326,
    2178,
    2258,
    2281,
    2315,
    2210,
    2226,
    1775,
    1697,
    42553,
    613,
    468,
    449,
    670,
    911,
    1623,
    1756,
    1898,
    1931,
    2387,
    2889,
    2403,
    2386,
    3840,
    2506,
    2613,
    2633,
    2596,
    2388,
    2583,
    2520,
    2264,
    1838,
    1602,
    2195,
    2694,
    2974,
    2923,
    1981,
    2353,
    2332,
    2264,
    2441,
    1786,
    2127,
    2328,
    2323,
    2267,
    2255,
    2435,
    2346,
    2476,
    2293,
    2528,
    2324,
    2312,
    2164,
    2552,
    1677,
    1422,
    1205,
    1837,
    1670,
    2117,
    2427,
    2194,
    2121,
    2086,
    2049,
    2209,
    2098,
    2073,
    2011,
    2345,
    1983,
    1938,
    1972,
    2092,
    1653,
    2023,
    2123,
    2053,
    2002,
    2000,
    2233,
    1773
  ],
  "frame_begin_times": [
    0,
    16682,
    33395,
    50041,
    66727,
    83383,
    100092,
    116756,
    133417,
    150399,
    167021,
    183894,
    201351,
    217233,
    233929,
    250578,
    267294,
    283915,
    300641,
    317282,
    333905,
    350526,
    416985,
    433662,
    450627,
    467227,
    483758,
    500445,
    517105,
    533542,
    550486,
    567112,
    583757,
    600361,
    617142,
    633625,
    650337,
    667092,
    683777,
    700578,
    717049,
    733777,
    750366,
    767382,
    783888,
    800345,
    817079,
    834070,
    866902,
    883655,
    900168,
    933418,
    950081,
    966729,
    983379,
    1000304,
    1017351,
    1033642,
    1050310,
    1067126,
    1084278,
    1100483,
    1117125,
    1133723,
    1150704,
    1167249,
    1184012,
    1200660,
    1217084,
    1233749,
    1250550,
    1267370,
    1283955,
    1317081,
    1333888,
    1350467,
    1367147,
    1383717,
    1400570,
    1417045,
    1433660,
    1450372,
    1467118,
    1483603,
    1500385,
    1516962,
    1533694,
    1550444,
    1567067,
    1583980,
    1600531,
    1617037,
    1633819,
    1650810,
    1667109,
    1683697,
    1700263,
    1717234,
    1733763,
    1800075,
    1816857,
    1833575,
    1850354,
    1867063,
    1883709,
    1900519,
    1916934,
    1933634,
    1950373,
    1967205,
    1983743,
    2000283,
    2016982,
    2033862,
    2050292,
    2066944,
    2083781,
    2100371,
    2116997,
    2133581,
    2150297,
    2167082,
    2183677,
    2200391,
    2217138,
    2233632
  ],
  "frame_rasterizer_begin_times": [
    0,
    16825,
    33402,
    50107,
    66940,
    83519,
    100302,
    117227,
    133761,
    150609,
    167217,
    184196,
    202033,
    217816,
    234543,
    251089,
    268221,
    284536,
    301303,
    317818,
    334716,
    351110,
    421251,
    434543,
    451558,
    468068,
    484521,
    501233,
    517548,
    534244,
    551273,
    567910,
    584582,
    601094,
    617966,
    634211,
    650715,
    667470,
    684130,
    700938,
    717473,
    734131,
    750690,
    767739,
    784270,
    800698,
    817410,
    837183,
    871312,
    884256,
    926884,
    933358,
    949712,
    966568,
    983164,
    1000631,
    1018212,
    1034333,
    1050892,
    1067737,
    1085635,
    1100809,
    1117544,
    1134047,
    1151107,
    1167573,
    1184373,
    1201062,
    1217484,
    1234047,
    1250854,
    1267528,
    1287239,
    1322758,
    1335393,
    1351240,
    1367987,
    1384418,
    1401334,
    1417796,
    1434478,
    1451140,
    1467900,
    1484013,
    1501163,
    1517702,
    1535156,
    1550816,
    1567436,
    1584310,
    1600944,
    1617375,
    1634102,
    1651171,
    1667481,
    1683973,
    1700614,
    1717601,
    1737374,
    1800173,
    1822059,
    1835141,
    1850893,
    1867954,
    1884562,
    1901436,
    1917734,
    1934503,
    1951231,
    1968075,
    1984683,
    2001156,
    2017853,
    2034468,
    2050765,
    2067426,
    2084180,
    2100861,
    2117583,
    2134056,
    2150747,
    2167588,
    2184137,
    2200839,
    2217687,
    2237351
  ],
  "average_vsync_transitions_missed": 1.04,
  "90th_percentile_vsync_transitions_missed": 1.0,
  "99th_percentile_vsync_transitions_missed": 2.0
}