{
  "average_frame_build_time_millis": 1.3443412698412704,
  "90th_percentile_frame_build_time_millis": 1.628,
  "99th_percentile_frame_build_time_millis": 6.678,
  "worst_frame_build_time_millis": 7.25,
  "missed_frame_build_budget_count": 0,
  "average_frame_rasterizer_time_millis": 7.466690476190477,
  "90th_percentile_frame_rasterizer_time_millis": 16.836,
  "99th_percentile_frame_rasterizer_time_millis": 17.161,
  "worst_frame_rasterizer_time_millis": 43.017,
  "missed_frame_rasterizer_budget_count": 41,
  "frame_count": 126,
  "frame_rasterizer_count": 126,
  "frame_build_times": [
    927,
    442,
    727,
    690,
    510,
    776,
    732,
    1120,
    1019,
    309,
    261,
    350,
    512,
    451,
    509,
    435,
    405,
    437,
    444,
    412,
    410,
    394,
    7250,
    2002,
    1417,
    1277,
    1480,
    1467,
    1463,
    1048,
    1351,
    1379,
    1329,
    1442,
    1347,
    1357,
    985,
    947,
    926,
    902,
    944,
    952,
    940,
    908,
    975,
    910,
    930,
    4067,
    6060,
    1600,
    764,
    521,
    296,
    391,
    473,
    1168,
    1027,
    1275,
    1504,
    1628,
    1545,
    1498,
    983,
    1001,
    947,
    778,
    1325,
    768,
    1048,
    1029,
    1008,
    946,
    5227,
    6678,
    1460,
    1493,
    1443,
    1366,
    1426,
    2149,
    1364,
    1578,
    1415,
    1348,
    1377,
    1485,
    943,
    1051,
    938,
    974,
    1010,
    1063,
    940,
    977,
    1232,
    938,
    969,
    934,
    4543,
    890,
    3590,
    2552,
    1139,
    1116,
    1143,
    1668,
    1482,
    1521,
    1586,
    1524,
    1617,
    1541,
    1596,
    1120,
    1142,
    1080,
    855,
    1127,
    1131,
    1097,
    1188,
    1116,
    1142,
    1100,
    1192,
    4961
  ],
  "frame_rasterizer_times": [
    16597,
    16573,
    16286,
    16543,
    16716,
    16389,
    16735,
    16136,
    17021,
    16131,
    16913,
    16946,
    16711,
    16350,
    16662,
    16844,
    16483,
    16378,
    16707,
    16802,
    16426,
    16519,
    1685,
    2778,
    2384,
    2015,
    3511,
    2168,
    2273,
    2068,
    2215,
    2052,
    2296,
    2300,
    2257,
    2207,
    2406,
    2262,
    2159,
    2161,
    2353,
    2201,
    2108,
    2491,
    1869,
    2212,
    2178,
    1735,
    1673,
    43017,
    766,
    16485,
    16640,
    17020,
    16967,
    16283,
    16776,
    17081,
    16434,
    16265,
    16836,
    15947,
    16499,
    17146,
    15899,
    17161,
    15851,
    16942,
    16827,
    16277,
    16830,
    17032,
    13153,
    1503,
    1921,
    2873,
    2572,
    3041,
    2325,
    2373,
    2326,
    2669,
    2187,
    2351,
    2427,
    2240,
    2305,
    2315,
    2283,
    2304,
    2499,
    1901,
    2807,
    2266,
    2319,
    2139,
    2146,
    2269,
    1688,
    1263,
    597,
    1904,
    1573,
    1420,
    1930,
    2137,
    2072,
    1984,
    2183,
    2099,
    2051,
    2078,
    1790,
    1986,
    2007,
    1885,
    1568,
    1934,
    1877,
    1862,
    2020,
    1874,
    1849,
    2125,
    2020,
    1647
  ],
  "frame_begin_times": [
    0,
    16737,
    33393,
    50052,
    66773,
    83401,
    100107,
    116740,
    133425,
    150633,
    166959,
    183763,
    200523,
    217151,
    233787,
    250450,
    267390,
    283890,
    300482,
    317306,
    334011,
    350628,
    416876,
    433801,
    450482,
    467308,
    483865,
    500468,
    517121,
    533679,
    550392,
    567124,
    583937,
    600538,
    617116,
    633810,
    650512,
    667172,
    683796,
    700412,
    717254,
    733802,
    750468,
    767052,
    783919,
    800409,
    817099,
    833723,
    866864,
    883729,
    900191,
    933432,
    950012,
    966728,
    983380,
    1000333,
    1016919,
    1033559,
    1050530,
    1067196,
    1083753,
    1100722,
    1116983,
    1133712,
    1150482,
    1166990,
    1183947,
    1200337,
    1217106,
    1233778,
    1250396,
    1267229,
    1284065,
    1317051,
    1333644,
    1350842,
    1367114,
    1383785,
    1400535,
    1417466,
    1433723,
    1450742,
    1467125,
    1483671,
    1500424,
    1517085,
    1533805,
    1550487,
    1567040,
    1583678,
    1600666,
    1617308,
    1633728,
    1650627,
    1667515,
    1683781,
    1700277,
    1717065,
    1734320,
    1767031,
    1783532,
    1800267,
    1816895,
    1833614,
    1850284,
    1867086,
    1883735,
    1900377,
    1917205,
    1933728,
    1950421,
    1967040,
    1984151,
    2000471,
    2016996,
    2033768,
    2050352,
    2066935,
    2083745,
    2100381,
    2117040,
    2133770,
    2150371,
    2167056,
    2183770,
    2200349
  ],
  "frame_rasterizer_begin_times": [
    0,
    16700,
    33313,
    49870,
    66479,
    83270,
    99971,
    116969,
    133488,
    150548,
    166716,
    183719,
    200732,
    217539,
    233981,
    250718,
    267638,
    284212,
    300667,
    317464,
    334361,
    350850,
    422959,
    434916,
    450923,
    467652,
    484457,
    500988,
    517683,
    533800,
    550816,
    567584,
    584377,
    601089,
    617566,
    634268,
    650509,
    667232,
    683861,
    700381,
    717318,
    733897,
    750414,
    767072,
    783997,
    800448,
    817140,
    836836,
    871784,
    884442,
    927557,
    933045,
    949638,
    966334,
    983464,
    1000531,
    1016960,
    1033881,
    1051217,
    1067888,
    1084411,
    1101439,
    1117499,
    1134072,
    1151326,
    1167289,
    1184539,
    1200445,
    1217475,
    1234445,
    1250781,
    1267725,
    1287557,
    1322595,
    1334197,
    1351418,
    1367661,
    1384270,
    1401084,
    1418710,
    1434201,
    1451291,
    1467664,
    1484046,
    1500923,
    1517616,
    1533882,
    1550561,
    1567108,
    1583658,
    1600690,
    1617485,
    1633804,
    1650703,
    1667817,
    1683830,
    1700360,
    1717112,
    1737941,
    1767029,
    1786041,
    1801774,
    1817107,
    1833801,
    1850448,
    1867844,
    1884315,
    1901016,
    1917914,
    1934355,
    1951126,
    1967723,
    1984874,
    2000668,
    2017169,
    2033968,
    2050380,
    2067096,
    2083961,
    2100561,
    2117284,
    2133996,
    2150499,
    2167219,
    2184027,
    2203890
  ],
  "average_vsync_transitions_missed": 1.0212765957446808,
  "90th_percentile_vsync_transitions_missed": 1.0,
  "99th_percentile_vsync_transitions_missed": 2.0
}