{
  "average_frame_build_time_millis": 1.3080639999999992,
  "90th_percentile_frame_build_time_millis": 1.611,
  "99th_percentile_frame_build_time_millis": 6.603,
  "worst_frame_build_time_millis": 7.25,
  "missed_frame_build_budget_count": 0,
  "average_frame_rasterizer_time_millis": 2.268479999999999,
  "90th_percentile_frame_rasterizer_time_millis": 2.414,
  "99th_percentile_frame_rasterizer_time_millis": 3.571,
  "worst_frame_rasterizer_time_millis": 43.18,
  "missed_frame_rasterizer_budget_count": 1,
  "frame_count": 125,
  "frame_rasterizer_count": 125,
  "frame_build_times": [
    974,
    796,
    502,
    558,
    592,
    717,
    815,
    748,
    120,
    186,
    316,
    303,
    467,
    472,
    467,
    446,
    412,
    458,
    468,
    484,
    442,
    7250,
    1500,
    1051,
    1554,
    1416,
    1066,
    1340,
    1384,
    1387,
    1396,
    1349,
    1065,
    1384,
    1375,
    910,
    1009,
    926,
    941,
    862,
    1005,
    930,
    971,
    1006,
    947,
    922,
    4121,
    5687,
    1611,
    770,
    554,
    297,
    431,
    880,
    847,
    933,
    1297,
    1534,
    1613,
    1556,
    993,
    971,
    776,
    970,
    1358,
    964,
    976,
    964,
    903,
    959,
    959,
    4121,
    6603,
    1966,
    1103,
    1484,
    1405,
    1390,
    1461,
    1395,
    1383,
    1441,
    1090,
    1387,
    1402,
    1396,
    978,
    992,
    958,
    1113,
    964,
    938,
    947,
    1074,
    1004,
    955,
    1021,
    4002,
    592,
    5194,
    1873,
    909,
    1107,
    1454,
    1563,
    1466,
    1433,
    1468,
    1704,
    1489,
    1514,
    1539,
    1168,
    1062,
    1063,
    1146,
    1087,
    1051,
    1038,
    820,
    1027,
    1053,
    1090,
    1080,
    4932
  ],
  "frame_rasterizer_times": [
    747,
    816,
    673,
    503,
    392,
    764,
    652,
    627,
    514,
    485,
    1087,
    1372,
    2067,
    2512,
    1896,
    1993,
    1694,
    2465,
    2022,
    1845,
    2824,
    1753,
    2243,
    1799,
    2775,
    3571,
    1707,
    2276,
    1788,
    2328,
    2208,
    2208,
    2337,
    2262,
    2213,
    2395,
    2324,
    2311,
    2196,
    2122,
    2263,
    2259,
    2287,
    2396,
    2259,
    2201,
    1653,
    1696,
    43180,
    760,
    514,
    506,
    686,
    1396,
    1428,
    1541,
    2134,
    2044,
    2350,
    2404,
    3085,
    2307,
    2573,
    2384,
    2394,
    2258,
    2274,
    2257,
    2374,
    2300,
    2252,
    2250,
    1580,
    1942,
    2093,
    2434,
    2944,
    2198,
    1970,
    2289,
    2293,
    2260,
    1812,
    2293,
    2239,
    2192,
    2249,
    2297,
    2272,
    2359,
    2322,
    2208,
    2218,
    2525,
    2290,
    2242,
    2275,
    1428,
    1180,
    1127,
    1576,
    1355,
    1584,
    2603,
    2122,
    2033,
    2034,
    2414,
    2086,
    2033,
    2245,
    1960,
    2036,
    1951,
    1950,
    1669,
    2032,
    1878,
    1941,
    1528,
    1965,
    1959,
    2005,
    2041,
    1598
  ],
  "frame_begin_times": [
    0,
    16722,
    33309,
    50012,
    66664,
    83349,
    100030,
    116669,
    133335,
    149957,
    167085,
    183610,
    200539,
    217119,
    233694,
    250420,
    266985,
    283828,
    300431,
    317122,
    333846,
    400176,
    417008,
    433660,
    450558,
    467110,
    483576,
    500424,
    517214,
    533633,
    550389,
    567063,
    583642,
    600433,
    617067,
    633724,
    650499,
    667047,
    683926,
    700714,
    717048,
    733697,
    750396,
    767162,
    783705,
    800329,
    817093,
    850143,
    867138,
    883431,
    916661,
    933294,
    949987,
    966954,
    983476,
    1000188,
    1016978,
    1033636,
    1050331,
    1067043,
    1083850,
    1100357,
    1116929,
    1133690,
    1150463,
    1167053,
    1183675,
    1200232,
    1216899,
    1233676,
    1250383,
    1267036,
    1300098,
    1316932,
    1333619,
    1350389,
    1367053,
    1383748,
    1400696,
    1416835,
    1433628,
    1450356,
    1467212,
    1483646,
    1500329,
    1517017,
    1533663,
    1550320,
    1567008,
    1583587,
    1600344,
    1616995,
    1633606,
    1650526,
    1667067,
    1683736,
    1700369,
    1717336,
    1749946,
    1766745,
    1783472,
    1800117,
    1816949,
    1833733,
    1850383,
    1866972,
    1883614,
    1900327,
    1917060,
    1933641,
    1950304,
    1967143,
    1983632,
    2000249,
    2017009,
    2033821,
    2050263,
    2066943,
    2083632,
    2100463,
    2116888,
    2133649,
    2150290,
    2166918,
    2183522
  ],
  "frame_rasterizer_begin_times": [
    0,
    16539,
    32833,
    49603,
    66271,
    83113,
    99876,
    116361,
    132409,
    149030,
    166377,
    182902,
    200017,
    216591,
    233141,
    249872,
    266403,
    283283,
    299911,
    316506,
    333290,
    406110,
    417484,
    433691,
    451144,
    467543,
    483617,
    500799,
    517532,
    534036,
    550802,
    567443,
    583698,
    600836,
    617409,
    633645,
    650488,
    666988,
    683908,
    700592,
    717071,
    733644,
    750348,
    767103,
    783670,
    800260,
    820185,
    854574,
    867770,
    911057,
    916189,
    932538,
    949407,
    966800,
    983244,
    1000100,
    1017274,
    1034187,
    1050933,
    1067632,
    1083888,
    1100346,
    1116693,
    1133659,
    1150754,
    1167040,
    1183693,
    1200191,
    1216837,
    1233656,
    1250345,
    1269691,
    1305488,
    1317905,
    1333723,
    1350913,
    1367424,
    1384153,
    1401166,
    1417191,
    1434044,
    1450798,
    1467274,
    1484071,
    1500750,
    1517436,
    1533643,
    1550276,
    1566970,
    1583687,
    1600327,
    1616896,
    1633583,
    1650526,
    1667056,
    1683732,
    1700347,
    1720274,
    1749505,
    1770815,
    1784298,
    1799998,
    1817033,
    1834112,
    1850973,
    1867429,
    1884061,
    1900815,
    1917729,
    1934150,
    1950841,
    1967667,
    1983767,
    2000321,
    2017073,
    2033934,
    2050367,
    2067045,
    2083676,
    2100259,
    2116905,
    2133720,
    2150356,
    2167004,
    2187016
  ],
  "average_vsync_transitions_missed": 1.3333333333333333,
  "90th_percentile_vsync_transitions_missed": 2.0,
  "99th_percentile_vsync_transitions_missed": 2.0
}