{
  "average_frame_build_time_millis": 1.3551746031746026,
  "90th_percentile_frame_build_time_millis": 1.65,
  "99th_percentile_frame_build_time_millis": 7.116,
  "worst_frame_build_time_millis": 8.297,
  "missed_frame_build_budget_count": 0,
  "average_frame_rasterizer_time_millis": 4.9030078740157474,
  "90th_percentile_frame_rasterizer_time_millis": 16.453,
  "99th_percentile_frame_rasterizer_time_millis": 17.497,
  "worst_frame_rasterizer_time_millis": 44.153,
  "missed_frame_rasterizer_budget_count": 21,
  "frame_count": 126,
  "frame_rasterizer_count": 127,
  "frame_build_times": [
    960,
    451,
    604,
    525,
    535,
    781,
    776,
    841,
    1054,
    108,
    282,
    326,
    380,
    350,
    448,
    479,
    484,
    473,
    434,
    443,
    483,
    518,
    6526,
    1583,
    1444,
    1615,
    1442,
    1443,
    1464,
    1380,
    1416,
    1054,
    1412,
    1495,
    1440,
    1419,
    984,
    1052,
    968,
    1015,
    1034,
    1001,
    968,
    978,
    781,
    919,
    984,
    4301,
    6201,
    1653,
    805,
    501,
    284,
    431,
    404,
    1042,
    1160,
    1164,
    1475,
    1650,
    996,
    938,
    1031,
    962,
    963,
    1196,
    979,
    973,
    1367,
    986,
    1128,
    1030,
    5018,
    7116,
    1791,
    1572,
    1477,
    1576,
    1349,
    1066,
    1321,
    1374,
    1358,
    1486,
    1382,
    1374,
    1545,
    960,
    955,
    942,
    791,
    997,
    972,
    977,
    1120,
    967,
    975,
    956,
    3647,
    916,
    8297,
    2134,
    1088,
    1447,
    1892,
    1165,
    1463,
    1490,
    1547,
    1481,
    1481,
    1443,
    1280,
    1071,
    1064,
    1056,
    823,
    1070,
    1053,
    1039,
    1073,
    1021,
    1042,
    1083,
    1083,
    4914
  ],
  "frame_rasterizer_times": [
    1090,
    16236,
    1332,
    414,
    652,
    554,
    385,
    746,
    530,
    584,
    523,
    1231,
    1214,
    1364,
    1556,
    1715,
    1734,
    2109,
    1886,
    1805,
    1884,
    1999,
    1888,
    1686,
    2258,
    1829,
    2476,
    3473,
    2279,
    2181,
    2288,
    2207,
    2292,
    1918,
    2303,
    2357,
    2219,
    2372,
    2265,
    2141,
    2074,
    2729,
    2149,
    2259,
    2153,
    1763,
    2227,
    2173,
    1756,
    1984,
    44153,
    772,
    16620,
    16847,
    16588,
    17497,
    16209,
    16912,
    16808,
    16370,
    16415,
    16637,
    16224,
    17168,
    15997,
    17180,
    15937,
    16453,
    16999,
    16448,
    16784,
    16277,
    17275,
    13006,
    1591,
    2273,
    2478,
    2497,
    2553,
    2275,
    2081,
    2283,
    2318,
    2329,
    2414,
    2399,
    2420,
    2910,
    2280,
    2288,
    2345,
    1860,
    2688,
    2364,
    2019,
    2121,
    2346,
    2185,
    2235,
    1595,
    1234,
    1468,
    1773,
    1800,
    2058,
    3368,
    1606,
    2067,
    2051,
    2237,
    2007,
    2032,
    1937,
    1784,
    1934,
    2038,
    1950,
    1717,
    1931,
    1941,
    1904,
    2022,
    1957,
    1905,
    2183,
    2040,
    1773
  ],
  "frame_begin_times": [
    0,
    16500,
    33267,
    49909,
    66537,
    83237,
    99887,
    116576,
    133281,
    149915,
    166875,
    183538,
    200269,
    216934,
    233665,
    250333,
    267023,
    283637,
    300318,
    316923,
    333743,
    350385,
    417335,
    433496,
    450296,
    467040,
    483608,
    500242,
    516925,
    533492,
    550294,
    566710,
    583543,
    600299,
    616944,
    633655,
    650375,
    666978,
    683541,
    700235,
    717203,
    733596,
    750222,
    767007,
    783891,
    800303,
    816933,
    833593,
    866685,
    883608,
    899988,
    933143,
    949830,
    966511,
    983146,
    1000249,
    1016765,
    1033567,
    1050168,
    1066943,
    1083586,
    1101006,
    1116948,
    1133676,
    1150252,
    1166999,
    1183550,
    1200188,
    1216945,
    1233721,
    1250280,
    1266888,
    1283965,
    1316945,
    1333383,
    1350778,
    1367073,
    1383537,
    1400251,
    1417248,
    1433527,
    1450484,
    1467019,
    1483699,
    1500209,
    1517046,
    1533504,
    1550365,
    1567073,
    1583518,
    1600467,
    1617075,
    1633619,
    1650188,
    1667430,
    1683554,
    1700273,
    1717147,
    1733679,
    1766951,
    1783465,
    1800208,
    1816763,
    1833537,
    1850497,
    1866829,
    1883501,
    1900033,
    1917136,
    1933595,
    1950247,
    1966889,
    1983848,
    2000166,
    2016877,
    2033522,
    2050145,
    2066862,
    2083526,
    2100134,
    2116864,
    2133539,
    2150224,
    2166980,
    2183574,
    2200205
  ],
  "frame_rasterizer_begin_times": [
    0,
    2814,
    19145,
    35780,
    52298,
    68935,
    85924,
    102480,
    119253,
    136157,
    151843,
    168996,
    185707,
    202489,
    219128,
    236026,
    252724,
    269400,
    285948,
    302640,
    319272,
    336109,
    352707,
    425453,
    436932,
    453603,
    470505,
    486883,
    503521,
    520274,
    536744,
    553578,
    569623,
    586852,
    603693,
    620233,
    636962,
    653230,
    669929,
    686366,
    703159,
    720040,
    736434,
    753074,
    769872,
    786513,
    803089,
    819793,
    839737,
    874412,
    887147,
    931390,
    935459,
    952136,
    969072,
    985755,
    1003289,
    1019767,
    1036750,
    1053732,
    1070458,
    1086949,
    1103841,
    1120129,
    1137378,
    1153439,
    1170694,
    1186807,
    1203318,
    1220447,
    1236975,
    1253866,
    1270224,
    1290424,
    1325739,
    1337018,
    1354193,
    1370443,
    1386905,
    1403478,
    1420189,
    1436657,
    1453749,
    1470293,
    1486992,
    1503479,
    1520316,
    1536900,
    1553215,
    1569916,
    1586348,
    1603130,
    1619978,
    1636434,
    1653017,
    1670376,
    1686388,
    1703106,
    1719948,
    1739174,
    1769700,
    1793273,
    1804173,
    1819724,
    1836867,
    1854233,
    1869850,
    1886796,
    1903317,
    1920572,
    1936961,
    1953613,
    1970189,
    1987008,
    2003150,
    2019809,
    2036455,
    2052814,
    2069782,
    2086470,
    2103065,
    2119821,
    2136438,
    2153161,
    2169967,
    2186537,
    2206563
  ],
  "average_vsync_transitions_missed": 1.0384615384615385,
  "90th_percentile_vsync_transitions_missed": 1.0,
  "99th_percentile_vsync_transitions_missed": 2.0
}