{
  "average_frame_build_time_millis": 1.1841544715447165,
  "90th_percentile_frame_build_time_millis": 1.587,
  "99th_percentile_frame_build_time_millis": 7.466,
  "worst_frame_build_time_millis": 8.228,
  "missed_frame_build_budget_count": 0,
  "average_frame_rasterizer_time_millis": 2.0538870967741936,
  "90th_percentile_frame_rasterizer_time_millis": 2.415,
  "99th_percentile_frame_rasterizer_time_millis": 3.647,
  "worst_frame_rasterizer_time_millis": 41.636,
  "missed_frame_rasterizer_budget_count": 1,
  "frame_count": 123,
  "frame_rasterizer_count": 124,
  "frame_build_times": [
    557,
    587,
    764,
    738,
    777,
    949,
    110,
    276,
    294,
    295,
    342,
    431,
    416,
    458,
    446,
    440,
    435,
    469,
    460,
    5277,
    1605,
    1098,
    1587,
    1419,
    1540,
    1475,
    1621,
    1049,
    1408,
    1439,
    1486,
    1276,
    1442,
    1031,
    1026,
    1017,
    979,
    1136,
    991,
    1001,
    970,
    778,
    964,
    1003,
    3750,
    4990,
    1212,
    814,
    509,
    299,
    459,
    405,
    1030,
    979,
    1411,
    1146,
    1120,
    1601,
    1023,
    1001,
    995,
    1735,
    800,
    596,
    972,
    1001,
    1005,
    1008,
    992,
    4252,
    7466,
    1537,
    1511,
    1496,
    1404,
    1500,
    1294,
    1431,
    1426,
    1418,
    1463,
    1432,
    1374,
    1441,
    983,
    960,
    944,
    965,
    1004,
    953,
    955,
    1098,
    988,
    973,
    969,
    4144,
    881,
    8228,
    1860,
    846,
    616,
    618,
    938,
    633,
    459,
    525,
    617,
    517,
    568,
    501,
    435,
    581,
    431,
    622,
    478,
    554,
    573,
    431,
    499,
    562,
    453,
    621,
    1508
  ],
  "frame_rasterizer_times": [
    366,
    586,
    557,
    380,
    726,
    439,
    563,
    941,
    1182,
    1182,
    1222,
    1421,
    1821,
    1760,
    1975,
    1903,
    1788,
    1819,
    2043,
    1892,
    1523,
    2240,
    1804,
    2417,
    3647,
    2254,
    2231,
    2400,
    2151,
    2199,
    2415,
    2318,
    1748,
    2178,
    2392,
    2210,
    2174,
    2212,
    2602,
    2188,
    2371,
    2225,
    1750,
    2228,
    1940,
    1448,
    1680,
    41636,
    787,
    523,
    496,
    646,
    716,
    1681,
    1580,
    2087,
    1733,
    1868,
    2411,
    2459,
    2379,
    3287,
    3000,
    1885,
    1416,
    2386,
    2482,
    2365,
    2402,
    2278,
    2220,
    1728,
    1926,
    2528,
    2405,
    2967,
    2261,
    1900,
    2316,
    2228,
    2026,
    2253,
    2314,
    2233,
    2208,
    2394,
    2246,
    2198,
    2436,
    2327,
    2266,
    2240,
    2462,
    1737,
    2383,
    2217,
    1390,
    1328,
    1630,
    1629,
    1365,
    991,
    1097,
    1311,
    902,
    752,
    902,
    959,
    831,
    877,
    1470,
    879,
    1176,
    882,
    1181,
    916,
    1131,
    818,
    859,
    843,
    1172,
    908,
    1233,
    817
  ],
  "frame_begin_times": [
    0,
    16701,
    33423,
    50115,
    66769,
    83399,
    100097,
    117014,
    133728,
    150287,
    167031,
    183740,
    200435,
    217160,
    233919,
    250446,
    267083,
    283969,
    300423,
    366794,
    383718,
    400319,
    417252,
    433783,
    450451,
    467135,
    483798,
    500240,
    517120,
    533858,
    550448,
    567161,
    583716,
    600537,
    617127,
    633807,
    650395,
    667288,
    683833,
    700511,
    717051,
    733725,
    750422,
    767091,
    783736,
    816823,
    833544,
    850352,
    883417,
    900035,
    916753,
    933367,
    950408,
    966928,
    984001,
    1000301,
    1016907,
    1033691,
    1050835,
    1067091,
    1083754,
    1100566,
    1116962,
    1133529,
    1150287,
    1167142,
    1183892,
    1200342,
    1217099,
    1233845,
    1266782,
    1283578,
    1300710,
    1317062,
    1333681,
    1350447,
    1367275,
    1383733,
    1400331,
    1417054,
    1434172,
    1450366,
    1467025,
    1483700,
    1500398,
    1517031,
    1533774,
    1550383,
    1567056,
    1583832,
    1600376,
    1617355,
    1633676,
    1650354,
    1667053,
    1683855,
    1716852,
    1733653,
    1750176,
    1766913,
    1783347,
    1800012,
    1816907,
    1833314,
    1849943,
    1866696,
    1883368,
    1900025,
    1916722,
    1933314,
    1950128,
    1966885,
    1983421,
    2000183,
    2016692,
    2033514,
    2049975,
    2066707,
    2083318,
    2100143,
    2116752,
    2133503,
    2150064
  ],
  "frame_rasterizer_begin_times": [
    0,
    16474,
    33257,
    50113,
    66823,
    83520,
    100344,
    116185,
    133232,
    149988,
    166536,
    183322,
    200158,
    216848,
    233555,
    250355,
    266875,
    283463,
    300449,
    316853,
    387819,
    401272,
    417370,
    434828,
    451209,
    468003,
    484548,
    501408,
    517260,
    534547,
    551292,
    567931,
    584414,
    601162,
    617526,
    634093,
    650808,
    667389,
    684373,
    700796,
    717547,
    733920,
    750545,
    767331,
    784053,
    803436,
    837499,
    850671,
    892410,
    899877,
    916285,
    933222,
    949697,
    967402,
    983862,
    1001350,
    1017350,
    1033977,
    1051328,
    1067845,
    1084077,
    1100740,
    1118099,
    1133711,
    1150062,
    1167266,
    1184158,
    1200869,
    1217331,
    1234104,
    1253562,
    1289931,
    1301062,
    1318199,
    1334601,
    1351035,
    1367848,
    1384498,
    1401132,
    1417687,
    1434461,
    1451625,
    1467746,
    1484406,
    1501153,
    1517336,
    1533996,
    1550660,
    1567340,
    1584047,
    1600800,
    1617309,
    1634399,
    1650588,
    1667317,
    1684013,
    1703960,
    1733730,
    1757447,
    1767962,
    1783699,
    1799894,
    1816552,
    1833789,
    1849868,
    1866316,
    1883226,
    1899906,
    1916502,
    1933212,
    1949869,
    1966487,
    1983404,
    1999779,
    2016746,
    2033091,
    2050009,
    2066501,
    2083062,
    2099742,
    2116644,
    2133131,
    2150060,
    2167348
  ],
  "average_vsync_transitions_missed": 1.5,
  "90th_percentile_vsync_transitions_missed": 2.0,
  "99th_percentile_vsync_transitions_missed": 2.0
}