{
  "average_frame_build_time_millis": 1.330444444444444,
  "90th_percentile_frame_build_time_millis": 1.558,
  "99th_percentile_frame_build_time_millis": 7.193,
  "worst_frame_build_time_millis": 7.463,
  "missed_frame_build_budget_count": 0,
  "average_frame_rasterizer_time_millis": 2.3305079365079373,
  "90th_percentile_frame_rasterizer_time_millis": 2.479,
  "99th_percentile_frame_rasterizer_time_millis": 16.166,
  "worst_frame_rasterizer_time_millis": 41.867,
  "missed_frame_rasterizer_budget_count": 2,
  "frame_count": 126,
  "frame_rasterizer_count": 126,
  "frame_build_times": [
    1171,
    441,
    496,
    521,
    550,
    795,
    721,
    770,
    934,
    125,
    302,
    311,
    446,
    351,
    433,
    340,
    425,
    431,
    422,
    446,
    445,
    428,
    5677,
    2025,
    1053,
    1494,
    1594,
    1250,
    1431,
    1394,
    1482,
    1083,
    1420,
    1511,
    1556,
    1104,
    1016,
    773,
    989,
    1027,
    940,
    936,
    1121,
    1128,
    1022,
    1067,
    824,
    4251,
    5415,
    1406,
    804,
    543,
    311,
    424,
    507,
    1003,
    1028,
    1180,
    1046,
    1504,
    1624,
    1072,
    1025,
    1231,
    1047,
    1074,
    1028,
    1096,
    1014,
    1030,
    1142,
    797,
    4156,
    7193,
    1204,
    918,
    1101,
    1498,
    1461,
    1446,
    1436,
    1158,
    1450,
    1461,
    1460,
    1476,
    1474,
    981,
    969,
    984,
    969,
    1019,
    1003,
    977,
    947,
    961,
    1389,
    996,
    4589,
    682,
    7463,
    2145,
    1466,
    1484,
    1408,
    1471,
    1537,
    1271,
    1404,
    1467,
    1553,
    1558,
    1485,
    1074,
    1140,
    1074,
    1055,
    1040,
    1186,
    1058,
    1106,
    1045,
    1039,
    1055,
    1058,
    4813
  ],
  "frame_rasterizer_times": [
    16166,
    1159,
    343,
    577,
    552,
    419,
    740,
    388,
    591,
    577,
    1198,
    1304,
    1905,
    1407,
    1818,
    1849,
    1761,
    1779,
    1980,
    1918,
    1769,
    1948,
    1384,
    2179,
    1997,
    2496,
    3499,
    1798,
    2319,
    2357,
    2325,
    2155,
    2374,
    2285,
    2711,
    1807,
    2082,
    1590,
    2481,
    2210,
    2333,
    2061,
    2753,
    2298,
    2195,
    2254,
    1728,
    1607,
    1758,
    41867,
    749,
    471,
    472,
    723,
    702,
    1795,
    1593,
    2020,
    1562,
    1910,
    1873,
    2485,
    2272,
    3328,
    2376,
    2350,
    2282,
    2407,
    2336,
    2235,
    2479,
    1816,
    1993,
    1608,
    1729,
    1589,
    1821,
    2892,
    2208,
    2263,
    2199,
    1831,
    2346,
    2240,
    2210,
    2354,
    2245,
    2180,
    2583,
    2296,
    2215,
    2298,
    2479,
    2250,
    2243,
    1748,
    2465,
    2285,
    1771,
    1280,
    1296,
    1817,
    1840,
    2118,
    2404,
    1990,
    2266,
    1562,
    1784,
    1980,
    2325,
    2108,
    1943,
    1907,
    1889,
    1920,
    1934,
    1935,
    2047,
    2012,
    1609,
    2022,
    2041,
    2015,
    1898,
    2074
  ],
  "frame_begin_times": [
    0,
    16519,
    33262,
    49944,
    66577,
    83259,
    99926,
    116638,
    133318,
    149914,
    166894,
    183522,
    200472,
    216814,
    233673,
    250260,
    266967,
    283672,
    300301,
    317000,
    333606,
    350317,
    416702,
    433706,
    450199,
    467098,
    483625,
    500821,
    516990,
    533664,
    550300,
    566940,
    583522,
    600311,
    617039,
    633605,
    650202,
    666992,
    684045,
    700422,
    717009,
    733619,
    750794,
    766962,
    783615,
    800293,
    817360,
    833605,
    866855,
    883610,
    900038,
    933214,
    949861,
    966590,
    983318,
    1000305,
    1016788,
    1033476,
    1050231,
    1067020,
    1083619,
    1100294,
    1116981,
    1134092,
    1150252,
    1166932,
    1183725,
    1200351,
    1216940,
    1233571,
    1250286,
    1266878,
    1283616,
    1316765,
    1333362,
    1350080,
    1366834,
    1383876,
    1400260,
    1416928,
    1433595,
    1450408,
    1466900,
    1483547,
    1500163,
    1516965,
    1533635,
    1550301,
    1567009,
    1583548,
    1600286,
    1616828,
    1633680,
    1650269,
    1666922,
    1683549,
    1700557,
    1716941,
    1733648,
    1766699,
    1783537,
    1800212,
    1816952,
    1833651,
    1850234,
    1866917,
    1883746,
    1900211,
    1916767,
    1933589,
    1950506,
    1966919,
    1983619,
    2000341,
    2017178,
    2033568,
    2050293,
    2066951,
    2083711,
    2100383,
    2116894,
    2133536,
    2150163,
    2166896,
    2183570,
    2200319
  ],
  "frame_rasterizer_begin_times": [
    0,
    16215,
    32639,
    49402,
    66016,
    82889,
    99545,
    116338,
    133102,
    148880,
    166064,
    182715,
    199817,
    216029,
    232988,
    249491,
    266284,
    283034,
    299629,
    316372,
    332957,
    349625,
    421036,
    434549,
    450145,
    467455,
    484134,
    500965,
    517332,
    533963,
    550692,
    566904,
    583712,
    600705,
    617477,
    633579,
    650146,
    666641,
    683982,
    700217,
    716747,
    733463,
    750849,
    766882,
    783551,
    800114,
    817072,
    836730,
    870801,
    883886,
    925873,
    932636,
    949074,
    965895,
    982726,
    1000191,
    1016675,
    1033481,
    1050080,
    1067409,
    1084152,
    1100234,
    1116904,
    1134089,
    1150185,
    1166851,
    1183622,
    1200304,
    1216870,
    1233529,
    1250338,
    1266552,
    1286158,
    1322582,
    1333426,
    1349864,
    1366782,
    1384175,
    1400592,
    1417282,
    1433952,
    1450390,
    1467255,
    1483908,
    1500493,
    1517343,
    1534012,
    1550196,
    1566903,
    1583431,
    1600146,
    1616750,
    1633513,
    1650157,
    1666765,
    1683414,
    1700476,
    1716768,
    1737090,
    1766249,
    1789670,
    1801205,
    1817347,
    1834042,
    1850544,
    1867292,
    1884255,
    1900378,
    1917055,
    1933960,
    1950966,
    1967393,
    1984031,
    2000322,
    2017231,
    2033471,
    2050265,
    2066911,
    2083766,
    2100363,
    2116908,
    2133506,
    2150121,
    2166871,
    2183552,
    2203571
  ],
  "average_vsync_transitions_missed": 1.75,
  "90th_percentile_vsync_transitions_missed": 3.0,
  "99th_percentile_vsync_transitions_missed": 3.0
}