{
  "average_frame_build_time_millis": 1.2276159999999996,
  "90th_percentile_frame_build_time_millis": 1.663,
  "99th_percentile_frame_build_time_millis": 7.199,
  "worst_frame_build_time_millis": 8.747,
  "missed_frame_build_budget_count": 0,
  "average_frame_rasterizer_time_millis": 4.747480000000001,
  "90th_percentile_frame_rasterizer_time_millis": 16.633,
  "99th_percentile_frame_rasterizer_time_millis": 17.761,
  "worst_frame_rasterizer_time_millis": 43.744,
  "missed_frame_rasterizer_budget_count": 19,
  "frame_count": 125,
  "frame_rasterizer_count": 125,
  "frame_build_times": [
    1405,
    474,
    606,
    579,
    583,
    759,
    683,
    844,
    942,
    144,
    293,
    305,
    444,
    431,
    289,
    275,
    306,
    383,
    437,
    486,
    451,
    440,
    7199,
    1663,
    1095,
    1036,
    867,
    910,
    1431,
    1433,
    1373,
    1397,
    1524,
    1448,
    1394,
    1448,
    1109,
    971,
    729,
    661,
    786,
    522,
    612,
    1121,
    1007,
    908,
    942,
    4033,
    6113,
    1764,
    834,
    507,
    324,
    497,
    421,
    941,
    1110,
    1124,
    1059,
    932,
    1089,
    1048,
    1004,
    1043,
    1077,
    1044,
    1832,
    993,
    1023,
    957,
    952,
    925,
    3916,
    3578,
    2265,
    1572,
    710,
    604,
    717,
    878,
    1331,
    1378,
    1368,
    1452,
    1217,
    1269,
    1454,
    932,
    872,
    822,
    1116,
    667,
    860,
    785,
    891,
    857,
    858,
    867,
    4424,
    844,
    8747,
    1837,
    919,
    723,
    952,
    1322,
    1303,
    1224,
    1322,
    1246,
    1309,
    1207,
    1402,
    893,
    973,
    938,
    702,
    649,
    503,
    725,
    907,
    881,
    909,
    873,
    4691
  ],
  "frame_rasterizer_times": [
    15750,
    1390,
    394,
    633,
    596,
    423,
    775,
    480,
    517,
    496,
    1268,
    1363,
    2020,
    1924,
    1289,
    1186,
    1312,
    1695,
    1764,
    1858,
    1809,
    1880,
    1910,
    2268,
    2075,
    1725,
    2145,
    1672,
    2524,
    2339,
    2239,
    2316,
    2066,
    2263,
    2215,
    2179,
    2282,
    2248,
    1757,
    1543,
    1853,
    1280,
    1335,
    2488,
    2328,
    2236,
    2249,
    1845,
    1706,
    43744,
    734,
    16575,
    16761,
    16572,
    17442,
    16812,
    16439,
    16191,
    16886,
    16545,
    17063,
    16403,
    16717,
    17761,
    15712,
    16898,
    15483,
    17323,
    15883,
    16633,
    16664,
    16868,
    14015,
    1078,
    2475,
    2401,
    940,
    1118,
    1155,
    1078,
    2048,
    2043,
    2583,
    2162,
    1925,
    1973,
    1686,
    2423,
    2037,
    2092,
    2098,
    1731,
    2042,
    2268,
    2383,
    2030,
    2220,
    2198,
    1390,
    1284,
    1238,
    1326,
    1373,
    1020,
    1429,
    1859,
    1764,
    1784,
    1849,
    1713,
    1728,
    1768,
    1843,
    1693,
    1618,
    1839,
    1109,
    1255,
    961,
    1281,
    1710,
    1724,
    1632,
    1517,
    1509
  ],
  "frame_begin_times": [
    0,
    16526,
    33188,
    49890,
    66574,
    83243,
    99918,
    116509,
    133198,
    149872,
    166732,
    183459,
    200432,
    217005,
    233436,
    250082,
    266789,
    283534,
    300265,
    317057,
    333685,
    350305,
    416735,
    433503,
    450084,
    466842,
    483393,
    500161,
    517040,
    533578,
    550308,
    566869,
    583827,
    600324,
    616956,
    633579,
    650680,
    666965,
    683597,
    700140,
    716883,
    733347,
    750158,
    766974,
    783625,
    800199,
    816877,
    833777,
    866693,
    883606,
    900007,
    933181,
    949819,
    966525,
    983194,
    1000160,
    1016856,
    1033569,
    1050066,
    1066670,
    1083390,
    1100269,
    1116864,
    1133599,
    1150545,
    1166926,
    1184039,
    1200178,
    1217337,
    1233546,
    1250231,
    1267189,
    1283515,
    1316625,
    1333593,
    1350342,
    1366763,
    1383284,
    1400140,
    1416727,
    1433405,
    1450224,
    1467207,
    1483514,
    1500134,
    1516904,
    1533995,
    1550132,
    1566775,
    1583581,
    1600278,
    1616806,
    1633450,
    1650172,
    1666884,
    1683427,
    1700123,
    1717070,
    1733571,
    1766815,
    1783547,
    1799941,
    1816708,
    1833243,
    1850052,
    1866764,
    1883542,
    1899969,
    1916906,
    1933510,
    1950095,
    1966786,
    1983398,
    2000074,
    2016761,
    2033669,
    2049987,
    2066711,
    2083207,
    2100168,
    2116787,
    2133461,
    2150126,
    2167000,
    2183484
  ],
  "frame_rasterizer_begin_times": [
    0,
    15800,
    32371,
    49027,
    65678,
    82572,
    99165,
    115881,
    132761,
    148541,
    165572,
    182337,
    199457,
    216028,
    232278,
    248905,
    265650,
    282508,
    299312,
    316056,
    332723,
    349319,
    422163,
    433730,
    449686,
    466440,
    482774,
    499625,
    517075,
    533609,
    550288,
    566861,
    583952,
    600363,
    616958,
    633619,
    650352,
    666556,
    682972,
    699360,
    716322,
    732375,
    749299,
    766689,
    783228,
    799706,
    816414,
    836378,
    871062,
    883929,
    927867,
    932243,
    948890,
    965749,
    982399,
    999876,
    1016743,
    1033258,
    1049623,
    1066545,
    1083123,
    1100249,
    1116721,
    1133533,
    1151398,
    1167189,
    1184502,
    1200052,
    1217427,
    1233373,
    1250155,
    1266897,
    1285336,
    1318631,
    1334422,
    1350536,
    1365986,
    1382386,
    1399371,
    1416158,
    1433246,
    1450167,
    1467122,
    1483563,
    1499985,
    1516666,
    1533958,
    1549558,
    1566316,
    1582999,
    1599979,
    1616057,
    1632996,
    1649587,
    1666359,
    1682848,
    1699602,
    1716520,
    1736681,
    1766258,
    1790632,
    1800237,
    1816187,
    1832496,
    1849548,
    1866603,
    1883364,
    1899743,
    1916818,
    1933328,
    1949872,
    1966532,
    1983392,
    1999612,
    2016297,
    2033152,
    2049195,
    2065929,
    2082227,
    2099441,
    2116376,
    2132947,
    2149712,
    2166446,
    2186322
  ],
  "average_vsync_transitions_missed": 1.1153846153846154,
  "90th_percentile_vsync_transitions_missed": 1.0,
  "99th_percentile_vsync_transitions_missed": 3.0
}