{
  "average_frame_build_time_millis": 1.328717741935484,
  "90th_percentile_frame_build_time_millis": 1.556,
  "99th_percentile_frame_build_time_millis": 5.374,
  "worst_frame_build_time_millis": 7.373,
  "missed_frame_build_budget_count": 0,
  "average_frame_rasterizer_time_millis": 4.818544000000001,
  "90th_percentile_frame_rasterizer_time_millis": 16.513,
  "99th_percentile_frame_rasterizer_time_millis": 17.322,
  "worst_frame_rasterizer_time_millis": 41.819,
  "missed_frame_rasterizer_budget_count": 20,
  "frame_count": 124,
  "frame_rasterizer_count": 125,
  "frame_build_times": [
    983,
    507,
    743,
    546,
    797,
    802,
    953,
    1091,
    103,
    301,
    306,
    418,
    448,
    445,
    428,
    495,
    471,
    447,
    447,
    469,
    469,
    7373,
    2023,
    1462,
    1421,
    1365,
    1428,
    1447,
    1352,
    1364,
    1452,
    1435,
    1381,
    1415,
    1446,
    923,
    940,
    942,
    978,
    962,
    916,
    922,
    960,
    936,
    928,
    955,
    4175,
    5111,
    1817,
    755,
    564,
    314,
    428,
    424,
    923,
    1002,
    1151,
    1518,
    1467,
    1620,
    1085,
    1109,
    1186,
    1075,
    1000,
    1024,
    1281,
    1028,
    965,
    970,
    996,
    4166,
    5149,
    1556,
    1390,
    1474,
    1451,
    1421,
    1489,
    1341,
    1411,
    1420,
    1389,
    1414,
    1424,
    1412,
    930,
    962,
    911,
    964,
    1001,
    960,
    920,
    956,
    987,
    1033,
    1020,
    4429,
    5374,
    1775,
    912,
    1306,
    1501,
    1461,
    1484,
    1492,
    1170,
    1503,
    1505,
    1467,
    1115,
    1481,
    1026,
    1071,
    1298,
    1127,
    1094,
    1207,
    1099,
    1129,
    1127,
    1191,
    1105,
    4378
  ],
  "frame_rasterizer_times": [
    1067,
    16591,
    16312,
    16426,
    16621,
    16186,
    16563,
    16290,
    16014,
    17107,
    17095,
    16576,
    16513,
    16617,
    17322,
    15936,
    16393,
    16633,
    17267,
    15988,
    16487,
    16754,
    1593,
    2404,
    2461,
    2469,
    3223,
    2483,
    2305,
    2282,
    2240,
    2473,
    2265,
    2221,
    2170,
    1831,
    2217,
    2219,
    2193,
    2284,
    2189,
    2215,
    2236,
    2301,
    2165,
    2171,
    2416,
    1699,
    1630,
    41819,
    711,
    523,
    476,
    715,
    990,
    1462,
    1659,
    1880,
    2432,
    2579,
    2492,
    2444,
    2275,
    3729,
    2472,
    2351,
    2294,
    2419,
    2335,
    2377,
    2391,
    1843,
    2160,
    1612,
    1982,
    2080,
    2407,
    3079,
    2356,
    2283,
    2274,
    2412,
    2296,
    2249,
    2236,
    2155,
    1743,
    2040,
    2188,
    1841,
    2209,
    2155,
    2256,
    2309,
    2218,
    2238,
    2337,
    2318,
    1739,
    1173,
    1462,
    1348,
    1792,
    2351,
    2024,
    1960,
    2031,
    1627,
    2039,
    2051,
    2069,
    1580,
    1927,
    2010,
    2199,
    1994,
    1945,
    1937,
    2126,
    1954,
    1961,
    1933,
    2287,
    2230,
    1355
  ],
  "frame_begin_times": [
    0,
    16705,
    33405,
    50035,
    66729,
    83383,
    100014,
    116731,
    133391,
    150371,
    167096,
    183713,
    200441,
    217114,
    234146,
    250427,
    267048,
    283769,
    300854,
    317031,
    333732,
    400193,
    417119,
    433758,
    450443,
    467072,
    483801,
    500386,
    516944,
    533775,
    550552,
    567113,
    583725,
    600429,
    617230,
    633719,
    650397,
    667122,
    683702,
    700391,
    717049,
    733739,
    750446,
    767160,
    783698,
    800483,
    817069,
    850282,
    867182,
    883457,
    916738,
    933362,
    950050,
    966685,
    983485,
    1000219,
    1016897,
    1033735,
    1050460,
    1067151,
    1083846,
    1100488,
    1117135,
    1133728,
    1150382,
    1167059,
    1183899,
    1200370,
    1217016,
    1233705,
    1250532,
    1267018,
    1300236,
    1316957,
    1333642,
    1350328,
    1367080,
    1383688,
    1400395,
    1416957,
    1433845,
    1450387,
    1467016,
    1483722,
    1500495,
    1517284,
    1533689,
    1550396,
    1567099,
    1583714,
    1600372,
    1617011,
    1633581,
    1650359,
    1667001,
    1683708,
    1700382,
    1717005,
    1750025,
    1766821,
    1783488,
    1800258,
    1817218,
    1833667,
    1850381,
    1866856,
    1883868,
    1900375,
    1916973,
    1933676,
    1950255,
    1966984,
    1983604,
    2000371,
    2017118,
    2033717,
    2050337,
    2067089,
    2083713,
    2100359,
    2116954,
    2133843,
    2150365,
    2166947
  ],
  "frame_rasterizer_begin_times": [
    0,
    14862,
    31507,
    48117,
    64610,
    81500,
    98186,
    114932,
    131799,
    147927,
    165074,
    182246,
    198899,
    215489,
    232193,
    249638,
    265648,
    282116,
    298814,
    316146,
    332208,
    348775,
    421260,
    433060,
    449187,
    465819,
    482417,
    499190,
    515788,
    532218,
    549110,
    565968,
    582490,
    599084,
    615803,
    632517,
    648598,
    665294,
    682019,
    698623,
    715312,
    731924,
    748607,
    765349,
    782054,
    798579,
    815396,
    835169,
    869051,
    882841,
    924797,
    931186,
    947599,
    964381,
    980999,
    998315,
    1015094,
    1032063,
    1049216,
    1065886,
    1082640,
    1098901,
    1115550,
    1132131,
    1148643,
    1165305,
    1182064,
    1199073,
    1215350,
    1231964,
    1248654,
    1265448,
    1284658,
    1318982,
    1332475,
    1348988,
    1365706,
    1382335,
    1399064,
    1415839,
    1432217,
    1449222,
    1465762,
    1482382,
    1499093,
    1515883,
    1532611,
    1548574,
    1565339,
    1581936,
    1598648,
    1615350,
    1631952,
    1648423,
    1665284,
    1681915,
    1698597,
    1715345,
    1735344,
    1769204,
    1782490,
    1798321,
    1815434,
    1832691,
    1849103,
    1865843,
    1882299,
    1898927,
    1915847,
    1932433,
    1949100,
    1965268,
    1982443,
    1998584,
    2015421,
    2032254,
    2048795,
    2065335,
    2082205,
    2098775,
    2115418,
    2132029,
    2148894,
    2165451,
    2184916
  ],
  "average_vsync_transitions_missed": 1.12,
  "90th_percentile_vsync_transitions_missed": 1.0,
  "99th_percentile_vsync_transitions_missed": 3.0
}