{
  "average_frame_build_time_millis": 1.3394240000000002,
  "90th_percentile_frame_build_time_millis": 1.629,
  "99th_percentile_frame_build_time_millis": 6.57,
  "worst_frame_build_time_millis": 8.187,
  "missed_frame_build_budget_count": 0,
  "average_frame_rasterizer_time_millis": 2.390222222222223,
  "90th_percentile_frame_rasterizer_time_millis": 2.486,
  "99th_percentile_frame_rasterizer_time_millis": 16.881,
  "worst_frame_rasterizer_time_millis": 42.899,
  "missed_frame_rasterizer_budget_count": 2,
  "frame_count": 125,
  "frame_rasterizer_count": 126,
  "frame_build_times": [
    503,
    611,
    591,
    812,
    756,
    730,
    1014,
    935,
    299,
    261,
    290,
    443,
    346,
    438,
    432,
    427,
    448,
    436,
    459,
    414,
    433,
    5728,
    1629,
    1193,
    1480,
    1386,
    1456,
    1529,
    1413,
    1563,
    1420,
    1382,
    1393,
    1415,
    1103,
    721,
    968,
    970,
    981,
    961,
    992,
    726,
    943,
    930,
    955,
    950,
    3772,
    5023,
    1350,
    793,
    576,
    317,
    453,
    420,
    965,
    979,
    1191,
    933,
    1014,
    1165,
    1041,
    987,
    1025,
    994,
    987,
    1011,
    1028,
    997,
    1001,
    1057,
    789,
    4232,
    6570,
    2141,
    1379,
    1563,
    1057,
    1366,
    1430,
    1396,
    1432,
    1519,
    1382,
    1502,
    1507,
    1394,
    978,
    2535,
    744,
    943,
    942,
    1594,
    1009,
    1050,
    977,
    984,
    954,
    4595,
    944,
    8187,
    2119,
    1109,
    1509,
    1580,
    1526,
    1523,
    1344,
    1470,
    1524,
    1861,
    1469,
    1471,
    1046,
    837,
    1068,
    1060,
    1082,
    1072,
    1068,
    832,
    1062,
    1112,
    1101,
    1056,
    5088
  ],
  "frame_rasterizer_times": [
    16881,
    1054,
    380,
    631,
    707,
    426,
    723,
    521,
    521,
    1249,
    1094,
    1267,
    1887,
    1478,
    1939,
    1971,
    1811,
    1752,
    2048,
    1916,
    1791,
    1978,
    1735,
    2154,
    1865,
    2421,
    3569,
    2312,
    2270,
    2199,
    2380,
    2385,
    2265,
    2175,
    2367,
    1763,
    2171,
    2184,
    2026,
    2273,
    2185,
    2194,
    1785,
    2204,
    2141,
    2404,
    2339,
    1802,
    1780,
    42899,
    744,
    516,
    486,
    745,
    685,
    1531,
    1575,
    2060,
    1772,
    1618,
    1786,
    2313,
    2407,
    3346,
    2333,
    2247,
    2482,
    2337,
    2486,
    2209,
    2517,
    1825,
    1815,
    1624,
    1995,
    2459,
    2536,
    2843,
    2353,
    2325,
    2760,
    2893,
    2852,
    2044,
    2603,
    2285,
    2349,
    2191,
    3032,
    2267,
    2304,
    2340,
    2413,
    2204,
    2319,
    2135,
    2136,
    2333,
    1704,
    1368,
    1332,
    1824,
    1731,
    2038,
    2407,
    1963,
    2363,
    1636,
    2083,
    2042,
    2127,
    2009,
    1932,
    1915,
    1683,
    1935,
    1892,
    2026,
    2074,
    1954,
    1540,
    2267,
    1985,
    1918,
    1931,
    1787
  ],
  "frame_begin_times": [
    0,
    16659,
    33294,
    50025,
    66732,
    83399,
    100012,
    116726,
    133727,
    150280,
    166977,
    183783,
    200290,
    217066,
    233743,
    250374,
    267085,
    283851,
    300387,
    317049,
    333784,
    400520,
    416952,
    433647,
    450342,
    467039,
    483758,
    500444,
    517201,
    533857,
    550463,
    567118,
    583749,
    600504,
    616925,
    633602,
    650408,
    667383,
    683678,
    700501,
    717097,
    733653,
    750370,
    767059,
    783757,
    800441,
    816962,
    850084,
    866993,
    883518,
    916598,
    933298,
    949971,
    966666,
    983643,
    1000254,
    1016936,
    1033400,
    1050227,
    1066905,
    1083731,
    1100358,
    1117166,
    1133682,
    1150321,
    1167092,
    1183717,
    1200323,
    1217066,
    1233873,
    1250245,
    1267011,
    1300286,
    1316851,
    1333716,
    1350347,
    1366985,
    1383657,
    1400379,
    1417266,
    1433741,
    1450432,
    1467025,
    1484076,
    1500355,
    1516969,
    1533685,
    1551875,
    1566900,
    1583646,
    1600305,
    1617502,
    1633642,
    1650331,
    1667273,
    1683804,
    1700355,
    1716933,
    1750306,
    1766976,
    1783544,
    1800271,
    1816996,
    1833533,
    1850330,
    1867156,
    1883695,
    1900312,
    1916968,
    1933780,
    1950249,
    1966975,
    1983613,
    2000180,
    2016984,
    2033619,
    2050392,
    2067010,
    2083693,
    2100305,
    2117132,
    2133681,
    2150336,
    2166962,
    2183895
  ],
  "frame_rasterizer_begin_times": [
    0,
    16978,
    33448,
    50080,
    67010,
    83661,
    100291,
    117166,
    133844,
    150268,
    166683,
    183419,
    200422,
    216813,
    233711,
    250369,
    267015,
    283725,
    300487,
    317037,
    333658,
    350357,
    422160,
    434666,
    451019,
    467939,
    484618,
    501360,
    518122,
    534804,
    551594,
    568092,
    584681,
    601338,
    618199,
    634213,
    650500,
    667536,
    684525,
    700855,
    717682,
    734331,
    750563,
    767505,
    784160,
    800860,
    817601,
    836821,
    870939,
    884497,
    927541,
    933293,
    949737,
    966590,
    983258,
    1000703,
    1017407,
    1034288,
    1050499,
    1067398,
    1084204,
    1100932,
    1117563,
    1134393,
    1150802,
    1167523,
    1184335,
    1200979,
    1217530,
    1234262,
    1251124,
    1267188,
    1286847,
    1322827,
    1335082,
    1351295,
    1368080,
    1384198,
    1401219,
    1418006,
    1434866,
    1451368,
    1468054,
    1484607,
    1501861,
    1518035,
    1534571,
    1550763,
    1570624,
    1583796,
    1600786,
    1617439,
    1635182,
    1650764,
    1667496,
    1684402,
    1701000,
    1717465,
    1737684,
    1767374,
    1791097,
    1801795,
    1817558,
    1834701,
    1851217,
    1868051,
    1884825,
    1901201,
    1917979,
    1934634,
    1951822,
    1967910,
    1984643,
    2000838,
    2017266,
    2034262,
    2050824,
    2067691,
    2084266,
    2100959,
    2117305,
    2134369,
    2150910,
    2167635,
    2184212,
    2204610
  ],
  "average_vsync_transitions_missed": 1.25,
  "90th_percentile_vsync_transitions_missed": 2.0,
  "99th_percentile_vsync_transitions_missed": 2.0
}