{
  "average_frame_build_time_millis": 1.3338015873015872,
  "90th_percentile_frame_build_time_millis": 1.627,
  "99th_percentile_frame_build_time_millis": 6.591,
  "worst_frame_build_time_millis": 8.44,
  "missed_frame_build_budget_count": 0,
  "average_frame_rasterizer_time_millis": 2.37215873015873,
  "90th_percentile_frame_rasterizer_time_millis": 2.431,
  "99th_percentile_frame_rasterizer_time_millis": 16.607,
  "worst_frame_rasterizer_time_millis": 42.564,
  "missed_frame_rasterizer_budget_count": 2,
  "frame_count": 126,
  "frame_rasterizer_count": 126,
  "frame_build_times": [
    705,
    495,
    590,
    559,
    553,
    768,
    723,
    994,
    949,
    270,
    259,
    356,
    385,
    465,
    431,
    448,
    450,
    336,
    426,
    429,
    440,
    446,
    5597,
    1599,
    1060,
    1627,
    1535,
    1479,
    1462,
    1908,
    1505,
    1422,
    1509,
    1271,
    1459,
    1443,
    982,
    1038,
    1007,
    984,
    1077,
    1002,
    1038,
    1006,
    1031,
    1099,
    991,
    3967,
    4735,
    1698,
    790,
    555,
    323,
    446,
    439,
    984,
    1001,
    1227,
    1102,
    1165,
    1615,
    1107,
    1044,
    1041,
    1024,
    1098,
    878,
    964,
    1175,
    1046,
    1061,
    753,
    4134,
    6591,
    1446,
    1437,
    1481,
    1375,
    1539,
    1472,
    1385,
    1380,
    1393,
    1459,
    1415,
    1402,
    1402,
    1033,
    961,
    949,
    1172,
    967,
    946,
    967,
    968,
    957,
    953,
    944,
    4159,
    778,
    8440,
    2577,
    1068,
    1433,
    1526,
    1503,
    1560,
    1345,
    1537,
    1514,
    1781,
    1101,
    1230,
    1071,
    1021,
    1052,
    1163,
    1076,
    1050,
    1043,
    827,
    1034,
    1058,
    1051,
    1104,
    4983
  ],
  "frame_rasterizer_times": [
    16607,
    1146,
    370,
    651,
    556,
    401,
    738,
    588,
    544,
    1748,
    1216,
    1364,
    1383,
    1773,
    1748,
    1848,
    1756,
    1477,
    1892,
    1777,
    1894,
    1987,
    1457,
    2030,
    1848,
    3279,
    3492,
    2233,
    2242,
    2304,
    2236,
    2174,
    2259,
    2269,
    2297,
    2122,
    2368,
    2294,
    2206,
    2254,
    2388,
    2257,
    2172,
    2138,
    2432,
    2228,
    2129,
    1639,
    1702,
    42564,
    774,
    492,
    470,
    702,
    698,
    1485,
    1584,
    2003,
    1640,
    1828,
    2305,
    2431,
    2321,
    3276,
    2418,
    1957,
    2076,
    2311,
    2268,
    2367,
    2295,
    1770,
    2097,
    1578,
    1910,
    2649,
    2551,
    2963,
    2291,
    2299,
    2328,
    2268,
    2314,
    1871,
    2273,
    2288,
    2259,
    2337,
    2217,
    2190,
    2346,
    2303,
    2181,
    2194,
    2618,
    2337,
    2178,
    2269,
    1341,
    1251,
    1455,
    1818,
    1460,
    2127,
    2393,
    2122,
    2100,
    1537,
    2517,
    2038,
    2298,
    1413,
    1818,
    2112,
    1990,
    2881,
    1815,
    1812,
    2126,
    1902,
    1457,
    2142,
    1936,
    2099,
    2102,
    1773
  ],
  "frame_begin_times": [
    0,
    16663,
    33353,
    49970,
    66722,
    83377,
    100030,
    116758,
    133487,
    150518,
    166906,
    183632,
    200274,
    217109,
    233781,
    250444,
    267120,
    283621,
    300408,
    317108,
    333745,
    350398,
    416812,
    433636,
    450296,
    467304,
    483742,
    500402,
    517076,
    533917,
    550485,
    567077,
    583724,
    600319,
    617126,
    633713,
    650290,
    667120,
    683706,
    700363,
    717176,
    733743,
    750423,
    767087,
    783824,
    800552,
    817061,
    833710,
    866789,
    883631,
    900108,
    933386,
    950027,
    966720,
    983358,
    1000233,
    1016891,
    1033664,
    1050380,
    1066949,
    1083720,
    1100678,
    1117066,
    1133754,
    1150400,
    1167227,
    1183562,
    1200249,
    1217059,
    1233789,
    1250461,
    1266885,
    1283676,
    1316737,
    1333565,
    1350473,
    1367081,
    1383734,
    1400356,
    1417178,
    1433587,
    1450386,
    1467201,
    1483781,
    1500376,
    1517088,
    1533681,
    1550461,
    1567010,
    1583694,
    1600426,
    1617031,
    1633671,
    1650323,
    1667146,
    1683607,
    1700265,
    1717008,
    1733808,
    1766834,
    1783462,
    1800270,
    1816867,
    1833694,
    1850338,
    1867095,
    1883701,
    1900642,
    1917089,
    1933822,
    1950515,
    1966947,
    1983898,
    2000560,
    2016905,
    2033652,
    2050985,
    2067028,
    2083664,
    2100475,
    2116917,
    2133520,
    2150382,
    2167020,
    2183592,
    2200417
  ],
  "frame_rasterizer_begin_times": [
    0,
    16658,
    33241,
    49827,
    66586,
    83489,
    100060,
    117076,
    133754,
    150059,
    166435,
    183266,
    199940,
    216838,
    233527,
    250198,
    266852,
    283258,
    300160,
    316859,
    333462,
    350147,
    421469,
    434519,
    450644,
    468242,
    484599,
    501162,
    517840,
    535055,
    551208,
    567818,
    584550,
    600809,
    617906,
    634471,
    650588,
    667468,
    683995,
    700651,
    717574,
    734022,
    750738,
    767410,
    784187,
    800978,
    817347,
    836956,
    870600,
    884651,
    927316,
    933196,
    949632,
    966480,
    983109,
    1000523,
    1017192,
    1034158,
    1050710,
    1067404,
    1084685,
    1101026,
    1117420,
    1134067,
    1150681,
    1167565,
    1183634,
    1200500,
    1217385,
    1234120,
    1250812,
    1266923,
    1286594,
    1322419,
    1334327,
    1351185,
    1367908,
    1384458,
    1401097,
    1417978,
    1434288,
    1451089,
    1467923,
    1484547,
    1501115,
    1517812,
    1534403,
    1550817,
    1567317,
    1583965,
    1600889,
    1617312,
    1633928,
    1650611,
    1667446,
    1683884,
    1700541,
    1717274,
    1737256,
    1766913,
    1790858,
    1802065,
    1817243,
    1834454,
    1851193,
    1867928,
    1884624,
    1901308,
    1917971,
    1934665,
    1951568,
    1967357,
    1984535,
    2000961,
    2017243,
    2034030,
    2051540,
    2067381,
    2084055,
    2100840,
    2117028,
    2133872,
    2150763,
    2167394,
    2184050,
    2204248
  ],
  "average_vsync_transitions_missed": 1.75,
  "90th_percentile_vsync_transitions_missed": 3.0,
  "99th_percentile_vsync_transitions_missed": 3.0
}