{
  "average_frame_build_time_millis": 1.353896825396826,
  "90th_percentile_frame_build_time_millis": 1.611,
  "99th_percentile_frame_build_time_millis": 6.763,
  "worst_frame_build_time_millis": 8.607,
  "missed_frame_build_budget_count": 0,
  "average_frame_rasterizer_time_millis": 2.364031746031745,
  "90th_percentile_frame_rasterizer_time_millis": 2.44,
  "99th_percentile_frame_rasterizer_time_millis": 15.69,
  "worst_frame_rasterizer_time_millis": 40.291,
  "missed_frame_rasterizer_budget_count": 1,
  "frame_count": 126,
  "frame_rasterizer_count": 126,
  "frame_build_times": [
    1292,
    479,
    549,
    578,
    544,
    752,
    688,
    1021,
    1059,
    108,
    296,
    299,
    332,
    423,
    434,
    435,
    433,
    450,
    456,
    434,
    436,
    466,
    6763,
    1596,
    1401,
    1415,
    1431,
    1483,
    1438,
    1517,
    1080,
    1459,
    1469,
    1451,
    1523,
    1564,
    956,
    1053,
    1061,
    993,
    959,
    1096,
    1048,
    989,
    1028,
    973,
    983,
    4151,
    4816,
    1340,
    724,
    545,
    287,
    447,
    473,
    989,
    996,
    1333,
    1611,
    1545,
    1690,
    1033,
    921,
    1072,
    1034,
    1015,
    789,
    995,
    1031,
    1052,
    1060,
    1000,
    4148,
    6092,
    1562,
    1449,
    1530,
    1413,
    1388,
    1388,
    1462,
    1391,
    1354,
    1407,
    1050,
    1395,
    1450,
    944,
    980,
    980,
    944,
    764,
    996,
    958,
    959,
    1027,
    1063,
    976,
    4432,
    997,
    8607,
    2126,
    1626,
    1092,
    1504,
    1474,
    1524,
    1482,
    1449,
    1790,
    1545,
    1441,
    1490,
    1204,
    1079,
    1096,
    1050,
    1474,
    1065,
    1060,
    1076,
    863,
    1064,
    1112,
    1071,
    5086
  ],
  "frame_rasterizer_times": [
    15690,
    1238,
    398,
    587,
    555,
    408,
    693,
    571,
    682,
    548,
    1436,
    1242,
    1359,
    1895,
    1886,
    1936,
    1761,
    1739,
    1878,
    1726,
    1848,
    2054,
    1670,
    2247,
    2450,
    2471,
    3107,
    2276,
    2230,
    2204,
    1963,
    2210,
    2274,
    2331,
    2321,
    2136,
    2167,
    2440,
    2332,
    2194,
    2207,
    2381,
    2222,
    2251,
    2126,
    2003,
    2226,
    1557,
    1515,
    40291,
    818,
    518,
    495,
    708,
    760,
    1570,
    1605,
    1877,
    2597,
    2487,
    2378,
    2389,
    1995,
    3292,
    2324,
    2355,
    2218,
    2080,
    2283,
    2582,
    2386,
    2325,
    2115,
    1599,
    1932,
    2416,
    2526,
    2944,
    1828,
    2244,
    1801,
    2315,
    2320,
    2208,
    2307,
    2294,
    2261,
    2410,
    2351,
    2271,
    2236,
    1929,
    2300,
    2223,
    2260,
    2320,
    2310,
    2221,
    1652,
    1155,
    1460,
    1959,
    1847,
    1521,
    2490,
    2220,
    2131,
    2078,
    2092,
    2306,
    2083,
    2075,
    2140,
    2355,
    1842,
    2401,
    2081,
    2103,
    2050,
    2099,
    2035,
    1775,
    2005,
    1828,
    2301,
    1869
  ],
  "frame_begin_times": [
    0,
    16403,
    33162,
    49742,
    66417,
    83135,
    99808,
    116478,
    133130,
    149793,
    166906,
    183354,
    200089,
    216784,
    233562,
    250167,
    266857,
    283521,
    300262,
    316885,
    333482,
    350211,
    416765,
    433401,
    450218,
    466920,
    483679,
    500189,
    516881,
    533454,
    550076,
    566743,
    583438,
    600095,
    616901,
    633534,
    650156,
    666912,
    683494,
    700103,
    716851,
    733666,
    750111,
    766845,
    783517,
    800429,
    816826,
    833506,
    866556,
    883380,
    899824,
    933074,
    949731,
    966452,
    983097,
    1000020,
    1016661,
    1033385,
    1050419,
    1066819,
    1083411,
    1100148,
    1116936,
    1133499,
    1150070,
    1166923,
    1183363,
    1200129,
    1216788,
    1233416,
    1250194,
    1266735,
    1283462,
    1316596,
    1333311,
    1350088,
    1366915,
    1383428,
    1400120,
    1416762,
    1433624,
    1450082,
    1466792,
    1483437,
    1500047,
    1516841,
    1533478,
    1550129,
    1566856,
    1583500,
    1600062,
    1616708,
    1633540,
    1650118,
    1666760,
    1683774,
    1700117,
    1716752,
    1733420,
    1766799,
    1783541,
    1799903,
    1816817,
    1833356,
    1850039,
    1866741,
    1883632,
    1900179,
    1916801,
    1933877,
    1950123,
    1966643,
    1983567,
    2000620,
    2016766,
    2033739,
    2050085,
    2067167,
    2083417,
    2100071,
    2116935,
    2133461,
    2150027,
    2166694,
    2183449,
    2200146
  ],
  "frame_rasterizer_begin_times": [
    0,
    15732,
    32425,
    49003,
    65645,
    82569,
    99235,
    116154,
    132846,
    148603,
    165877,
    182338,
    199088,
    215917,
    232716,
    249312,
    266010,
    282678,
    299422,
    316034,
    332608,
    349370,
    421903,
    433642,
    450314,
    467050,
    483724,
    500319,
    516971,
    533700,
    549855,
    566911,
    583586,
    600235,
    617104,
    633786,
    649809,
    666679,
    683232,
    699805,
    716547,
    733456,
    749859,
    766542,
    783160,
    800096,
    816548,
    836339,
    869720,
    883387,
    923795,
    932288,
    948689,
    965589,
    982284,
    999682,
    1016331,
    1033419,
    1050739,
    1067079,
    1083837,
    1099853,
    1116485,
    1133275,
    1149786,
    1166661,
    1182843,
    1199823,
    1216557,
    1233133,
    1249977,
    1266442,
    1285815,
    1321191,
    1333547,
    1350226,
    1367057,
    1383577,
    1400213,
    1416862,
    1433785,
    1450154,
    1466935,
    1483582,
    1499765,
    1516941,
    1533560,
    1549771,
    1566545,
    1583160,
    1599707,
    1616156,
    1633247,
    1649774,
    1666443,
    1683526,
    1699770,
    1716437,
    1736479,
    1766445,
    1790615,
    1800679,
    1817077,
    1833124,
    1850234,
    1866915,
    1883826,
    1900376,
    1916963,
    1934210,
    1950380,
    1966763,
    1983774,
    2000417,
    2016561,
    2033520,
    2049844,
    2067346,
    2083174,
    2099834,
    2116708,
    2132999,
    2149827,
    2166488,
    2183193,
    2203473
  ],
  "average_vsync_transitions_missed": 1.75,
  "90th_percentile_vsync_transitions_missed": 3.0,
  "99th_percentile_vsync_transitions_missed": 3.0
}