{
  "average_frame_build_time_millis": 1.32492,
  "90th_percentile_frame_build_time_millis": 1.551,
  "99th_percentile_frame_build_time_millis": 6.782,
  "worst_frame_build_time_millis": 7.721,
  "missed_frame_build_budget_count": 0,
  "average_frame_rasterizer_time_millis": 2.2547200000000003,
  "90th_percentile_frame_rasterizer_time_millis": 2.445,
  "99th_percentile_frame_rasterizer_time_millis": 3.673,
  "worst_frame_rasterizer_time_millis": 43.386,
  "missed_frame_rasterizer_budget_count": 1,
  "frame_count": 125,
  "frame_rasterizer_count": 125,
  "frame_build_times": [
    973,
    547,
    564,
    534,
    846,
    763,
    843,
    922,
    119,
    276,
    297,
    340,
    446,
    436,
    432,
    329,
    328,
    294,
    323,
    606,
    462,
    6782,
    1520,
    997,
    1393,
    1421,
    1373,
    1346,
    1405,
    1389,
    1366,
    1390,
    1430,
    1471,
    1375,
    939,
    1066,
    947,
    947,
    722,
    979,
    913,
    921,
    916,
    976,
    915,
    4097,
    6070,
    1683,
    840,
    536,
    286,
    401,
    405,
    995,
    1004,
    1174,
    1718,
    1552,
    1532,
    977,
    987,
    1207,
    1076,
    1032,
    1002,
    985,
    984,
    1025,
    1005,
    980,
    4480,
    6372,
    1500,
    889,
    1135,
    1043,
    1385,
    1407,
    1472,
    1370,
    1390,
    1433,
    1483,
    1417,
    1411,
    984,
    1000,
    979,
    953,
    857,
    967,
    963,
    956,
    750,
    967,
    979,
    4514,
    747,
    7721,
    2260,
    1153,
    1465,
    1413,
    1551,
    1531,
    1465,
    1446,
    1222,
    1476,
    1450,
    1092,
    1087,
    1059,
    1058,
    1065,
    1086,
    1024,
    1050,
    1153,
    1132,
    1059,
    1107,
    1142,
    4413
  ],
  "frame_rasterizer_times": [
    712,
    378,
    657,
    559,
    474,
    846,
    433,
    587,
    536,
    1266,
    1182,
    1389,
    1976,
    1938,
    1858,
    1786,
    1854,
    1329,
    1358,
    2053,
    2308,
    1604,
    2171,
    1801,
    2419,
    3673,
    1740,
    2214,
    2434,
    2297,
    2241,
    2256,
    2477,
    2236,
    2225,
    2142,
    2091,
    2411,
    2164,
    1680,
    2233,
    2181,
    2197,
    2274,
    2310,
    2180,
    1613,
    1727,
    43386,
    713,
    479,
    439,
    709,
    648,
    1570,
    1633,
    2030,
    2062,
    2715,
    2710,
    2706,
    2445,
    2934,
    1917,
    2723,
    3155,
    2308,
    2307,
    2885,
    2418,
    2379,
    2095,
    1578,
    2015,
    1578,
    1773,
    2254,
    2245,
    2309,
    2389,
    2252,
    2308,
    2655,
    2332,
    2277,
    2217,
    2488,
    2150,
    2262,
    2192,
    2079,
    2304,
    2216,
    2129,
    2138,
    2222,
    2194,
    1792,
    1281,
    1347,
    1991,
    1590,
    1979,
    2364,
    2329,
    2025,
    1970,
    2009,
    1636,
    2090,
    2045,
    1570,
    2050,
    1953,
    1942,
    2000,
    2008,
    2010,
    1971,
    2097,
    2027,
    1934,
    1957,
    2139,
    1342
  ],
  "frame_begin_times": [
    0,
    16627,
    33228,
    49998,
    66660,
    83275,
    99934,
    116660,
    133319,
    150364,
    166869,
    183621,
    200463,
    217000,
    233636,
    250395,
    267172,
    283495,
    300267,
    317125,
    333861,
    400368,
    416911,
    433557,
    450349,
    467013,
    483659,
    500360,
    517101,
    533787,
    550473,
    567032,
    583818,
    600362,
    616968,
    633627,
    650740,
    667006,
    683687,
    700205,
    717034,
    733667,
    750393,
    767054,
    783726,
    800280,
    816963,
    850141,
    867041,
    883386,
    916532,
    933191,
    949923,
    966630,
    983541,
    1000189,
    1016850,
    1033735,
    1050282,
    1066985,
    1083611,
    1100396,
    1116964,
    1133549,
    1150762,
    1167064,
    1183648,
    1200336,
    1217440,
    1233646,
    1250232,
    1266995,
    1300154,
    1316772,
    1333418,
    1350207,
    1366787,
    1383632,
    1400274,
    1416991,
    1433656,
    1450282,
    1467062,
    1483620,
    1500235,
    1516901,
    1533802,
    1550235,
    1566909,
    1583597,
    1600420,
    1616931,
    1633601,
    1650237,
    1666877,
    1683617,
    1700266,
    1716919,
    1750143,
    1766925,
    1783556,
    1800147,
    1816980,
    1833500,
    1850419,
    1866913,
    1883586,
    1900222,
    1917119,
    1933587,
    1950235,
    1966939,
    1983657,
    2000380,
    2016899,
    2033555,
    2050351,
    2066955,
    2083567,
    2100434,
    2116997,
    2133572,
    2150226,
    2167050,
    2183529
  ],
  "frame_rasterizer_begin_times": [
    0,
    16252,
    32841,
    49584,
    66549,
    83086,
    99780,
    116649,
    132496,
    149670,
    166194,
    182992,
    199979,
    216502,
    233130,
    249848,
    266524,
    282834,
    299618,
    316673,
    333377,
    406017,
    417462,
    433614,
    450809,
    467470,
    484047,
    500780,
    517582,
    534250,
    550901,
    567445,
    584323,
    600894,
    617504,
    633642,
    650866,
    667024,
    683721,
    699987,
    717082,
    733654,
    750372,
    767016,
    783782,
    800256,
    820092,
    854996,
    867783,
    911263,
    916152,
    932566,
    949414,
    966041,
    983586,
    1000258,
    1017064,
    1034489,
    1050781,
    1067600,
    1083692,
    1100509,
    1117254,
    1133611,
    1150879,
    1167140,
    1183701,
    1200418,
    1217563,
    1233722,
    1250280,
    1270052,
    1305333,
    1317316,
    1333349,
    1350353,
    1366849,
    1384107,
    1400753,
    1417534,
    1434069,
    1450742,
    1467535,
    1484121,
    1500687,
    1517365,
    1533862,
    1550323,
    1566959,
    1583637,
    1600284,
    1617001,
    1633601,
    1650276,
    1666683,
    1683667,
    1700329,
    1720471,
    1749943,
    1773429,
    1784770,
    1800290,
    1817473,
    1833981,
    1851080,
    1867474,
    1884124,
    1900743,
    1917380,
    1934130,
    1950737,
    1967087,
    1983795,
    2000485,
    2017030,
    2033714,
    2050526,
    2067063,
    2083701,
    2100508,
    2117170,
    2133724,
    2150317,
    2167280,
    2186659
  ],
  "average_vsync_transitions_missed": 1.3333333333333333,
  "90th_percentile_vsync_transitions_missed": 2.0,
  "99th_percentile_vsync_transitions_missed": 2.0
}