{
  "average_frame_build_time_millis": 1.3258730158730159,
  "90th_percentile_frame_build_time_millis": 1.54,
  "99th_percentile_frame_build_time_millis": 7.559,
  "worst_frame_build_time_millis": 8.295,
  "missed_frame_build_budget_count": 0,
  "average_frame_rasterizer_time_millis": 2.340251968503935,
  "90th_percentile_frame_rasterizer_time_millis": 2.416,
  "99th_percentile_frame_rasterizer_time_millis": 16.437,
  "worst_frame_rasterizer_time_millis": 41.766,
  "missed_frame_rasterizer_budget_count": 2,
  "frame_count": 126,
  "frame_rasterizer_count": 127,
  "frame_build_times": [
    922,
    466,
    582,
    630,
    558,
    763,
    772,
    788,
    931,
    291,
    251,
    293,
    335,
    436,
    431,
    437,
    433,
    336,
    463,
    443,
    435,
    472,
    7559,
    1596,
    1051,
    1626,
    1420,
    1447,
    1354,
    1525,
    1394,
    1365,
    1381,
    1169,
    1431,
    1515,
    984,
    1045,
    985,
    967,
    1011,
    1007,
    957,
    977,
    996,
    987,
    936,
    4186,
    5499,
    1227,
    789,
    519,
    310,
    471,
    434,
    891,
    877,
    1013,
    1163,
    1509,
    1540,
    1048,
    1044,
    1042,
    1011,
    968,
    1014,
    1044,
    983,
    806,
    1132,
    738,
    3991,
    6077,
    1486,
    1447,
    1441,
    1378,
    1392,
    1464,
    1418,
    1376,
    1365,
    1162,
    1429,
    1365,
    1419,
    733,
    964,
    1006,
    947,
    984,
    952,
    951,
    994,
    955,
    988,
    949,
    4113,
    709,
    8295,
    2236,
    1108,
    1489,
    1079,
    1481,
    1444,
    1428,
    1432,
    1485,
    1507,
    1782,
    1534,
    1075,
    1124,
    1125,
    1258,
    1120,
    1163,
    1180,
    834,
    1023,
    1067,
    1038,
    1083,
    4804
  ],
  "frame_rasterizer_times": [
    1088,
    16437,
    1158,
    427,
    660,
    577,
    386,
    825,
    443,
    572,
    1398,
    1075,
    1242,
    1371,
    2064,
    1950,
    1803,
    1791,
    1487,
    1735,
    1715,
    1797,
    2004,
    2008,
    2339,
    1858,
    2691,
    3434,
    2229,
    2241,
    1931,
    2298,
    2337,
    1750,
    1832,
    2235,
    2292,
    2189,
    2301,
    2196,
    2171,
    2336,
    2256,
    2194,
    2253,
    2490,
    2224,
    2189,
    1595,
    1650,
    41766,
    786,
    525,
    503,
    719,
    677,
    1366,
    1404,
    1887,
    1914,
    2109,
    2416,
    2618,
    2333,
    3257,
    2344,
    2105,
    2347,
    2423,
    2171,
    2011,
    2589,
    2033,
    1765,
    1573,
    1962,
    2647,
    2506,
    2899,
    2259,
    2389,
    2356,
    2271,
    2255,
    1922,
    2287,
    2226,
    2254,
    2092,
    2242,
    2272,
    2345,
    2281,
    1950,
    2200,
    2446,
    2316,
    2169,
    2143,
    1503,
    1264,
    1433,
    1884,
    1571,
    2126,
    1850,
    1984,
    2167,
    1977,
    2117,
    2123,
    2029,
    2013,
    2154,
    1977,
    1874,
    1938,
    2096,
    1952,
    1997,
    2032,
    1604,
    1985,
    1970,
    1929,
    2050,
    1759
  ],
  "frame_begin_times": [
    0,
    16615,
    33312,
    49958,
    66709,
    83347,
    100036,
    116654,
    133358,
    150525,
    166888,
    183507,
    200271,
    217386,
    233729,
    250361,
    267061,
    283891,
    300311,
    317048,
    333712,
    350442,
    416815,
    433597,
    450212,
    467178,
    483731,
    500354,
    517044,
    533891,
    550374,
    566916,
    583704,
    600540,
    617027,
    633702,
    650347,
    667095,
    683668,
    700341,
    717025,
    733679,
    750350,
    767047,
    784029,
    800365,
    816987,
    833663,
    866723,
    883593,
    900075,
    933355,
    949961,
    966650,
    983354,
    1000112,
    1016838,
    1033588,
    1050356,
    1067033,
    1083636,
    1100586,
    1117146,
    1133708,
    1150327,
    1167396,
    1183679,
    1200429,
    1217030,
    1233555,
    1250319,
    1266869,
    1283655,
    1316813,
    1333550,
    1350411,
    1367001,
    1383584,
    1400315,
    1417396,
    1433657,
    1450340,
    1467013,
    1483813,
    1500227,
    1517009,
    1533642,
    1550257,
    1566981,
    1583615,
    1600281,
    1617039,
    1633701,
    1650331,
    1667141,
    1683675,
    1700329,
    1716923,
    1733810,
    1766694,
    1783574,
    1800221,
    1816865,
    1833633,
    1850209,
    1866991,
    1883629,
    1900346,
    1917036,
    1933660,
    1950271,
    1966920,
    1983735,
    2000307,
    2016939,
    2033586,
    2050475,
    2067079,
    2083787,
    2100391,
    2116843,
    2133626,
    2150234,
    2166882,
    2183654,
    2200224
  ],
  "frame_rasterizer_begin_times": [
    0,
    3578,
    20063,
    36576,
    53259,
    69939,
    86829,
    103445,
    120074,
    136937,
    153480,
    169751,
    186470,
    203294,
    220521,
    236891,
    253525,
    270220,
    286888,
    303479,
    320191,
    336839,
    353589,
    426737,
    437867,
    453935,
    471512,
    487839,
    504525,
    521131,
    538037,
    554487,
    570983,
    587776,
    604384,
    621149,
    637870,
    654005,
    670835,
    687261,
    704010,
    720715,
    737377,
    754005,
    770729,
    787718,
    804054,
    820652,
    840530,
    874628,
    887438,
    929287,
    936537,
    952934,
    969761,
    986430,
    1003676,
    1020382,
    1037312,
    1054141,
    1071234,
    1087877,
    1104355,
    1120876,
    1137457,
    1154022,
    1171006,
    1187429,
    1204176,
    1220700,
    1237026,
    1254029,
    1270262,
    1289864,
    1325380,
    1337696,
    1354563,
    1371146,
    1387658,
    1404397,
    1421570,
    1437766,
    1454412,
    1471084,
    1487544,
    1504271,
    1521081,
    1537749,
    1553651,
    1570677,
    1587326,
    1603936,
    1620717,
    1637267,
    1653963,
    1670844,
    1687320,
    1703884,
    1720574,
    1740511,
    1770039,
    1794330,
    1805101,
    1820636,
    1837792,
    1853971,
    1871167,
    1887760,
    1904462,
    1921160,
    1937831,
    1954481,
    1971403,
    1987962,
    2004110,
    2020741,
    2037291,
    2054427,
    2070865,
    2087534,
    2104197,
    2120337,
    2137382,
    2154004,
    2170612,
    2187490,
    2207279
  ],
  "average_vsync_transitions_missed": 1.6,
  "90th_percentile_vsync_transitions_missed": 3.0,
  "99th_percentile_vsync_transitions_missed": 3.0
}