{
  "average_frame_build_time_millis": 1.3351031746031747,
  "90th_percentile_frame_build_time_millis": 1.567,
  "99th_percentile_frame_build_time_millis": 7.727,
  "worst_frame_build_time_millis": 8.01,
  "missed_frame_build_budget_count": 0,
  "average_frame_rasterizer_time_millis": 2.332960317460317,
  "90th_percentile_frame_rasterizer_time_millis": 2.451,
  "99th_percentile_frame_rasterizer_time_millis": 15.821,
  "worst_frame_rasterizer_time_millis": 38.779,
  "missed_frame_rasterizer_budget_count": 1,
  "frame_count": 126,
  "frame_rasterizer_count": 126,
  "frame_build_times": [
    1513,
    472,
    594,
    583,
    557,
    741,
    713,
    736,
    916,
    145,
    292,
    296,
    351,
    462,
    452,
    435,
    441,
    462,
    461,
    436,
    431,
    441,
    7727,
    1556,
    921,
    1105,
    1721,
    1415,
    1404,
    1397,
    1412,
    1361,
    1347,
    1379,
    1447,
    1397,
    921,
    965,
    968,
    932,
    936,
    958,
    983,
    914,
    922,
    881,
    978,
    4179,
    4102,
    1277,
    413,
    551,
    277,
    463,
    1152,
    1096,
    1017,
    1141,
    1801,
    1567,
    1190,
    753,
    1387,
    1001,
    1007,
    1253,
    870,
    1035,
    1002,
    997,
    1036,
    1039,
    4499,
    6356,
    1304,
    886,
    1531,
    1460,
    1449,
    1427,
    1336,
    1368,
    1400,
    1409,
    1367,
    1395,
    1436,
    1008,
    1031,
    946,
    994,
    976,
    976,
    1014,
    959,
    1055,
    1030,
    1008,
    4395,
    679,
    8010,
    2139,
    1622,
    1407,
    1432,
    1469,
    1483,
    1416,
    1481,
    1366,
    1544,
    1481,
    1470,
    1121,
    1052,
    1068,
    1036,
    842,
    1058,
    1048,
    1032,
    1059,
    1059,
    1028,
    1051,
    5272
  ],
  "frame_rasterizer_times": [
    15821,
    1206,
    453,
    674,
    555,
    418,
    702,
    411,
    557,
    528,
    1484,
    1187,
    1405,
    1768,
    1891,
    1850,
    1750,
    1829,
    1931,
    1739,
    1748,
    2089,
    1662,
    2366,
    1603,
    1827,
    3510,
    2265,
    2298,
    2230,
    2248,
    2245,
    2221,
    2285,
    2297,
    2202,
    2327,
    2367,
    2400,
    2122,
    2272,
    2448,
    2258,
    2293,
    2222,
    1776,
    2225,
    1640,
    1511,
    38779,
    714,
    468,
    453,
    864,
    1647,
    1529,
    1614,
    1925,
    2651,
    2506,
    1888,
    1835,
    1901,
    3579,
    2515,
    2327,
    2849,
    2409,
    2339,
    2640,
    2451,
    2248,
    2144,
    1603,
    1727,
    1569,
    2210,
    2836,
    2214,
    2149,
    1843,
    2245,
    2217,
    2219,
    2316,
    2305,
    2239,
    2369,
    2284,
    2271,
    2149,
    2491,
    2303,
    2281,
    2126,
    2407,
    2258,
    2366,
    1308,
    1284,
    1381,
    2039,
    1710,
    2004,
    2373,
    2201,
    2056,
    2180,
    2072,
    1720,
    2038,
    1952,
    1959,
    2591,
    1943,
    1924,
    1974,
    1603,
    1918,
    1859,
    1922,
    2046,
    1534,
    1992,
    2179,
    1803
  ],
  "frame_begin_times": [
    0,
    16579,
    33251,
    49981,
    66606,
    83281,
    99920,
    116596,
    133325,
    149983,
    167113,
    183490,
    200187,
    217009,
    233720,
    250346,
    267118,
    283709,
    300402,
    317128,
    333708,
    350433,
    416918,
    433568,
    450140,
    466940,
    483845,
    500290,
    517137,
    533518,
    550353,
    567048,
    583617,
    600379,
    617155,
    633705,
    650324,
    667147,
    683656,
    700274,
    717040,
    733827,
    750304,
    767116,
    783605,
    800543,
    816960,
    833604,
    866693,
    883401,
    899893,
    933347,
    949975,
    966624,
    983945,
    1000108,
    1016768,
    1033514,
    1050804,
    1066979,
    1083545,
    1100054,
    1117483,
    1133596,
    1150282,
    1167007,
    1183589,
    1200450,
    1216797,
    1233598,
    1250335,
    1266920,
    1283565,
    1316772,
    1333307,
    1350100,
    1366969,
    1383573,
    1400253,
    1416919,
    1433595,
    1450271,
    1466947,
    1483566,
    1500131,
    1516932,
    1533658,
    1550272,
    1566877,
    1583594,
    1600268,
    1616992,
    1633591,
    1650301,
    1666898,
    1683718,
    1700246,
    1717163,
    1733583,
    1766601,
    1783499,
    1800135,
    1816950,
    1833648,
    1850217,
    1866926,
    1883608,
    1900101,
    1916972,
    1933881,
    1950283,
    1966842,
    1983470,
    2000428,
    2016920,
    2033484,
    2050192,
    2067145,
    2083563,
    2100197,
    2116870,
    2133591,
    2150180,
    2166916,
    2183522,
    2200293
  ],
  "frame_rasterizer_begin_times": [
    0,
    15926,
    32343,
    49005,
    65660,
    82495,
    99147,
    115792,
    132705,
    148511,
    165847,
    182237,
    199082,
    215968,
    232559,
    249260,
    266052,
    282645,
    299306,
    316046,
    332620,
    349339,
    422828,
    433565,
    449498,
    466490,
    484053,
    500147,
    517011,
    533347,
    550216,
    566875,
    583433,
    600256,
    617099,
    633607,
    649728,
    666611,
    683132,
    699713,
    716455,
    733273,
    749757,
    766508,
    782993,
    799842,
    816414,
    836222,
    868993,
    883088,
    921953,
    932393,
    948720,
    965579,
    983496,
    999617,
    1016250,
    1033114,
    1050985,
    1067069,
    1083138,
    1099262,
    1117289,
    1133077,
    1149766,
    1166634,
    1182968,
    1199986,
    1216273,
    1233074,
    1249882,
    1266412,
    1285982,
    1321379,
    1333072,
    1349429,
    1366941,
    1383529,
    1400197,
    1416798,
    1433393,
    1450145,
    1466851,
    1483481,
    1499986,
    1516840,
    1533591,
    1549761,
    1566417,
    1583029,
    1599763,
    1616427,
    1633061,
    1649773,
    1666277,
    1683283,
    1699717,
    1716678,
    1736418,
    1765803,
    1789718,
    1800700,
    1817065,
    1833538,
    1850155,
    1866881,
    1883558,
    1899970,
    1916892,
    1933795,
    1950305,
    1966807,
    1983417,
    1999999,
    2016436,
    2033014,
    2049694,
    2066417,
    2083104,
    2099688,
    2116385,
    2133131,
    2149735,
    2166423,
    2183058,
    2203462
  ],
  "average_vsync_transitions_missed": 1.75,
  "90th_percentile_vsync_transitions_missed": 3.0,
  "99th_percentile_vsync_transitions_missed": 3.0
}