{
  "average_frame_build_time_millis": 1.3502319999999999,
  "90th_percentile_frame_build_time_millis": 1.547,
  "99th_percentile_frame_build_time_millis": 6.494,
  "worst_frame_build_time_millis": 8.118,
  "missed_frame_build_budget_count": 0,
  "average_frame_rasterizer_time_millis": 2.3818095238095234,
  "90th_percentile_frame_rasterizer_time_millis": 2.456,
  "99th_percentile_frame_rasterizer_time_millis": 16.348,
  "worst_frame_rasterizer_time_millis": 41.976,
  "missed_frame_rasterizer_budget_count": 2,
  "frame_count": 125,
  "frame_rasterizer_count": 126,
  "frame_build_times": [
    450,
    630,
    533,
    807,
    743,
    728,
    1015,
    921,
    326,
    303,
    262,
    340,
    560,
    445,
    431,
    457,
    467,
    445,
    434,
    434,
    739,
    6368,
    1685,
    1466,
    1547,
    1504,
    1394,
    1417,
    1484,
    1540,
    1394,
    1385,
    1578,
    1495,
    1516,
    933,
    806,
    954,
    942,
    927,
    959,
    930,
    939,
    1012,
    1000,
    935,
    4058,
    5039,
    1316,
    775,
    565,
    293,
    427,
    439,
    996,
    979,
    998,
    1277,
    1186,
    1588,
    1009,
    1048,
    1057,
    1019,
    1061,
    1042,
    1060,
    1018,
    1127,
    1077,
    1018,
    4234,
    6494,
    1264,
    1028,
    1157,
    1446,
    1445,
    1481,
    1488,
    1462,
    1414,
    1486,
    1495,
    1419,
    1440,
    968,
    969,
    977,
    1008,
    788,
    1002,
    982,
    997,
    1031,
    990,
    1017,
    4440,
    884,
    8118,
    2316,
    1497,
    1445,
    1458,
    1543,
    1104,
    1452,
    1446,
    1506,
    1472,
    1448,
    1454,
    1179,
    1044,
    1064,
    1236,
    1107,
    1246,
    1078,
    1147,
    1102,
    1142,
    1069,
    1325,
    4923
  ],
  "frame_rasterizer_times": [
    16348,
    1273,
    379,
    572,
    728,
    434,
    713,
    574,
    560,
    1252,
    1195,
    1131,
    1401,
    1979,
    1891,
    1837,
    1876,
    2041,
    1812,
    1955,
    1763,
    1907,
    1688,
    2287,
    2456,
    2617,
    3609,
    2228,
    2292,
    2442,
    2296,
    2222,
    2223,
    2724,
    2306,
    2203,
    2225,
    1728,
    2306,
    2164,
    2207,
    2322,
    2183,
    2161,
    2362,
    2318,
    2026,
    1668,
    1683,
    41976,
    809,
    524,
    464,
    693,
    1013,
    1473,
    1563,
    1640,
    1892,
    1837,
    2449,
    2542,
    2488,
    3407,
    2417,
    2503,
    2344,
    2339,
    2253,
    2977,
    2089,
    2202,
    2087,
    1639,
    1832,
    1749,
    1900,
    2974,
    2195,
    2412,
    2345,
    2312,
    2284,
    2523,
    2339,
    2317,
    2226,
    2034,
    2274,
    2139,
    2206,
    1850,
    2186,
    2204,
    1891,
    2336,
    2222,
    2255,
    1713,
    1460,
    1393,
    2048,
    2044,
    2130,
    2384,
    2281,
    1609,
    1942,
    2041,
    2052,
    2046,
    2021,
    2038,
    2056,
    1993,
    1921,
    2219,
    1976,
    2067,
    1759,
    2308,
    1974,
    1938,
    1916,
    1781,
    1806
  ],
  "frame_begin_times": [
    0,
    16705,
    33387,
    50039,
    66688,
    83353,
    100109,
    116708,
    133711,
    150257,
    166877,
    183680,
    200541,
    217110,
    233763,
    250438,
    267308,
    283703,
    300599,
    317059,
    334036,
    400389,
    416952,
    433748,
    450592,
    467063,
    483790,
    500480,
    517052,
    533830,
    550402,
    567093,
    584078,
    600521,
    617064,
    633722,
    650744,
    667065,
    683743,
    700476,
    717171,
    733715,
    750407,
    767473,
    783735,
    800427,
    817110,
    850088,
    866791,
    883491,
    916706,
    933285,
    949963,
    966655,
    983617,
    1000216,
    1016946,
    1033597,
    1050273,
    1067106,
    1083762,
    1100368,
    1117036,
    1133745,
    1150581,
    1167048,
    1183691,
    1200379,
    1217240,
    1233681,
    1250417,
    1267008,
    1300181,
    1316904,
    1333504,
    1350332,
    1366965,
    1383818,
    1400366,
    1416955,
    1433703,
    1450325,
    1467122,
    1483722,
    1500330,
    1517081,
    1533831,
    1550440,
    1567003,
    1583789,
    1600312,
    1617008,
    1633682,
    1650396,
    1667149,
    1683673,
    1700335,
    1717104,
    1750139,
    1766899,
    1783839,
    1800357,
    1817015,
    1833649,
    1850480,
    1866862,
    1883480,
    1900300,
    1917222,
    1933710,
    1950363,
    1966994,
    1983641,
    2000301,
    2016967,
    2033825,
    2050377,
    2066987,
    2083641,
    2100452,
    2117045,
    2133616,
    2150290,
    2167384,
    2183724
  ],
  "frame_rasterizer_begin_times": [
    0,
    16419,
    33029,
    49589,
    66521,
    83123,
    99770,
    116844,
    133281,
    149735,
    166187,
    182807,
    199797,
    216817,
    233269,
    249932,
    266573,
    283474,
    299886,
    316709,
    333217,
    350477,
    422181,
    434318,
    450921,
    467858,
    484198,
    500919,
    517585,
    534269,
    551054,
    567523,
    584190,
    601331,
    617729,
    634299,
    650384,
    667227,
    683734,
    700384,
    717108,
    733876,
    750382,
    767060,
    784110,
    800414,
    817094,
    836842,
    870527,
    883699,
    925769,
    932944,
    949265,
    966060,
    982769,
    1000302,
    1016884,
    1033624,
    1050551,
    1067122,
    1084443,
    1100488,
    1117144,
    1133818,
    1150482,
    1167364,
    1183807,
    1200461,
    1217134,
    1233945,
    1250474,
    1267155,
    1286437,
    1322155,
    1333848,
    1350236,
    1367122,
    1384149,
    1400947,
    1417535,
    1434159,
    1450865,
    1467461,
    1484320,
    1500855,
    1517485,
    1534209,
    1550458,
    1567128,
    1583697,
    1600481,
    1616776,
    1633722,
    1650395,
    1667121,
    1683853,
    1700367,
    1717096,
    1737237,
    1766748,
    1790521,
    1801769,
    1817566,
    1834202,
    1850825,
    1867720,
    1883669,
    1900647,
    1917479,
    1934442,
    1950895,
    1967555,
    1984117,
    2000520,
    2017057,
    2033701,
    2050649,
    2067216,
    2083735,
    2100438,
    2117359,
    2133846,
    2150431,
    2167076,
    2184163,
    2203881
  ],
  "average_vsync_transitions_missed": 1.25,
  "90th_percentile_vsync_transitions_missed": 2.0,
  "99th_percentile_vsync_transitions_missed": 2.0
}