{
  "average_frame_build_time_millis": 1.3460239999999997,
  "90th_percentile_frame_build_time_millis": 1.678,
  "99th_percentile_frame_build_time_millis": 6.468,
  "worst_frame_build_time_millis": 6.808,
  "missed_frame_build_budget_count": 0,
  "average_frame_rasterizer_time_millis": 5.106952000000002,
  "90th_percentile_frame_rasterizer_time_millis": 16.566,
  "99th_percentile_frame_rasterizer_time_millis": 17.401,
  "worst_frame_rasterizer_time_millis": 44.937,
  "missed_frame_rasterizer_budget_count": 23,
  "frame_count": 125,
  "frame_rasterizer_count": 125,
  "frame_build_times": [
    885,
    453,
    591,
    599,
    909,
    747,
    825,
    1064,
    1013,
    272,
    302,
    372,
    871,
    419,
    411,
    466,
    477,
    361,
    417,
    416,
    420,
    510,
    6468,
    1531,
    1459,
    1132,
    1529,
    1498,
    1394,
    1433,
    1427,
    1433,
    1551,
    1436,
    1466,
    1502,
    1068,
    985,
    948,
    1108,
    1345,
    936,
    962,
    910,
    739,
    936,
    940,
    4111,
    6267,
    1799,
    967,
    561,
    310,
    408,
    459,
    996,
    1035,
    1262,
    1613,
    1739,
    1570,
    1062,
    1009,
    791,
    1054,
    1069,
    1014,
    1050,
    1116,
    794,
    1003,
    1006,
    4181,
    6808,
    1480,
    1129,
    1453,
    1402,
    1370,
    1389,
    1363,
    1405,
    1532,
    1463,
    1368,
    1390,
    1465,
    980,
    946,
    958,
    970,
    971,
    947,
    966,
    1010,
    941,
    935,
    959,
    4368,
    5196,
    1808,
    972,
    1093,
    1437,
    1678,
    1476,
    1475,
    1487,
    1785,
    1508,
    1605,
    1569,
    1090,
    1035,
    1105,
    1033,
    891,
    1060,
    1029,
    1036,
    1071,
    1050,
    1149,
    1303,
    5162
  ],
  "frame_rasterizer_times": [
    16489,
    16368,
    16618,
    16837,
    16570,
    16306,
    16630,
    16110,
    16827,
    16328,
    16816,
    17401,
    16206,
    16559,
    16603,
    16931,
    15788,
    17042,
    16402,
    17208,
    16219,
    16358,
    1593,
    2307,
    1960,
    1891,
    3452,
    1771,
    2808,
    2406,
    2216,
    2263,
    2371,
    2244,
    2282,
    2183,
    2488,
    2186,
    2188,
    2212,
    2406,
    2153,
    2216,
    2183,
    1805,
    2232,
    2278,
    1722,
    1651,
    44937,
    742,
    16566,
    595,
    661,
    701,
    1517,
    1616,
    1896,
    2145,
    2509,
    2486,
    2405,
    2343,
    2524,
    2450,
    2360,
    2290,
    2373,
    2831,
    2027,
    2258,
    2290,
    1867,
    1536,
    1971,
    1926,
    2390,
    3029,
    2318,
    2376,
    2336,
    2278,
    2407,
    2487,
    2222,
    2295,
    2347,
    1942,
    2336,
    2122,
    2521,
    2191,
    2202,
    2283,
    1774,
    2214,
    2305,
    2235,
    1614,
    1086,
    1657,
    1365,
    1659,
    2342,
    2440,
    2179,
    2044,
    2041,
    2119,
    2098,
    2302,
    2121,
    1451,
    2030,
    2157,
    2690,
    1982,
    2140,
    1891,
    2148,
    2133,
    2066,
    2063,
    2277,
    1759
  ],
  "frame_begin_times": [
    0,
    16651,
    33328,
    50003,
    66667,
    83312,
    100031,
    116699,
    133344,
    150465,
    166886,
    183605,
    200447,
    217172,
    233738,
    250461,
    267462,
    283594,
    300391,
    317055,
    334098,
    350441,
    416857,
    433638,
    450378,
    466898,
    483744,
    500302,
    517008,
    533671,
    550347,
    567006,
    583753,
    600432,
    617010,
    633646,
    650610,
    667038,
    683723,
    700525,
    717221,
    733686,
    750426,
    766942,
    783600,
    800451,
    817021,
    833643,
    866753,
    883657,
    900182,
    933302,
    949944,
    966633,
    983236,
    1000227,
    1016843,
    1033625,
    1050454,
    1067014,
    1083723,
    1100452,
    1116979,
    1133584,
    1150414,
    1167022,
    1183683,
    1200310,
    1217153,
    1233523,
    1250381,
    1266988,
    1283852,
    1316700,
    1333583,
    1350237,
    1367001,
    1383604,
    1400284,
    1417006,
    1433529,
    1450272,
    1467112,
    1483664,
    1500267,
    1516956,
    1533898,
    1550289,
    1566877,
    1583625,
    1600457,
    1617022,
    1633652,
    1650307,
    1667136,
    1683658,
    1700313,
    1716990,
    1733634,
    1767418,
    1783311,
    1800165,
    1816864,
    1833588,
    1850644,
    1867007,
    1883496,
    1900216,
    1917424,
    1933597,
    1950283,
    1967096,
    1983725,
    2000151,
    2016907,
    2033567,
    2050230,
    2066970,
    2083591,
    2100225,
    2117001,
    2133581,
    2150238,
    2167414,
    2183646
  ],
  "frame_rasterizer_begin_times": [
    0,
    16593,
    32998,
    49683,
    66665,
    83337,
    100027,
    116942,
    133538,
    150408,
    166775,
    183647,
    201148,
    217439,
    234090,
    250774,
    267839,
    283674,
    300800,
    317275,
    334578,
    350891,
    422183,
    434285,
    450996,
    467160,
    484438,
    500955,
    517563,
    534261,
    550953,
    567637,
    584455,
    601049,
    617638,
    634275,
    650831,
    667097,
    683813,
    700709,
    717534,
    733772,
    750547,
    767006,
    783489,
    800535,
    817106,
    836883,
    871850,
    884619,
    929664,
    932946,
    949590,
    966237,
    982798,
    1000350,
    1017008,
    1033964,
    1051084,
    1067877,
    1084456,
    1100680,
    1117163,
    1133483,
    1150534,
    1167248,
    1183842,
    1200441,
    1217438,
    1233456,
    1250540,
    1267170,
    1286643,
    1322444,
    1334186,
    1350483,
    1367627,
    1384163,
    1400733,
    1417516,
    1434034,
    1450812,
    1467673,
    1484292,
    1500795,
    1517506,
    1534525,
    1550382,
    1566996,
    1583737,
    1600594,
    1617181,
    1633758,
    1650395,
    1667284,
    1683748,
    1700392,
    1717107,
    1737122,
    1771604,
    1784136,
    1800274,
    1817080,
    1834186,
    1851421,
    1867654,
    1884126,
    1900781,
    1918280,
    1934264,
    1951051,
    1967943,
    1983995,
    2000343,
    2017159,
    2033762,
    2050149,
    2067194,
    2083798,
    2100403,
    2117230,
    2133801,
    2150461,
    2168084,
    2187486
  ],
  "average_vsync_transitions_missed": 1.0384615384615385,
  "90th_percentile_vsync_transitions_missed": 1.0,
  "99th_percentile_vsync_transitions_missed": 2.0
}