{
  "average_frame_build_time_millis": 1.3045600000000002,
  "90th_percentile_frame_build_time_millis": 1.56,
  "99th_percentile_frame_build_time_millis": 6.665,
  "worst_frame_build_time_millis": 7.072,
  "missed_frame_build_budget_count": 0,
  "average_frame_rasterizer_time_millis": 2.636360000000001,
  "90th_percentile_frame_rasterizer_time_millis": 2.525,
  "99th_percentile_frame_rasterizer_time_millis": 16.542,
  "worst_frame_rasterizer_time_millis": 43.819,
  "missed_frame_rasterizer_budget_count": 4,
  "frame_count": 125,
  "frame_rasterizer_count": 125,
  "frame_build_times": [
    995,
    446,
    564,
    639,
    896,
    830,
    739,
    1030,
    1023,
    135,
    316,
    290,
    456,
    469,
    448,
    435,
    508,
    460,
    469,
    454,
    454,
    484,
    7072,
    2062,
    1424,
    1366,
    1436,
    1353,
    1394,
    1417,
    1332,
    1396,
    1424,
    1340,
    1340,
    1027,
    1019,
    889,
    890,
    956,
    940,
    916,
    883,
    709,
    883,
    878,
    874,
    4076,
    5144,
    1307,
    829,
    542,
    326,
    447,
    401,
    934,
    954,
    1152,
    1496,
    1461,
    1578,
    992,
    994,
    1042,
    981,
    969,
    957,
    993,
    1019,
    1015,
    1000,
    1015,
    4189,
    6665,
    1456,
    1022,
    1431,
    1384,
    1050,
    1362,
    1469,
    1356,
    1437,
    1414,
    1364,
    1410,
    1529,
    743,
    988,
    1014,
    976,
    980,
    1002,
    828,
    972,
    1027,
    959,
    761,
    4435,
    5936,
    1840,
    1130,
    1100,
    1560,
    1499,
    1447,
    1501,
    1598,
    1482,
    1500,
    1514,
    1480,
    1504,
    1077,
    1069,
    1210,
    1080,
    1067,
    1133,
    1106,
    1080,
    1132,
    1060,
    1189,
    3169
  ],
  "frame_rasterizer_times": [
    16199,
    16542,
    16432,
    824,
    865,
    453,
    783,
    548,
    529,
    730,
    1174,
    1174,
    1880,
    1778,
    1851,
    1917,
    1871,
    1489,
    1783,
    2056,
    1846,
    1870,
    1674,
    2560,
    2510,
    2449,
    3579,
    1959,
    2304,
    2258,
    2192,
    2428,
    2361,
    2233,
    2185,
    2397,
    2155,
    2198,
    2184,
    2259,
    2182,
    2270,
    2123,
    1781,
    2233,
    2140,
    2233,
    1662,
    1743,
    43819,
    742,
    518,
    444,
    700,
    717,
    1514,
    1635,
    1857,
    2326,
    2446,
    3028,
    2282,
    2344,
    3166,
    2466,
    2337,
    2408,
    2525,
    2368,
    2303,
    2309,
    2574,
    2212,
    1588,
    1640,
    1708,
    2197,
    2866,
    2209,
    2291,
    2293,
    2388,
    2329,
    2277,
    2210,
    2478,
    2256,
    1638,
    2160,
    2533,
    2216,
    2218,
    2225,
    2009,
    2177,
    2136,
    2199,
    2026,
    1613,
    1445,
    1618,
    1488,
    1514,
    2550,
    2117,
    1990,
    2005,
    2277,
    2032,
    1935,
    2019,
    1624,
    1941,
    1895,
    1944,
    2042,
    1953,
    1858,
    2196,
    1989,
    1893,
    1921,
    2156,
    2103,
    1274
  ],
  "frame_begin_times": [
    0,
    16749,
    33325,
    50028,
    66729,
    83428,
    100068,
    116755,
    133422,
    150069,
    167041,
    183669,
    200392,
    217191,
    233793,
    250570,
    267241,
    283871,
    300536,
    317326,
    333908,
    350480,
    416884,
    433827,
    450437,
    467086,
    483729,
    500445,
    517201,
    533757,
    550417,
    567104,
    583805,
    600566,
    617144,
    633907,
    650437,
    667101,
    683757,
    700649,
    717052,
    733751,
    750414,
    767101,
    783817,
    800459,
    817177,
    833797,
    866921,
    883706,
    900166,
    933330,
    949983,
    966693,
    983410,
    1000359,
    1016989,
    1033600,
    1050422,
    1067157,
    1083913,
    1100399,
    1117056,
    1133722,
    1150466,
    1167092,
    1183798,
    1200484,
    1217108,
    1233749,
    1250406,
    1267242,
    1283772,
    1316739,
    1333753,
    1350264,
    1367077,
    1383735,
    1400341,
    1417042,
    1433766,
    1450395,
    1467138,
    1483751,
    1500448,
    1517095,
    1533820,
    1550278,
    1567072,
    1583899,
    1600437,
    1616991,
    1633700,
    1650699,
    1667103,
    1683696,
    1700377,
    1716987,
    1733731,
    1767346,
    1783549,
    1800261,
    1816986,
    1833781,
    1850415,
    1867089,
    1883694,
    1900521,
    1917042,
    1933744,
    1950380,
    1967333,
    1983868,
    2000387,
    2017067,
    2033740,
    2050413,
    2066975,
    2083696,
    2100402,
    2117009,
    2133723,
    2150450,
    2167066,
    2183513
  ],
  "frame_rasterizer_begin_times": [
    0,
    16277,
    32966,
    49648,
    66574,
    83244,
    99780,
    116786,
    133376,
    149190,
    166305,
    182918,
    199713,
    216651,
    233186,
    250027,
    266757,
    283284,
    300003,
    316776,
    333354,
    349941,
    422725,
    434767,
    450885,
    467431,
    484128,
    500821,
    517579,
    534175,
    550607,
    567449,
    584252,
    600907,
    617401,
    633887,
    650332,
    667013,
    683631,
    700564,
    717015,
    733597,
    750297,
    766810,
    783700,
    800419,
    817046,
    836834,
    870810,
    883983,
    927903,
    932829,
    949318,
    966116,
    982773,
    1000246,
    1016900,
    1033695,
    1050918,
    1067618,
    1084481,
    1100400,
    1117063,
    1133779,
    1150467,
    1167083,
    1183697,
    1200501,
    1217118,
    1233732,
    1250427,
    1267149,
    1286471,
    1322199,
    1334176,
    1350263,
    1367490,
    1384116,
    1400376,
    1417401,
    1434200,
    1450658,
    1467541,
    1484148,
    1500697,
    1517510,
    1534373,
    1549976,
    1567072,
    1583819,
    1600397,
    1616934,
    1633675,
    1650499,
    1667060,
    1683585,
    1700339,
    1716729,
    1737129,
    1771989,
    1784318,
    1800269,
    1817041,
    1834327,
    1850900,
    1867535,
    1884215,
    1901118,
    1917545,
    1934249,
    1950793,
    1967787,
    1984366,
    2000411,
    2017167,
    2033920,
    2050490,
    2067025,
    2083829,
    2100485,
    2117047,
    2133805,
    2150515,
    2167157,
    2185354
  ],
  "average_vsync_transitions_missed": 1.1666666666666667,
  "90th_percentile_vsync_transitions_missed": 2.0,
  "99th_percentile_vsync_transitions_missed": 2.0
}