{
  "average_frame_build_time_millis": 1.3597777777777778,
  "90th_percentile_frame_build_time_millis": 1.625,
  "99th_percentile_frame_build_time_millis": 6.44,
  "worst_frame_build_time_millis": 9.33,
  "missed_frame_build_budget_count": 0,
  "average_frame_rasterizer_time_millis": 2.3389285714285726,
  "90th_percentile_frame_rasterizer_time_millis": 2.457,
  "99th_percentile_frame_rasterizer_time_millis": 16.151,
  "worst_frame_rasterizer_time_millis": 38.094,
  "missed_frame_rasterizer_budget_count": 2,
  "frame_count": 126,
  "frame_rasterizer_count": 126,
  "frame_build_times": [
    1047,
    493,
    564,
    555,
    528,
    761,
    758,
    1017,
    949,
    263,
    238,
    297,
    371,
    446,
    457,
    439,
    453,
    464,
    441,
    447,
    476,
    438,
    6440,
    1593,
    1457,
    1625,
    1579,
    1461,
    1441,
    1538,
    1430,
    1456,
    1523,
    1490,
    1414,
    1466,
    1036,
    1011,
    960,
    973,
    1034,
    1012,
    995,
    983,
    787,
    988,
    962,
    4183,
    5530,
    1034,
    409,
    538,
    359,
    479,
    391,
    976,
    897,
    1016,
    1177,
    1579,
    1602,
    800,
    1072,
    1016,
    1043,
    1056,
    1145,
    1000,
    1038,
    1130,
    1054,
    1069,
    4157,
    6317,
    1985,
    1308,
    1439,
    1417,
    1392,
    1070,
    1396,
    1409,
    1583,
    1437,
    1365,
    1410,
    1513,
    983,
    964,
    978,
    1018,
    967,
    1009,
    1027,
    959,
    977,
    992,
    972,
    4487,
    716,
    9330,
    2204,
    1094,
    1469,
    1524,
    1204,
    1469,
    1450,
    1631,
    1527,
    1486,
    1587,
    1502,
    1056,
    1137,
    1085,
    856,
    1161,
    1092,
    1071,
    1854,
    1050,
    1057,
    1095,
    1079,
    4866
  ],
  "frame_rasterizer_times": [
    16151,
    1289,
    375,
    616,
    534,
    389,
    730,
    554,
    544,
    1193,
    1044,
    1159,
    1430,
    1901,
    1795,
    1746,
    2080,
    1870,
    1845,
    1753,
    2472,
    1881,
    1645,
    2236,
    2457,
    2502,
    3446,
    2303,
    2379,
    2308,
    2204,
    2317,
    2512,
    2124,
    2278,
    2190,
    2390,
    2233,
    2162,
    2323,
    1895,
    2143,
    2148,
    2168,
    1787,
    2251,
    2369,
    1859,
    1718,
    38094,
    727,
    506,
    508,
    655,
    722,
    1600,
    1481,
    1674,
    1812,
    1952,
    2075,
    2030,
    2437,
    3348,
    2595,
    2387,
    2350,
    2376,
    2928,
    2186,
    2321,
    2303,
    2026,
    1492,
    2314,
    1942,
    2446,
    2972,
    2234,
    2109,
    2346,
    2294,
    2381,
    2395,
    2390,
    2241,
    2356,
    2275,
    2273,
    2270,
    2845,
    2310,
    2267,
    1899,
    1831,
    2167,
    2279,
    2197,
    1695,
    1289,
    1362,
    1818,
    1602,
    2102,
    2615,
    1630,
    1969,
    2088,
    1863,
    1981,
    2050,
    2007,
    2003,
    1967,
    1983,
    1911,
    1901,
    2023,
    1679,
    2064,
    2035,
    1927,
    1904,
    2155,
    1985,
    1781
  ],
  "frame_begin_times": [
    0,
    16542,
    33173,
    49841,
    66485,
    83214,
    99879,
    116536,
    133202,
    150254,
    166746,
    183448,
    200200,
    216981,
    233603,
    250370,
    267158,
    283652,
    300317,
    316949,
    334092,
    350299,
    416669,
    433460,
    450280,
    467018,
    483537,
    500515,
    516916,
    533641,
    550213,
    566898,
    583776,
    600212,
    616910,
    633537,
    650454,
    667002,
    683602,
    700139,
    716984,
    733529,
    750291,
    766921,
    783521,
    800214,
    816842,
    833593,
    866733,
    883327,
    899802,
    933121,
    949847,
    966498,
    983164,
    1000125,
    1016661,
    1033345,
    1050117,
    1066795,
    1083561,
    1100130,
    1116834,
    1133642,
    1150374,
    1167018,
    1183681,
    1200307,
    1216998,
    1233414,
    1250190,
    1266766,
    1283719,
    1316666,
    1333511,
    1350346,
    1366896,
    1383481,
    1400187,
    1416731,
    1433551,
    1450144,
    1466817,
    1483626,
    1500170,
    1516827,
    1533670,
    1550260,
    1566816,
    1583572,
    1600391,
    1616846,
    1633467,
    1650161,
    1666988,
    1683544,
    1700126,
    1716774,
    1733431,
    1766515,
    1783480,
    1800050,
    1816705,
    1833496,
    1850260,
    1866689,
    1883476,
    1900188,
    1917015,
    1933552,
    1950114,
    1966765,
    1984030,
    2000177,
    2016793,
    2033457,
    2050028,
    2066794,
    2083492,
    2100178,
    2116961,
    2133444,
    2150146,
    2166942,
    2183431,
    2200105
  ],
  "frame_rasterizer_begin_times": [
    0,
    16192,
    32662,
    49309,
    65924,
    82938,
    99516,
    116491,
    133085,
    149410,
    165870,
    182641,
    199473,
    216369,
    233006,
    249751,
    266580,
    283020,
    299679,
    316327,
    333521,
    349660,
    421788,
    433958,
    450710,
    467587,
    484026,
    500905,
    517298,
    534122,
    550559,
    567285,
    584246,
    600647,
    617270,
    633909,
    650439,
    666960,
    683536,
    700023,
    716743,
    733505,
    750232,
    766807,
    783225,
    800176,
    816750,
    836680,
    870820,
    883260,
    921465,
    932538,
    949082,
    965855,
    982436,
    1000017,
    1016452,
    1033291,
    1050210,
    1067336,
    1084075,
    1099834,
    1116802,
    1133525,
    1150267,
    1167050,
    1183634,
    1200259,
    1216895,
    1233336,
    1250160,
    1266780,
    1286276,
    1321680,
    1334423,
    1350520,
    1367308,
    1383811,
    1400523,
    1416708,
    1433901,
    1450497,
    1467389,
    1484005,
    1500477,
    1517149,
    1534140,
    1550189,
    1566739,
    1583509,
    1600318,
    1616769,
    1633420,
    1650068,
    1666861,
    1683464,
    1700027,
    1716678,
    1736817,
    1766164,
    1791293,
    1801113,
    1816726,
    1833822,
    1850736,
    1866750,
    1883892,
    1900579,
    1917464,
    1934011,
    1950546,
    1967295,
    1984463,
    2000135,
    2016937,
    2033480,
    2049787,
    2066915,
    2083529,
    2100195,
    2117722,
    2133442,
    2150133,
    2166891,
    2183455,
    2203474
  ],
  "average_vsync_transitions_missed": 1.75,
  "90th_percentile_vsync_transitions_missed": 3.0,
  "99th_percentile_vsync_transitions_missed": 3.0
}