{
  "average_frame_build_time_millis": 1.2733437499999993,
  "90th_percentile_frame_build_time_millis": 1.517,
  "99th_percentile_frame_build_time_millis": 6.311,
  "worst_frame_build_time_millis": 7.464,
  "missed_frame_build_budget_count": 0,
  "average_frame_rasterizer_time_millis": 2.3615390625,
  "90th_percentile_frame_rasterizer_time_millis": 2.433,
  "99th_percentile_frame_rasterizer_time_millis": 3.5,
  "worst_frame_rasterizer_time_millis": 38.707,
  "missed_frame_rasterizer_budget_count": 1,
  "frame_count": 128,
  "frame_rasterizer_count": 128,
  "frame_build_times": [
    319,
    419,
    422,
    409,
    466,
    410,
    437,
    466,
    410,
    433,
    400,
    7464,
    1517,
    1036,
    1123,
    1380,
    1374,
    1374,
    1483,
    1455,
    1028,
    1373,
    1509,
    1379,
    1545,
    1028,
    971,
    925,
    910,
    973,
    949,
    933,
    937,
    1004,
    909,
    987,
    4020,
    2425,
    417,
    162,
    234,
    141,
    204,
    152,
    396,
    395,
    436,
    473,
    653,
    685,
    3914,
    1266,
    1410,
    1337,
    1225,
    1348,
    1225,
    1003,
    1417,
    1475,
    1228,
    1282,
    1402,
    1358,
    896,
    893,
    939,
    912,
    880,
    899,
    716,
    930,
    911,
    888,
    969,
    4041,
    6311,
    1473,
    1329,
    1317,
    1385,
    1407,
    1361,
    1273,
    1772,
    1284,
    1275,
    1304,
    1036,
    892,
    891,
    938,
    938,
    877,
    893,
    905,
    961,
    891,
    877,
    972,
    951,
    4275,
    5605,
    1649,
    996,
    1612,
    1217,
    1383,
    1356,
    1399,
    1457,
    1378,
    1371,
    1427,
    1451,
    1370,
    986,
    1097,
    1035,
    933,
    986,
    989,
    992,
    986,
    986,
    992,
    1060,
    4773
  ],
  "frame_rasterizer_times": [
    1316,
    1748,
    1888,
    1916,
    1717,
    1928,
    1884,
    1726,
    1713,
    2071,
    1510,
    1985,
    2259,
    1772,
    1841,
    3500,
    2192,
    2433,
    2353,
    2202,
    1653,
    2400,
    2254,
    2177,
    2134,
    2429,
    2166,
    2131,
    2064,
    2132,
    2216,
    2129,
    2267,
    1956,
    2116,
    2147,
    1843,
    1330,
    38707,
    606,
    1713,
    1305,
    1820,
    1766,
    2087,
    1133,
    1962,
    1243,
    1632,
    1651,
    2839,
    2916,
    3137,
    2220,
    2408,
    2387,
    2429,
    1808,
    2555,
    2461,
    2368,
    2376,
    2561,
    2375,
    2324,
    2317,
    2775,
    2315,
    2241,
    2256,
    1778,
    2367,
    2169,
    2534,
    2343,
    2064,
    1857,
    1863,
    2381,
    2445,
    3076,
    2330,
    2069,
    2177,
    2381,
    2232,
    2161,
    2244,
    1952,
    2146,
    2142,
    2240,
    2312,
    2146,
    2175,
    2461,
    2254,
    2126,
    2173,
    2365,
    2204,
    1610,
    1209,
    1631,
    1565,
    2107,
    1897,
    2049,
    1978,
    2091,
    2102,
    2011,
    2009,
    2214,
    2042,
    1916,
    1962,
    2212,
    1937,
    1510,
    1878,
    1541,
    1981,
    1932,
    1907,
    2039,
    1866,
    1723
  ],
  "frame_begin_times": [
    0,
    16722,
    33488,
    50080,
    66757,
    83415,
    100169,
    116749,
    133412,
    150229,
    166662,
    233199,
    249988,
    266632,
    283380,
    300052,
    316818,
    333385,
    350114,
    366712,
    383319,
    400137,
    416811,
    433468,
    450048,
    467085,
    483430,
    500074,
    516796,
    533520,
    550125,
    566841,
    583423,
    600163,
    616784,
    633392,
    650129,
    666745,
    683191,
    699708,
    733068,
    749746,
    766414,
    783045,
    799832,
    816608,
    833302,
    849993,
    866800,
    883395,
    900072,
    916695,
    933375,
    949995,
    966795,
    983457,
    1000043,
    1016589,
    1033524,
    1050099,
    1066729,
    1083340,
    1100230,
    1116775,
    1133375,
    1150100,
    1166985,
    1183418,
    1200037,
    1216735,
    1233257,
    1250019,
    1266696,
    1283370,
    1300101,
    1316687,
    1350077,
    1366624,
    1383401,
    1400023,
    1416839,
    1433345,
    1450008,
    1466776,
    1483588,
    1500029,
    1516740,
    1533323,
    1549951,
    1566728,
    1583340,
    1600029,
    1616756,
    1633353,
    1650013,
    1666748,
    1683394,
    1700022,
    1716664,
    1733800,
    1750012,
    1766669,
    1799871,
    1816552,
    1833215,
    1850115,
    1866706,
    1883229,
    1900047,
    1916589,
    1933382,
    1950073,
    1966620,
    1983583,
    1999973,
    2016631,
    2033286,
    2050292,
    2066663,
    2083299,
    2099968,
    2116693,
    2133331,
    2149968,
    2166669,
    2183332,
    2199969,
    2216632
  ],
  "frame_rasterizer_begin_times": [
    0,
    16803,
    33586,
    50195,
    66848,
    83487,
    100234,
    116757,
    133449,
    150325,
    166695,
    240028,
    251144,
    267326,
    284146,
    301065,
    317864,
    334434,
    351224,
    367794,
    384010,
    401194,
    417999,
    434507,
    451175,
    467791,
    484106,
    500647,
    517397,
    534170,
    550743,
    567423,
    584028,
    600811,
    617386,
    634027,
    653798,
    668902,
    683238,
    722074,
    733030,
    749468,
    766220,
    782908,
    799867,
    816641,
    833374,
    850104,
    867146,
    883744,
    903289,
    917535,
    934513,
    951009,
    967649,
    984483,
    1000865,
    1017177,
    1034577,
    1051256,
    1067558,
    1084203,
    1101212,
    1117810,
    1133936,
    1150675,
    1167600,
    1183918,
    1200578,
    1217300,
    1233611,
    1250624,
    1267240,
    1283940,
    1300733,
    1319929,
    1355648,
    1367732,
    1384274,
    1401045,
    1417887,
    1434446,
    1450938,
    1467733,
    1485010,
    1500993,
    1517723,
    1534216,
    1550640,
    1567323,
    1583875,
    1600646,
    1617386,
    1633917,
    1650568,
    1667411,
    1684001,
    1700594,
    1717143,
    1734442,
    1750665,
    1770583,
    1804903,
    1817819,
    1833878,
    1851330,
    1867520,
    1884199,
    1901082,
    1917649,
    1934474,
    1951152,
    1967692,
    1984711,
    2001099,
    2017677,
    2033896,
    2050955,
    2067341,
    2083825,
    2100649,
    2117343,
    2133985,
    2150648,
    2167333,
    2184026,
    2200707,
    2220665
  ],
  "average_vsync_transitions_missed": 1.5,
  "90th_percentile_vsync_transitions_missed": 2.0,
  "99th_percentile_vsync_transitions_missed": 2.0
}