{
  "average_frame_build_time_millis": 1.3590319999999998,
  "90th_percentile_frame_build_time_millis": 1.722,
  "99th_percentile_frame_build_time_millis": 6.638,
  "worst_frame_build_time_millis": 6.804,
  "missed_frame_build_budget_count": 0,
  "average_frame_rasterizer_time_millis": 4.797055555555556,
  "90th_percentile_frame_rasterizer_time_millis": 16.561,
  "99th_percentile_frame_rasterizer_time_millis": 18.269,
  "worst_frame_rasterizer_time_millis": 42.805,
  "missed_frame_rasterizer_budget_count": 21,
  "frame_count": 125,
  "frame_rasterizer_count": 126,
  "frame_build_times": [
    478,
    486,
    711,
    614,
    753,
    707,
    818,
    927,
    261,
    263,
    348,
    455,
    447,
    429,
    471,
    338,
    439,
    428,
    393,
    443,
    438,
    6638,
    2098,
    1469,
    1529,
    1463,
    1555,
    1487,
    1446,
    1413,
    1631,
    1441,
    1418,
    1466,
    1635,
    984,
    949,
    567,
    1019,
    946,
    945,
    940,
    1024,
    937,
    938,
    1026,
    4088,
    6087,
    2111,
    792,
    372,
    307,
    446,
    509,
    1030,
    1205,
    958,
    1114,
    2211,
    1011,
    985,
    1233,
    1022,
    1001,
    1086,
    985,
    1097,
    1210,
    1048,
    1722,
    1115,
    4596,
    6353,
    1527,
    1085,
    1438,
    1458,
    1653,
    1365,
    1391,
    1597,
    1456,
    1395,
    1368,
    1617,
    1090,
    939,
    1165,
    747,
    1024,
    1023,
    979,
    969,
    1029,
    959,
    975,
    1000,
    4606,
    715,
    6804,
    2159,
    1102,
    1403,
    1468,
    1450,
    1425,
    1096,
    1431,
    1437,
    1462,
    1498,
    1435,
    1082,
    1066,
    1124,
    1052,
    1083,
    1100,
    1095,
    1093,
    1062,
    1092,
    1083,
    1062,
    4840
  ],
  "frame_rasterizer_times": [
    514,
    493,
    340,
    763,
    551,
    405,
    715,
    576,
    519,
    1118,
    1075,
    1663,
    1865,
    1891,
    1753,
    2040,
    1497,
    1767,
    1738,
    1574,
    1764,
    1922,
    1850,
    2622,
    2452,
    2542,
    2645,
    2458,
    2323,
    2195,
    2239,
    2557,
    2264,
    2212,
    2281,
    2246,
    2230,
    2272,
    1706,
    2298,
    2157,
    2147,
    2370,
    2362,
    2213,
    2169,
    2464,
    1777,
    1576,
    42805,
    721,
    16795,
    16662,
    16561,
    17632,
    16296,
    16585,
    16579,
    17355,
    16042,
    16613,
    16269,
    18269,
    14983,
    16593,
    16433,
    17362,
    16254,
    16145,
    17088,
    16257,
    16199,
    13809,
    1679,
    1850,
    1889,
    2739,
    3488,
    2308,
    2346,
    2424,
    2759,
    2411,
    2389,
    2257,
    2403,
    1869,
    2427,
    2303,
    1593,
    2313,
    2218,
    2219,
    2252,
    2317,
    2160,
    2481,
    2250,
    1670,
    1365,
    1182,
    1637,
    1572,
    1828,
    2421,
    2065,
    2120,
    1729,
    2010,
    2049,
    2121,
    2034,
    1937,
    1920,
    2225,
    2046,
    1941,
    1903,
    2139,
    1960,
    1915,
    1981,
    1801,
    2030,
    1982,
    2025
  ],
  "frame_begin_times": [
    0,
    16682,
    33300,
    49955,
    66648,
    83329,
    99969,
    116710,
    133609,
    150191,
    167175,
    183840,
    200474,
    217078,
    233942,
    250322,
    267102,
    283742,
    300465,
    317114,
    333783,
    400260,
    417102,
    433757,
    450556,
    467055,
    483836,
    500350,
    517062,
    533691,
    550541,
    566988,
    583755,
    600389,
    617251,
    633687,
    650326,
    666934,
    683702,
    700323,
    717009,
    733746,
    750349,
    767002,
    783687,
    800464,
    817024,
    850111,
    867264,
    883414,
    916557,
    933269,
    949958,
    966671,
    983578,
    1000204,
    1016806,
    1033500,
    1050319,
    1067119,
    1083612,
    1100334,
    1117387,
    1133696,
    1150473,
    1166982,
    1184161,
    1200299,
    1216961,
    1233895,
    1250549,
    1266957,
    1300284,
    1316956,
    1333519,
    1350307,
    1367018,
    1383804,
    1400270,
    1416900,
    1433959,
    1450385,
    1467042,
    1483633,
    1501033,
    1516913,
    1533539,
    1550303,
    1567313,
    1583636,
    1600308,
    1616965,
    1633748,
    1650281,
    1666965,
    1683795,
    1700608,
    1717052,
    1750771,
    1766826,
    1783528,
    1800157,
    1817094,
    1833623,
    1850355,
    1866919,
    1883571,
    1900433,
    1916956,
    1933547,
    1950481,
    1967022,
    1983665,
    2000524,
    2016959,
    2033683,
    2050320,
    2067083,
    2083648,
    2100348,
    2116944,
    2133849,
    2150279,
    2166903,
    2183564
  ],
  "frame_rasterizer_begin_times": [
    0,
    16050,
    32794,
    49558,
    66140,
    82979,
    99614,
    116403,
    133226,
    149420,
    166001,
    183078,
    199894,
    216520,
    233100,
    250007,
    266240,
    283170,
    299792,
    316303,
    333110,
    349797,
    422225,
    434771,
    450828,
    467660,
    484246,
    501003,
    517392,
    534123,
    550728,
    567778,
    584046,
    600771,
    617375,
    634486,
    650269,
    666897,
    683051,
    700318,
    716920,
    733555,
    750287,
    766890,
    783564,
    800223,
    817011,
    836668,
    871504,
    884883,
    927797,
    932498,
    949393,
    966122,
    982772,
    1000449,
    1016913,
    1033571,
    1050219,
    1068080,
    1084197,
    1100891,
    1117243,
    1135621,
    1150693,
    1167363,
    1183886,
    1201315,
    1217652,
    1233897,
    1251233,
    1267552,
    1286582,
    1321927,
    1334064,
    1350195,
    1367346,
    1384080,
    1400980,
    1417230,
    1433772,
    1451098,
    1467423,
    1484045,
    1500601,
    1518200,
    1533567,
    1549987,
    1566950,
    1583661,
    1600261,
    1616928,
    1633570,
    1650331,
    1666944,
    1683522,
    1700395,
    1717200,
    1737219,
    1766999,
    1789019,
    1801226,
    1816819,
    1834064,
    1850693,
    1867408,
    1883966,
    1900256,
    1917482,
    1933996,
    1950612,
    1967576,
    1984078,
    2000349,
    2017107,
    2033673,
    2050361,
    2066883,
    2083749,
    2100346,
    2117055,
    2133605,
    2150545,
    2166980,
    2183587,
    2203555
  ],
  "average_vsync_transitions_missed": 1.12,
  "90th_percentile_vsync_transitions_missed": 1.0,
  "99th_percentile_vsync_transitions_missed": 3.0
}