{
  "average_frame_build_time_millis": 1.3414126984126988,
  "90th_percentile_frame_build_time_millis": 1.643,
  "99th_percentile_frame_build_time_millis": 6.903,
  "worst_frame_build_time_millis": 7.574,
  "missed_frame_build_budget_count": 0,
  "average_frame_rasterizer_time_millis": 2.394785714285715,
  "90th_percentile_frame_rasterizer_time_millis": 2.534,
  "99th_percentile_frame_rasterizer_time_millis": 16.298,
  "worst_frame_rasterizer_time_millis": 42.631,
  "missed_frame_rasterizer_budget_count": 2,
  "frame_count": 126,
  "frame_rasterizer_count": 126,
  "frame_build_times": [
    975,
    435,
    565,
    516,
    786,
    810,
    668,
    1010,
    1055,
    140,
    282,
    343,
    452,
    433,
    441,
    431,
    351,
    445,
    436,
    441,
    481,
    362,
    7574,
    1904,
    1643,
    1474,
    1427,
    1509,
    1465,
    1380,
    1423,
    1327,
    1180,
    1512,
    1368,
    1426,
    987,
    932,
    957,
    1220,
    1096,
    1159,
    956,
    1017,
    922,
    968,
    910,
    3428,
    5314,
    1245,
    831,
    544,
    300,
    441,
    462,
    965,
    1087,
    1222,
    1521,
    1529,
    1681,
    1099,
    1015,
    1050,
    826,
    1014,
    980,
    1025,
    1116,
    1105,
    1048,
    1014,
    4162,
    6903,
    1692,
    1522,
    1501,
    1435,
    1551,
    1434,
    1516,
    1537,
    1070,
    1413,
    1557,
    1444,
    1534,
    1048,
    1016,
    1008,
    1062,
    940,
    1009,
    1024,
    1018,
    989,
    988,
    1091,
    4477,
    913,
    5598,
    1765,
    1102,
    1132,
    1181,
    1501,
    1508,
    1527,
    1585,
    1531,
    1496,
    1595,
    1553,
    1092,
    1100,
    1322,
    840,
    1051,
    1040,
    1099,
    1115,
    1148,
    1037,
    908,
    1056,
    4826
  ],
  "frame_rasterizer_times": [
    16298,
    1268,
    386,
    637,
    679,
    428,
    745,
    585,
    606,
    550,
    1202,
    1346,
    1931,
    1773,
    1806,
    1879,
    1730,
    1838,
    1790,
    1986,
    1897,
    1591,
    1884,
    2045,
    2768,
    2628,
    3605,
    2274,
    1800,
    2255,
    2315,
    1766,
    2288,
    2309,
    2447,
    2454,
    2409,
    2324,
    2268,
    2688,
    2247,
    2311,
    2390,
    2859,
    2441,
    2423,
    2286,
    1671,
    1575,
    42631,
    743,
    467,
    457,
    709,
    765,
    1473,
    1882,
    1879,
    2169,
    2534,
    3120,
    2291,
    2287,
    3313,
    1929,
    2313,
    2333,
    2076,
    2343,
    2324,
    2305,
    2760,
    2186,
    1510,
    2401,
    1905,
    2502,
    2932,
    2770,
    1997,
    2169,
    2294,
    1795,
    2214,
    2258,
    2324,
    2283,
    2191,
    2179,
    2349,
    2296,
    2275,
    2236,
    2384,
    2226,
    2121,
    2147,
    2149,
    1669,
    1787,
    1254,
    1541,
    1552,
    1458,
    1914,
    2052,
    1989,
    2207,
    2117,
    2019,
    2013,
    2208,
    1983,
    1929,
    1946,
    2141,
    1523,
    1958,
    1903,
    1999,
    1976,
    1902,
    2039,
    2116,
    1948,
    1723
  ],
  "frame_begin_times": [
    0,
    16671,
    33271,
    49971,
    66598,
    83305,
    99986,
    116719,
    133287,
    150027,
    166825,
    183594,
    200442,
    216983,
    233672,
    250345,
    266896,
    283646,
    300326,
    317055,
    333727,
    350265,
    416799,
    433668,
    450887,
    466989,
    483672,
    500375,
    517397,
    533669,
    550485,
    566911,
    583612,
    600323,
    616969,
    633700,
    650415,
    666992,
    683541,
    700706,
    717080,
    733684,
    750327,
    767487,
    783651,
    800215,
    816979,
    834268,
    866925,
    883518,
    900070,
    933213,
    949911,
    966627,
    983276,
    1000220,
    1016950,
    1033500,
    1050298,
    1066925,
    1083802,
    1100283,
    1116999,
    1133680,
    1150502,
    1166969,
    1183616,
    1200251,
    1217040,
    1233658,
    1250276,
    1266980,
    1283549,
    1316696,
    1333648,
    1350352,
    1366874,
    1383601,
    1400614,
    1416950,
    1433560,
    1450306,
    1467085,
    1483635,
    1500211,
    1516909,
    1533684,
    1550242,
    1566911,
    1583576,
    1600303,
    1616888,
    1633592,
    1650330,
    1666992,
    1683624,
    1700319,
    1717071,
    1733601,
    1766702,
    1783431,
    1800053,
    1816777,
    1833480,
    1850175,
    1866951,
    1883591,
    1900433,
    1916973,
    1933540,
    1950350,
    1967066,
    1983566,
    2000288,
    2016961,
    2033684,
    2050249,
    2066958,
    2083486,
    2100776,
    2116944,
    2133633,
    2150323,
    2166863,
    2183605,
    2200279
  ],
  "frame_rasterizer_begin_times": [
    0,
    16392,
    32819,
    49461,
    66407,
    83106,
    99622,
    116669,
    133413,
    149111,
    166072,
    182899,
    199891,
    216440,
    233100,
    249781,
    266211,
    283099,
    299762,
    316513,
    333227,
    349607,
    423044,
    434553,
    451587,
    467451,
    484055,
    500865,
    517858,
    534057,
    550835,
    567127,
    583790,
    600790,
    617254,
    634147,
    650405,
    666851,
    683484,
    700834,
    717192,
    733818,
    750285,
    768278,
    783579,
    800109,
    816893,
    836656,
    870873,
    883761,
    926491,
    932723,
    949147,
    966045,
    982681,
    1000146,
    1017020,
    1033655,
    1050826,
    1067486,
    1084485,
    1100387,
    1117004,
    1133719,
    1150293,
    1166992,
    1183601,
    1200288,
    1217178,
    1233770,
    1250300,
    1266995,
    1286186,
    1322362,
    1334341,
    1350891,
    1367388,
    1384037,
    1401122,
    1417390,
    1434087,
    1450815,
    1467133,
    1484057,
    1500735,
    1517344,
    1534138,
    1550284,
    1566929,
    1583592,
    1600371,
    1616818,
    1633561,
    1650370,
    1667004,
    1683576,
    1700304,
    1717189,
    1737034,
    1766619,
    1787864,
    1800700,
    1816874,
    1833518,
    1850351,
    1867423,
    1884025,
    1900973,
    1917589,
    1934074,
    1950847,
    1967672,
    1984125,
    2000351,
    2017034,
    2033973,
    2050152,
    2067016,
    2083517,
    2100869,
    2117077,
    2133698,
    2150356,
    2166776,
    2183672,
    2203648
  ],
  "average_vsync_transitions_missed": 1.25,
  "90th_percentile_vsync_transitions_missed": 2.0,
  "99th_percentile_vsync_transitions_missed": 2.0
}