{
  "average_frame_build_time_millis": 1.3797936507936501,
  "90th_percentile_frame_build_time_millis": 1.675,
  "99th_percentile_frame_build_time_millis": 7.102,
  "worst_frame_build_time_millis": 7.837,
  "missed_frame_build_budget_count": 0,
  "average_frame_rasterizer_time_millis": 4.8298253968254015,
  "90th_percentile_frame_rasterizer_time_millis": 16.597,
  "99th_percentile_frame_rasterizer_time_millis": 18.411,
  "worst_frame_rasterizer_time_millis": 43.34,
  "missed_frame_rasterizer_budget_count": 20,
  "frame_count": 126,
  "frame_rasterizer_count": 126,
  "frame_build_times": [
    773,
    500,
    543,
    567,
    759,
    772,
    892,
    998,
    947,
    268,
    307,
    343,
    418,
    440,
    441,
    448,
    434,
    441,
    435,
    340,
    426,
    623,
    6897,
    1569,
    1373,
    1412,
    1433,
    1347,
    1366,
    1434,
    1416,
    1360,
    1442,
    1419,
    1436,
    1440,
    927,
    840,
    930,
    943,
    922,
    996,
    939,
    927,
    925,
    984,
    927,
    4112,
    6104,
    1681,
    778,
    543,
    335,
    452,
    387,
    1114,
    997,
    1337,
    1499,
    1486,
    1555,
    1068,
    991,
    1003,
    972,
    1003,
    955,
    1112,
    956,
    2108,
    1380,
    1100,
    4592,
    7102,
    2174,
    1405,
    1168,
    1407,
    1373,
    1451,
    1519,
    1403,
    1377,
    1675,
    1442,
    1390,
    1482,
    1048,
    1023,
    752,
    958,
    760,
    949,
    1024,
    953,
    978,
    987,
    954,
    4873,
    717,
    7837,
    2296,
    1100,
    1522,
    1456,
    1548,
    1510,
    1404,
    1550,
    1508,
    1434,
    1426,
    1493,
    1112,
    1052,
    1121,
    1111,
    1116,
    1083,
    1077,
    1075,
    1145,
    1056,
    1035,
    1201,
    4903
  ],
  "frame_rasterizer_times": [
    658,
    492,
    357,
    633,
    693,
    392,
    866,
    565,
    545,
    1104,
    1324,
    1383,
    1763,
    2175,
    1869,
    1812,
    1796,
    2067,
    1803,
    1415,
    1739,
    1649,
    1676,
    2293,
    2409,
    2603,
    3610,
    2244,
    2322,
    2031,
    2305,
    2220,
    2260,
    2231,
    2285,
    2210,
    2190,
    1766,
    2209,
    2229,
    2216,
    2284,
    2226,
    2138,
    2300,
    2331,
    2239,
    1802,
    1773,
    43340,
    780,
    16495,
    16826,
    16597,
    17089,
    16437,
    16828,
    16882,
    16417,
    16448,
    16386,
    16711,
    16374,
    17634,
    16832,
    15337,
    16725,
    16589,
    18411,
    14557,
    16733,
    16982,
    13620,
    1572,
    2335,
    2657,
    1775,
    3231,
    2507,
    2992,
    2513,
    2353,
    2402,
    2659,
    2357,
    2306,
    2333,
    2916,
    2238,
    1757,
    2462,
    1767,
    2970,
    2235,
    2208,
    2356,
    2241,
    2200,
    1779,
    1277,
    1325,
    1782,
    1641,
    2008,
    2428,
    1867,
    2016,
    2026,
    2046,
    2095,
    2024,
    1991,
    1976,
    2017,
    1972,
    1970,
    2148,
    2018,
    1945,
    1944,
    2134,
    2020,
    2272,
    1897,
    2241,
    1825
  ],
  "frame_begin_times": [
    0,
    16683,
    33361,
    50040,
    66742,
    83356,
    100030,
    116806,
    133461,
    150324,
    167022,
    183601,
    200434,
    217472,
    233858,
    250401,
    267184,
    283888,
    300422,
    317024,
    333736,
    350837,
    416889,
    433683,
    450411,
    467099,
    483754,
    500412,
    516983,
    533805,
    550407,
    567006,
    583653,
    600568,
    617094,
    633741,
    650378,
    667243,
    683773,
    700362,
    717107,
    733824,
    750362,
    767107,
    783725,
    800382,
    817009,
    833695,
    866834,
    883730,
    900101,
    933421,
    949956,
    966692,
    983352,
    1000181,
    1016861,
    1033661,
    1050436,
    1066956,
    1083686,
    1100400,
    1117075,
    1133680,
    1151025,
    1167413,
    1183765,
    1200298,
    1217201,
    1234372,
    1250289,
    1266985,
    1284003,
    1317022,
    1333627,
    1350317,
    1366953,
    1383699,
    1400351,
    1417019,
    1433697,
    1450363,
    1467011,
    1484034,
    1500399,
    1517062,
    1533776,
    1550805,
    1567026,
    1583580,
    1600357,
    1617133,
    1633692,
    1650341,
    1666926,
    1683797,
    1700375,
    1717009,
    1733645,
    1766896,
    1783630,
    1800370,
    1816837,
    1833743,
    1850309,
    1867219,
    1883630,
    1900252,
    1917029,
    1933923,
    1950330,
    1966988,
    1983634,
    2000264,
    2016931,
    2033621,
    2050362,
    2067077,
    2083660,
    2100344,
    2117066,
    2133661,
    2150326,
    2167001,
    2183804,
    2200287
  ],
  "frame_rasterizer_begin_times": [
    0,
    16428,
    33182,
    49867,
    66763,
    83345,
    100150,
    117039,
    133689,
    149822,
    166526,
    183278,
    200135,
    217258,
    233575,
    250122,
    266895,
    283607,
    300081,
    316599,
    333455,
    350707,
    422777,
    434544,
    451064,
    467774,
    484442,
    501028,
    517635,
    534533,
    551094,
    567650,
    584271,
    601274,
    617780,
    634464,
    650613,
    667324,
    683985,
    700568,
    717317,
    734105,
    750544,
    767336,
    783948,
    800645,
    817216,
    837052,
    871932,
    884697,
    928147,
    933167,
    949719,
    966635,
    983278,
    1000512,
    1017055,
    1034224,
    1051232,
    1067846,
    1084522,
    1100982,
    1117771,
    1134207,
    1151937,
    1168874,
    1184313,
    1201125,
    1217789,
    1236257,
    1250940,
    1267754,
    1287418,
    1323140,
    1335051,
    1350928,
    1367372,
    1384388,
    1401008,
    1417729,
    1434480,
    1450961,
    1467666,
    1484886,
    1501126,
    1517735,
    1534416,
    1551146,
    1567333,
    1583575,
    1600600,
    1617140,
    1633910,
    1650643,
    1667126,
    1683973,
    1700662,
    1717245,
    1737768,
    1766851,
    1790465,
    1801888,
    1817188,
    1834429,
    1851045,
    1868065,
    1884420,
    1900945,
    1917861,
    1934725,
    1951040,
    1967718,
    1984424,
    2000525,
    2017258,
    2033919,
    2050743,
    2067452,
    2083975,
    2100736,
    2117447,
    2134082,
    2150661,
    2167317,
    2184229,
    2204007
  ],
  "average_vsync_transitions_missed": 1.04,
  "90th_percentile_vsync_transitions_missed": 1.0,
  "99th_percentile_vsync_transitions_missed": 2.0
}