{
  "average_frame_build_time_millis": 1.334126984126984,
  "90th_percentile_frame_build_time_millis": 1.675,
  "99th_percentile_frame_build_time_millis": 7.112,
  "worst_frame_build_time_millis": 7.255,
  "missed_frame_build_budget_count": 0,
  "average_frame_rasterizer_time_millis": 2.360142857142857,
  "90th_percentile_frame_rasterizer_time_millis": 2.454,
  "99th_percentile_frame_rasterizer_time_millis": 16.139,
  "worst_frame_rasterizer_time_millis": 42.363,
  "missed_frame_rasterizer_budget_count": 2,
  "frame_count": 126,
  "frame_rasterizer_count": 126,
  "frame_build_times": [
    1226,
    437,
    560,
    530,
    539,
    770,
    729,
    802,
    988,
    108,
    298,
    311,
    342,
    451,
    529,
    425,
    353,
    655,
    432,
    436,
    358,
    359,
    6804,
    2130,
    1469,
    1757,
    829,
    1438,
    1399,
    1557,
    1421,
    1361,
    1396,
    1101,
    1406,
    1483,
    993,
    966,
    950,
    1050,
    1126,
    1035,
    976,
    979,
    1032,
    1044,
    999,
    4229,
    6311,
    1743,
    822,
    572,
    339,
    486,
    458,
    977,
    997,
    1202,
    1327,
    923,
    1147,
    1029,
    1013,
    1016,
    1005,
    1079,
    820,
    1023,
    1011,
    1147,
    1053,
    989,
    4399,
    7112,
    1463,
    1349,
    1086,
    1424,
    1368,
    1375,
    1443,
    1356,
    1368,
    1379,
    1410,
    1399,
    1428,
    986,
    983,
    972,
    897,
    999,
    992,
    945,
    961,
    760,
    957,
    957,
    4216,
    862,
    7255,
    2103,
    956,
    904,
    1250,
    1540,
    1525,
    1466,
    1457,
    1675,
    1481,
    1466,
    1481,
    1096,
    1043,
    1087,
    1063,
    1096,
    1068,
    1060,
    1073,
    1088,
    1026,
    1071,
    1079,
    4788
  ],
  "frame_rasterizer_times": [
    16139,
    1149,
    342,
    614,
    550,
    397,
    698,
    473,
    568,
    526,
    1277,
    1140,
    1349,
    2038,
    1802,
    2596,
    1496,
    1496,
    1771,
    1780,
    1421,
    1945,
    1741,
    2327,
    2336,
    2771,
    2087,
    2304,
    2258,
    2154,
    2378,
    2267,
    2231,
    1795,
    2225,
    2293,
    2202,
    2426,
    2224,
    2155,
    2412,
    2292,
    2231,
    2202,
    2405,
    2232,
    2207,
    1637,
    1839,
    42363,
    765,
    462,
    501,
    761,
    714,
    1531,
    1520,
    1662,
    2637,
    1779,
    1796,
    2636,
    2454,
    3245,
    2374,
    2523,
    1847,
    2341,
    2366,
    2537,
    2361,
    2247,
    2120,
    1586,
    1897,
    2454,
    2475,
    2370,
    2240,
    2391,
    2350,
    2262,
    2228,
    2462,
    2349,
    2282,
    2182,
    2430,
    2192,
    2196,
    1732,
    2317,
    2216,
    2279,
    2218,
    2370,
    2228,
    2245,
    1796,
    1670,
    1386,
    1894,
    1357,
    1383,
    2106,
    2616,
    2030,
    2059,
    2099,
    2109,
    2160,
    1999,
    1921,
    2063,
    2075,
    1907,
    2123,
    2017,
    1955,
    1920,
    2166,
    2011,
    1948,
    1922,
    2212,
    1783
  ],
  "frame_begin_times": [
    0,
    16564,
    33253,
    49953,
    66629,
    83328,
    99993,
    116617,
    133281,
    150000,
    166989,
    183561,
    200251,
    217236,
    233750,
    250298,
    266960,
    283761,
    300377,
    317062,
    333586,
    350257,
    416749,
    433672,
    450390,
    467312,
    483859,
    500406,
    517110,
    533925,
    550337,
    567026,
    583693,
    600243,
    617041,
    633728,
    650324,
    667098,
    683795,
    700376,
    717131,
    733797,
    750353,
    767058,
    783934,
    800386,
    817004,
    833740,
    866786,
    883755,
    900060,
    933318,
    949934,
    966627,
    983241,
    1000197,
    1016826,
    1033588,
    1050648,
    1066755,
    1083550,
    1100377,
    1117087,
    1133717,
    1150370,
    1167083,
    1183572,
    1200298,
    1217120,
    1233905,
    1250319,
    1266934,
    1283663,
    1316745,
    1333475,
    1350199,
    1366846,
    1383634,
    1400292,
    1416955,
    1433586,
    1450310,
    1466946,
    1483852,
    1500316,
    1516948,
    1533607,
    1550497,
    1566954,
    1583578,
    1600318,
    1617145,
    1633630,
    1650258,
    1666952,
    1683647,
    1700244,
    1716947,
    1733582,
    1766748,
    1783401,
    1800309,
    1816766,
    1833501,
    1850184,
    1867180,
    1883675,
    1900156,
    1916938,
    1933770,
    1950252,
    1966880,
    1983571,
    2000314,
    2016929,
    2033586,
    2050324,
    2066976,
    2083558,
    2100235,
    2117022,
    2133582,
    2150255,
    2167013,
    2183740,
    2200244
  ],
  "frame_rasterizer_begin_times": [
    0,
    16243,
    32704,
    49279,
    65978,
    82867,
    99548,
    116212,
    133113,
    148886,
    166084,
    182679,
    199390,
    216526,
    233025,
    249514,
    266119,
    283131,
    299603,
    316352,
    332766,
    349413,
    422136,
    434647,
    450653,
    467769,
    483488,
    500609,
    517334,
    534348,
    550513,
    567225,
    583930,
    600143,
    617286,
    634046,
    650180,
    666899,
    683574,
    700279,
    717029,
    733635,
    750196,
    766874,
    783821,
    800274,
    816860,
    836875,
    871639,
    884344,
    926820,
    932733,
    949043,
    965927,
    982554,
    999982,
    1016639,
    1033547,
    1050744,
    1066447,
    1083607,
    1100245,
    1116940,
    1133525,
    1150199,
    1167012,
    1183234,
    1200160,
    1217031,
    1233842,
    1250211,
    1266789,
    1286339,
    1322484,
    1333737,
    1350389,
    1366734,
    1383898,
    1400501,
    1417158,
    1433887,
    1450503,
    1467140,
    1484064,
    1500566,
    1517215,
    1533899,
    1550326,
    1566778,
    1583386,
    1600038,
    1616996,
    1633458,
    1650028,
    1666708,
    1683256,
    1700042,
    1716743,
    1736610,
    1766435,
    1789242,
    1801196,
    1816536,
    1833207,
    1850189,
    1867572,
    1884037,
    1900482,
    1917231,
    1934269,
    1950569,
    1967186,
    1983917,
    2000216,
    2016760,
    2033558,
    2050223,
    2066911,
    2083383,
    2100118,
    2116955,
    2133483,
    2150111,
    2166919,
    2183668,
    2203425
  ],
  "average_vsync_transitions_missed": 1.25,
  "90th_percentile_vsync_transitions_missed": 2.0,
  "99th_percentile_vsync_transitions_missed": 2.0
}