{
  "average_frame_build_time_millis": 1.3232479999999998,
  "90th_percentile_frame_build_time_millis": 1.559,
  "99th_percentile_frame_build_time_millis": 6.065,
  "worst_frame_build_time_millis": 8.941,
  "missed_frame_build_budget_count": 0,
  "average_frame_rasterizer_time_millis": 2.211080000000001,
  "90th_percentile_frame_rasterizer_time_millis": 2.418,
  "99th_percentile_frame_rasterizer_time_millis": 3.591,
  "worst_frame_rasterizer_time_millis": 40.558,
  "missed_frame_rasterizer_budget_count": 1,
  "frame_count": 125,
  "frame_rasterizer_count": 125,
  "frame_build_times": [
    1681,
    910,
    555,
    545,
    572,
    756,
    743,
    729,
    948,
    278,
    270,
    343,
    361,
    351,
    424,
    475,
    516,
    461,
    340,
    331,
    436,
    437,
    6065,
    1559,
    1076,
    1483,
    1460,
    1448,
    1487,
    1329,
    1462,
    1474,
    1530,
    1499,
    1428,
    1524,
    1052,
    1023,
    989,
    996,
    1001,
    998,
    961,
    1026,
    1036,
    968,
    983,
    3126,
    4303,
    1268,
    773,
    518,
    359,
    454,
    507,
    946,
    965,
    1042,
    1508,
    1149,
    1641,
    1022,
    999,
    1007,
    939,
    1052,
    1013,
    1003,
    990,
    1030,
    1012,
    1221,
    4109,
    5691,
    1607,
    1425,
    1467,
    1378,
    1442,
    1414,
    1401,
    1392,
    1411,
    1126,
    1320,
    1366,
    1528,
    985,
    1008,
    1014,
    1004,
    968,
    964,
    994,
    997,
    948,
    739,
    4068,
    904,
    8941,
    2263,
    1071,
    1461,
    1478,
    1490,
    1488,
    1447,
    1462,
    1177,
    1454,
    1423,
    1527,
    1096,
    1084,
    1086,
    1128,
    1076,
    1088,
    1035,
    1094,
    1060,
    1057,
    1046,
    1108,
    4930
  ],
  "frame_rasterizer_times": [
    996,
    748,
    357,
    608,
    530,
    437,
    729,
    449,
    599,
    1117,
    1130,
    1381,
    1496,
    1477,
    1702,
    1969,
    1912,
    1876,
    1314,
    1717,
    1779,
    1815,
    1643,
    2271,
    1938,
    2352,
    3591,
    2252,
    2273,
    2298,
    2212,
    2258,
    2361,
    2192,
    2174,
    1998,
    2103,
    2146,
    2120,
    2480,
    2242,
    2218,
    2141,
    2429,
    2223,
    2147,
    2153,
    1376,
    1444,
    40558,
    706,
    508,
    504,
    833,
    908,
    1473,
    1696,
    1527,
    2058,
    1833,
    2280,
    2357,
    2273,
    3253,
    1883,
    2329,
    2326,
    2265,
    2328,
    2265,
    2268,
    2624,
    1707,
    1553,
    2355,
    2460,
    2458,
    2927,
    2118,
    2539,
    2281,
    2303,
    2336,
    1747,
    2023,
    2350,
    2286,
    2276,
    2269,
    2418,
    2359,
    2287,
    2212,
    2466,
    2320,
    2280,
    1697,
    1396,
    1643,
    1508,
    1813,
    1566,
    2042,
    2447,
    2074,
    2024,
    2037,
    2282,
    1584,
    1986,
    2035,
    2276,
    1965,
    1915,
    1930,
    1989,
    1927,
    1933,
    1971,
    2054,
    2027,
    1954,
    1898,
    2076,
    1778
  ],
  "frame_begin_times": [
    0,
    66645,
    83277,
    99976,
    116666,
    133361,
    150023,
    166656,
    183347,
    200301,
    216924,
    233619,
    250305,
    266958,
    283699,
    300509,
    317068,
    333900,
    350285,
    367127,
    383729,
    400368,
    466898,
    483602,
    500328,
    517046,
    533711,
    550426,
    567091,
    583588,
    600396,
    617066,
    633739,
    650383,
    667032,
    683736,
    700386,
    717104,
    733737,
    750522,
    767140,
    783714,
    800403,
    817411,
    833727,
    850391,
    867050,
    883900,
    916763,
    933567,
    950081,
    983372,
    1000049,
    1016695,
    1033371,
    1050286,
    1067282,
    1083433,
    1100245,
    1116919,
    1133918,
    1150368,
    1167083,
    1183700,
    1200572,
    1217011,
    1233690,
    1250422,
    1266940,
    1283691,
    1300350,
    1317046,
    1333629,
    1366854,
    1383650,
    1400255,
    1416973,
    1433597,
    1450512,
    1467017,
    1483677,
    1500337,
    1517472,
    1533585,
    1550163,
    1566976,
    1583658,
    1600410,
    1616997,
    1633655,
    1650471,
    1667132,
    1683691,
    1700445,
    1717025,
    1733634,
    1750207,
    1767128,
    1800120,
    1816949,
    1833545,
    1850202,
    1866967,
    1883575,
    1900393,
    1916983,
    1933600,
    1950320,
    1966878,
    1983650,
    2000275,
    2017114,
    2033695,
    2050301,
    2066983,
    2083818,
    2100336,
    2116954,
    2133649,
    2150775,
    2166960,
    2183595,
    2200347,
    2217038,
    2233710
  ],
  "frame_rasterizer_begin_times": [
    0,
    15005,
    31347,
    47975,
    64757,
    81597,
    98241,
    114857,
    131725,
    148021,
    164635,
    181414,
    198118,
    214748,
    231620,
    248440,
    265007,
    281803,
    298077,
    315012,
    331659,
    348272,
    420157,
    432643,
    448861,
    466026,
    482670,
    499353,
    516076,
    532391,
    549357,
    566095,
    582680,
    599379,
    615956,
    632742,
    648932,
    665625,
    682109,
    699018,
    715655,
    732200,
    748873,
    765826,
    782252,
    798873,
    815524,
    834482,
    868329,
    882286,
    922964,
    931347,
    947865,
    964616,
    981345,
    998681,
    1015715,
    1031804,
    1049266,
    1065481,
    1083070,
    1098853,
    1115576,
    1132232,
    1148968,
    1165585,
    1182179,
    1198920,
    1215413,
    1232164,
    1248775,
    1265677,
    1284846,
    1319818,
    1332750,
    1349191,
    1365936,
    1382455,
    1399464,
    1415913,
    1432571,
    1449221,
    1466381,
    1482192,
    1498978,
    1515839,
    1532637,
    1548902,
    1565457,
    1582168,
    1598926,
    1615586,
    1632129,
    1648933,
    1665500,
    1682078,
    1698425,
    1718671,
    1748470,
    1773057,
    1783224,
    1798751,
    1815921,
    1832568,
    1849377,
    1865964,
    1882544,
    1899284,
    1915468,
    1932631,
    1949159,
    1966143,
    1982270,
    1998877,
    2015561,
    2032441,
    2048893,
    2065501,
    2082165,
    2099359,
    2115514,
    2132148,
    2148886,
    2165645,
    2185700
  ],
  "average_vsync_transitions_missed": 1.75,
  "90th_percentile_vsync_transitions_missed": 3.0,
  "99th_percentile_vsync_transitions_missed": 3.0
}