{
  "average_frame_build_time_millis": 1.2624400000000005,
  "90th_percentile_frame_build_time_millis": 1.568,
  "99th_percentile_frame_build_time_millis": 6.943,
  "worst_frame_build_time_millis": 7.288,
  "missed_frame_build_budget_count": 0,
  "average_frame_rasterizer_time_millis": 2.3325199999999993,
  "90th_percentile_frame_rasterizer_time_millis": 2.334,
  "99th_percentile_frame_rasterizer_time_millis": 16.559,
  "worst_frame_rasterizer_time_millis": 46.172,
  "missed_frame_rasterizer_budget_count": 2,
  "frame_count": 125,
  "frame_rasterizer_count": 125,
  "frame_build_times": [
    1001,
    645,
    613,
    898,
    809,
    658,
    655,
    1568,
    1616,
    270,
    375,
    293,
    407,
    411,
    373,
    403,
    416,
    372,
    382,
    426,
    428,
    445,
    7288,
    1364,
    1025,
    873,
    786,
    943,
    966,
    1268,
    1275,
    1391,
    1263,
    1269,
    1276,
    1515,
    923,
    718,
    874,
    658,
    652,
    921,
    1018,
    954,
    881,
    878,
    936,
    3810,
    6943,
    1634,
    748,
    510,
    303,
    408,
    409,
    981,
    1003,
    1156,
    813,
    1125,
    1174,
    1037,
    780,
    690,
    693,
    784,
    777,
    672,
    777,
    773,
    995,
    1011,
    4039,
    5018,
    1525,
    785,
    844,
    1534,
    1438,
    1408,
    1415,
    1432,
    1396,
    1392,
    1400,
    1453,
    1455,
    1018,
    986,
    1000,
    971,
    955,
    1078,
    1009,
    989,
    963,
    938,
    945,
    4166,
    5435,
    2022,
    1110,
    1492,
    1479,
    1471,
    1464,
    1523,
    1538,
    1466,
    1451,
    1626,
    1140,
    1494,
    1055,
    919,
    1062,
    1047,
    1053,
    828,
    1106,
    1093,
    1074,
    1113,
    1158,
    4649
  ],
  "frame_rasterizer_times": [
    807,
    744,
    422,
    903,
    749,
    376,
    736,
    975,
    1012,
    1221,
    1789,
    1423,
    1791,
    1764,
    1765,
    1873,
    1757,
    1823,
    1873,
    1806,
    1747,
    1777,
    1669,
    2107,
    1899,
    1468,
    2022,
    1521,
    1870,
    2159,
    2334,
    2324,
    2242,
    2270,
    2330,
    2222,
    2224,
    1647,
    2189,
    1443,
    1710,
    2142,
    2378,
    2221,
    2156,
    2198,
    2216,
    1569,
    1886,
    46172,
    807,
    16559,
    757,
    691,
    678,
    1653,
    1688,
    1959,
    1460,
    1702,
    1975,
    3373,
    1934,
    2073,
    1589,
    1883,
    1828,
    1633,
    1792,
    2357,
    2710,
    2380,
    2146,
    1434,
    1946,
    1367,
    1465,
    2255,
    2315,
    2303,
    2309,
    2280,
    2274,
    2296,
    2320,
    2373,
    2077,
    2253,
    2430,
    2272,
    2272,
    2213,
    2319,
    2396,
    2257,
    2285,
    1759,
    2264,
    1623,
    1205,
    1643,
    1599,
    2112,
    2389,
    2073,
    2009,
    2109,
    2080,
    2094,
    2120,
    2579,
    1679,
    1974,
    2125,
    1583,
    2087,
    1693,
    1947,
    1658,
    2017,
    2008,
    2095,
    2192,
    2006,
    1784
  ],
  "frame_begin_times": [
    0,
    16628,
    33248,
    49951,
    66600,
    83293,
    99941,
    116845,
    133464,
    150365,
    166985,
    183560,
    200391,
    216998,
    233657,
    250387,
    266981,
    283670,
    300475,
    316994,
    333600,
    350284,
    416763,
    433530,
    450196,
    466851,
    483410,
    500218,
    516825,
    533582,
    550424,
    567001,
    583607,
    600265,
    617108,
    633749,
    650334,
    666924,
    683991,
    700168,
    716935,
    733753,
    750545,
    766994,
    783656,
    800344,
    817023,
    833811,
    866782,
    883815,
    900203,
    933226,
    949910,
    966606,
    983254,
    1000393,
    1016838,
    1033588,
    1050123,
    1066857,
    1083634,
    1100544,
    1116931,
    1133581,
    1150265,
    1166806,
    1183499,
    1200221,
    1216893,
    1233590,
    1250464,
    1266948,
    1283611,
    1317516,
    1333651,
    1350180,
    1366810,
    1383886,
    1400219,
    1417026,
    1433594,
    1450322,
    1467016,
    1483632,
    1500332,
    1516975,
    1533662,
    1550209,
    1567166,
    1583571,
    1600280,
    1616947,
    1633874,
    1650285,
    1666935,
    1683672,
    1700553,
    1716977,
    1733663,
    1766663,
    1783415,
    1800172,
    1817004,
    1833629,
    1850203,
    1866915,
    1883742,
    1900259,
    1917015,
    1933692,
    1950661,
    1966878,
    1983602,
    2000242,
    2017022,
    2033641,
    2050347,
    2066909,
    2083459,
    2100216,
    2116911,
    2133641,
    2150309,
    2167094,
    2183575
  ],
  "frame_rasterizer_begin_times": [
    0,
    16236,
    32856,
    49768,
    66417,
    82953,
    99595,
    117359,
    134054,
    149592,
    166359,
    182846,
    199806,
    216399,
    233023,
    249701,
    266393,
    282989,
    299797,
    316336,
    332893,
    349706,
    422766,
    433919,
    450154,
    466673,
    483140,
    500070,
    516748,
    533762,
    550674,
    567365,
    583774,
    600531,
    617363,
    634223,
    650246,
    666612,
    683809,
    699732,
    716569,
    733629,
    750477,
    766937,
    783538,
    800139,
    816966,
    836553,
    872202,
    884406,
    930689,
    932717,
    949366,
    965964,
    982659,
    1000324,
    1016803,
    1033651,
    1049901,
    1066953,
    1083761,
    1100646,
    1116665,
    1133227,
    1149899,
    1166528,
    1183251,
    1199800,
    1216625,
    1233271,
    1250416,
    1266969,
    1286156,
    1321287,
    1334161,
    1349906,
    1366597,
    1384386,
    1400674,
    1417426,
    1434003,
    1450748,
    1467314,
    1484019,
    1500749,
    1517432,
    1534028,
    1550199,
    1567068,
    1583547,
    1600235,
    1616892,
    1633898,
    1650276,
    1666834,
    1683599,
    1700445,
    1716839,
    1736777,
    1770860,
    1784434,
    1800236,
    1817390,
    1834097,
    1850667,
    1867396,
    1884216,
    1900816,
    1917504,
    1934141,
    1951392,
    1966986,
    1984049,
    2000260,
    2016903,
    2033679,
    2050387,
    2066953,
    2083267,
    2100283,
    2116983,
    2133714,
    2150331,
    2167171,
    2186707
  ],
  "average_vsync_transitions_missed": 1.25,
  "90th_percentile_vsync_transitions_missed": 2.0,
  "99th_percentile_vsync_transitions_missed": 2.0
}