{
  "average_frame_build_time_millis": 1.3173015873015876,
  "90th_percentile_frame_build_time_millis": 1.596,
  "99th_percentile_frame_build_time_millis": 6.955,
  "worst_frame_build_time_millis": 8.486,
  "missed_frame_build_budget_count": 0,
  "average_frame_rasterizer_time_millis": 2.224007936507937,
  "90th_percentile_frame_rasterizer_time_millis": 2.406,
  "99th_percentile_frame_rasterizer_time_millis": 3.772,
  "worst_frame_rasterizer_time_millis": 41.368,
  "missed_frame_rasterizer_budget_count": 1,
  "frame_count": 126,
  "frame_rasterizer_count": 126,
  "frame_build_times": [
    921,
    465,
    532,
    518,
    741,
    733,
    745,
    987,
    966,
    300,
    365,
    381,
    416,
    381,
    455,
    447,
    361,
    433,
    445,
    426,
    459,
    443,
    5149,
    1586,
    1061,
    1564,
    1456,
    1431,
    1413,
    1254,
    1382,
    1383,
    1342,
    1434,
    1383,
    1117,
    923,
    1002,
    941,
    950,
    1104,
    975,
    937,
    966,
    958,
    961,
    926,
    3993,
    4789,
    1358,
    822,
    563,
    308,
    467,
    444,
    979,
    987,
    1346,
    1451,
    1262,
    1596,
    1064,
    1019,
    1069,
    1010,
    817,
    1019,
    1020,
    1011,
    770,
    1058,
    809,
    4152,
    6955,
    1238,
    1134,
    1167,
    1443,
    1394,
    1509,
    1598,
    1666,
    1462,
    1110,
    1387,
    1424,
    1080,
    980,
    953,
    948,
    944,
    1009,
    959,
    1092,
    891,
    1050,
    990,
    996,
    4320,
    716,
    8486,
    2348,
    1132,
    1498,
    1513,
    1616,
    1461,
    1526,
    1483,
    1497,
    1562,
    1452,
    1531,
    1109,
    1048,
    1087,
    1164,
    1080,
    1036,
    1065,
    816,
    1057,
    1105,
    1057,
    1088,
    5047
  ],
  "frame_rasterizer_times": [
    593,
    457,
    417,
    543,
    665,
    389,
    647,
    519,
    720,
    1295,
    1369,
    1589,
    1706,
    1620,
    1968,
    2106,
    1647,
    1920,
    1950,
    2503,
    1938,
    2406,
    1476,
    2009,
    1817,
    2029,
    3772,
    2263,
    2295,
    2056,
    2278,
    2236,
    2217,
    2347,
    2233,
    1712,
    1967,
    2323,
    2222,
    2159,
    2414,
    2370,
    2197,
    2217,
    2513,
    2262,
    2200,
    1686,
    1741,
    41368,
    778,
    514,
    482,
    702,
    703,
    1543,
    1524,
    2064,
    1952,
    1831,
    2357,
    2647,
    2337,
    3284,
    2367,
    1924,
    2275,
    2383,
    2247,
    2368,
    2284,
    1743,
    2019,
    1571,
    1829,
    2054,
    1834,
    3012,
    2215,
    2463,
    2263,
    2272,
    2194,
    1736,
    1877,
    2146,
    2398,
    2343,
    2233,
    2189,
    2288,
    2320,
    2208,
    2579,
    2460,
    2277,
    2232,
    2173,
    1345,
    1276,
    1374,
    1910,
    1545,
    2061,
    2440,
    2098,
    2022,
    2064,
    2163,
    2105,
    1983,
    1976,
    2287,
    2092,
    1915,
    1930,
    2059,
    1895,
    1935,
    1932,
    1500,
    1940,
    1880,
    1889,
    1997,
    1772
  ],
  "frame_begin_times": [
    0,
    16592,
    33242,
    49986,
    66646,
    83298,
    99960,
    116616,
    133358,
    150296,
    166858,
    183576,
    200234,
    217131,
    233615,
    250321,
    267190,
    283741,
    300360,
    317211,
    333946,
    350257,
    400100,
    416979,
    433550,
    450536,
    467063,
    483717,
    500362,
    517477,
    533678,
    550406,
    567038,
    583732,
    600401,
    616881,
    633560,
    650370,
    667036,
    683717,
    700421,
    717046,
    733698,
    750316,
    767296,
    783646,
    800383,
    816999,
    850025,
    866881,
    883377,
    916615,
    933192,
    949947,
    966631,
    983587,
    1000135,
    1017005,
    1033691,
    1050236,
    1066981,
    1083813,
    1100340,
    1117024,
    1133598,
    1150451,
    1166942,
    1183598,
    1200283,
    1216911,
    1233654,
    1250236,
    1266888,
    1300023,
    1316702,
    1333570,
    1350141,
    1366901,
    1383594,
    1400413,
    1416983,
    1433825,
    1450339,
    1466854,
    1483535,
    1500289,
    1516920,
    1533596,
    1550268,
    1566896,
    1583641,
    1600255,
    1616930,
    1633733,
    1650225,
    1666889,
    1683566,
    1700279,
    1717062,
    1750061,
    1766908,
    1783469,
    1800144,
    1816948,
    1833522,
    1850247,
    1866982,
    1883565,
    1900197,
    1916991,
    1933660,
    1950163,
    1967216,
    1983542,
    2000241,
    2016940,
    2033747,
    2050242,
    2066901,
    2083617,
    2100374,
    2116916,
    2133588,
    2150243,
    2166887,
    2183588
  ],
  "frame_rasterizer_begin_times": [
    0,
    16048,
    32840,
    49593,
    66478,
    83117,
    99779,
    116715,
    133417,
    149624,
    166265,
    182979,
    199680,
    216481,
    233120,
    249839,
    266568,
    283247,
    299872,
    316691,
    333426,
    349733,
    404074,
    417584,
    433628,
    451160,
    467572,
    484169,
    500818,
    517729,
    534145,
    550845,
    567467,
    584239,
    600841,
    617019,
    633571,
    650443,
    667059,
    683722,
    700422,
    717075,
    733692,
    750341,
    767332,
    783680,
    800372,
    820033,
    853591,
    867304,
    908787,
    916194,
    932520,
    949410,
    966124,
    983583,
    1000142,
    1017366,
    1034196,
    1050468,
    1067621,
    1083937,
    1100417,
    1117151,
    1133677,
    1150261,
    1167001,
    1183673,
    1200297,
    1216784,
    1233719,
    1250088,
    1269589,
    1305810,
    1316957,
    1333782,
    1350348,
    1367399,
    1384012,
    1400985,
    1417643,
    1434404,
    1450860,
    1466990,
    1483943,
    1500795,
    1517015,
    1533635,
    1550283,
    1566925,
    1583667,
    1600320,
    1616928,
    1633760,
    1650222,
    1667023,
    1683588,
    1700320,
    1720349,
    1749777,
    1774206,
    1784804,
    1800316,
    1817417,
    1834057,
    1850804,
    1867501,
    1884001,
    1900735,
    1917550,
    1934191,
    1950653,
    1967797,
    1983673,
    2000347,
    2017078,
    2033882,
    2050382,
    2067034,
    2083722,
    2100234,
    2117062,
    2133647,
    2150373,
    2167036,
    2187224
  ],
  "average_vsync_transitions_missed": 1.3333333333333333,
  "90th_percentile_vsync_transitions_missed": 2.0,
  "99th_percentile_vsync_transitions_missed": 2.0
}