{
  "average_frame_build_time_millis": 1.2740708661417326,
  "90th_percentile_frame_build_time_millis": 1.532,
  "99th_percentile_frame_build_time_millis": 6.931,
  "worst_frame_build_time_millis": 8.504,
  "missed_frame_build_budget_count": 0,
  "average_frame_rasterizer_time_millis": 2.421669291338582,
  "90th_percentile_frame_rasterizer_time_millis": 2.435,
  "99th_percentile_frame_rasterizer_time_millis": 3.327,
  "worst_frame_rasterizer_time_millis": 43.115,
  "missed_frame_rasterizer_budget_count": 1,
  "frame_count": 127,
  "frame_rasterizer_count": 127,
  "frame_build_times": [
    497,
    425,
    461,
    358,
    513,
    337,
    467,
    489,
    488,
    4516,
    1184,
    1039,
    1087,
    1375,
    1378,
    1405,
    1387,
    1391,
    1333,
    1601,
    1383,
    1242,
    1386,
    950,
    965,
    909,
    918,
    723,
    935,
    923,
    915,
    959,
    930,
    934,
    3018,
    2514,
    579,
    385,
    249,
    142,
    147,
    157,
    423,
    382,
    397,
    513,
    482,
    619,
    3683,
    1532,
    1250,
    1265,
    1303,
    1347,
    1267,
    1240,
    1239,
    1239,
    949,
    1222,
    983,
    1281,
    923,
    908,
    961,
    914,
    901,
    946,
    944,
    906,
    912,
    732,
    930,
    4172,
    6931,
    1160,
    970,
    1381,
    1362,
    1328,
    1292,
    1283,
    1338,
    1300,
    1293,
    1286,
    1379,
    1310,
    880,
    1020,
    950,
    905,
    922,
    927,
    909,
    999,
    888,
    698,
    905,
    3609,
    760,
    8504,
    2174,
    1437,
    1445,
    1410,
    1363,
    1730,
    1534,
    1334,
    1370,
    1520,
    1420,
    1354,
    1063,
    772,
    1004,
    1008,
    983,
    1011,
    776,
    991,
    1044,
    1082,
    988,
    984,
    5762
  ],
  "frame_rasterizer_times": [
    1893,
    1817,
    1771,
    1646,
    2118,
    1965,
    1756,
    1970,
    1902,
    1505,
    2065,
    1923,
    1956,
    3162,
    2890,
    2384,
    2284,
    2227,
    2193,
    2159,
    2227,
    1772,
    2175,
    2364,
    2246,
    2188,
    2122,
    2264,
    2177,
    2177,
    2357,
    2494,
    2122,
    2228,
    1418,
    1277,
    43115,
    751,
    1693,
    1307,
    1856,
    1865,
    2193,
    1022,
    2017,
    1401,
    1314,
    1678,
    2122,
    3327,
    3068,
    2234,
    2409,
    2308,
    2435,
    2427,
    2136,
    2372,
    1862,
    2348,
    2104,
    2304,
    2267,
    2319,
    2456,
    2330,
    2271,
    2426,
    2347,
    2191,
    2195,
    2130,
    2292,
    2057,
    1632,
    1797,
    1804,
    2405,
    2939,
    2184,
    2195,
    2257,
    2361,
    2179,
    2159,
    2536,
    2306,
    2151,
    2199,
    2410,
    2195,
    2148,
    2149,
    2645,
    2178,
    2215,
    2113,
    1771,
    2391,
    1698,
    1298,
    1708,
    1862,
    1894,
    2031,
    2440,
    1960,
    2543,
    1350,
    2026,
    2052,
    1700,
    2137,
    1990,
    2179,
    1620,
    2971,
    1866,
    2351,
    2298,
    1404,
    2248,
    2089,
    2125,
    2083,
    2354,
    1813
  ],
  "frame_begin_times": [
    0,
    16425,
    33185,
    49984,
    66707,
    82926,
    99914,
    116594,
    133084,
    273957,
    282830,
    299759,
    316418,
    333144,
    349879,
    366655,
    383074,
    399873,
    416482,
    433410,
    449866,
    466545,
    483132,
    499958,
    516577,
    533160,
    549843,
    566382,
    583155,
    599860,
    616480,
    633271,
    649838,
    666520,
    683264,
    699586,
    716366,
    733053,
    766007,
    782632,
    799367,
    816074,
    833058,
    849539,
    866187,
    883040,
    899658,
    916483,
    933271,
    949811,
    966506,
    983081,
    999878,
    1016450,
    1033083,
    1049789,
    1066657,
    1083093,
    1099593,
    1116501,
    1133052,
    1149769,
    1166464,
    1183141,
    1199824,
    1216462,
    1233040,
    1249834,
    1266458,
    1283108,
    1299800,
    1316424,
    1333025,
    1349765,
    1382974,
    1399496,
    1416283,
    1433078,
    1449803,
    1466437,
    1483091,
    1499708,
    1516517,
    1533066,
    1549754,
    1566427,
    1583137,
    1599792,
    1616420,
    1633255,
    1649811,
    1666379,
    1682965,
    1699853,
    1716455,
    1733096,
    1749795,
    1766329,
    1783221,
    1799666,
    1832931,
    1849635,
    1866291,
    1883324,
    1899813,
    1916316,
    1933101,
    1950266,
    1966680,
    1983078,
    1999728,
    2016819,
    2033006,
    2049743,
    2066472,
    2082959,
    2099805,
    2116425,
    2133015,
    2149837,
    2166296,
    2183017,
    2200060,
    2216403,
    2233028,
    2249699,
    2266964
  ],
  "frame_rasterizer_begin_times": [
    0,
    16348,
    33141,
    49842,
    66689,
    82742,
    99881,
    116583,
    133042,
    277801,
    283462,
    300261,
    316995,
    334022,
    350778,
    367600,
    383946,
    400747,
    417335,
    434427,
    450747,
    467202,
    483998,
    500422,
    517010,
    533572,
    550225,
    566565,
    583593,
    600285,
    616913,
    633739,
    650279,
    666967,
    685680,
    701545,
    716447,
    759685,
    765689,
    782196,
    798979,
    815747,
    832934,
    849370,
    866033,
    883033,
    899597,
    916579,
    936159,
    950810,
    967175,
    983761,
    1000642,
    1017198,
    1033831,
    1050480,
    1067331,
    1083752,
    1100028,
    1117143,
    1133495,
    1150441,
    1166877,
    1183519,
    1200253,
    1216861,
    1233669,
    1250278,
    1266933,
    1283536,
    1300212,
    1316619,
    1333482,
    1352890,
    1389195,
    1400111,
    1416711,
    1433838,
    1450654,
    1467163,
    1483883,
    1500473,
    1517433,
    1533823,
    1550464,
    1567130,
    1584010,
    1600697,
    1616801,
    1633782,
    1650260,
    1666806,
    1683355,
    1700311,
    1716863,
    1733586,
    1750184,
    1766516,
    1783542,
    1802732,
    1833083,
    1857406,
    1867928,
    1884217,
    1900751,
    1917310,
    1933965,
    1951627,
    1967654,
    1983905,
    2000644,
    2017853,
    2033836,
    2050597,
    2066960,
    2083192,
    2100317,
    2116889,
    2133525,
    2150356,
    2166587,
    2183505,
    2200603,
    2216989,
    2233501,
    2250167,
    2271658
  ],
  "average_vsync_transitions_missed": 1.5,
  "90th_percentile_vsync_transitions_missed": 2.0,
  "99th_percentile_vsync_transitions_missed": 2.0
}