{
  "average_frame_build_time_millis": 1.3617920000000003,
  "90th_percentile_frame_build_time_millis": 1.742,
  "99th_percentile_frame_build_time_millis": 7.453,
  "worst_frame_build_time_millis": 7.782,
  "missed_frame_build_budget_count": 0,
  "average_frame_rasterizer_time_millis": 4.900380952380951,
  "90th_percentile_frame_rasterizer_time_millis": 16.539,
  "99th_percentile_frame_rasterizer_time_millis": 17.025,
  "worst_frame_rasterizer_time_millis": 43.441,
  "missed_frame_rasterizer_budget_count": 23,
  "frame_count": 125,
  "frame_rasterizer_count": 126,
  "frame_build_times": [
    451,
    599,
    592,
    548,
    743,
    732,
    1018,
    1000,
    156,
    291,
    284,
    341,
    443,
    440,
    443,
    426,
    451,
    464,
    432,
    483,
    464,
    7453,
    1526,
    1001,
    1370,
    1449,
    1365,
    1370,
    1405,
    1431,
    979,
    1291,
    1370,
    1366,
    1378,
    926,
    896,
    931,
    892,
    1198,
    810,
    891,
    884,
    902,
    949,
    931,
    4138,
    5866,
    1687,
    753,
    520,
    311,
    415,
    546,
    1053,
    1010,
    1341,
    1727,
    1897,
    1742,
    1015,
    978,
    1045,
    1000,
    1897,
    999,
    781,
    982,
    1302,
    1023,
    1022,
    4462,
    7187,
    1244,
    1013,
    1149,
    1408,
    1426,
    1467,
    1507,
    1512,
    1447,
    1579,
    1464,
    1527,
    1417,
    995,
    1095,
    922,
    938,
    981,
    930,
    971,
    1056,
    786,
    1000,
    1095,
    4854,
    936,
    7782,
    2240,
    1533,
    1096,
    1151,
    1634,
    1458,
    1472,
    1470,
    1902,
    1581,
    1186,
    972,
    805,
    1092,
    1047,
    1117,
    1124,
    1034,
    1061,
    1049,
    1085,
    1057,
    1099,
    1102,
    4892
  ],
  "frame_rasterizer_times": [
    16120,
    1147,
    399,
    657,
    524,
    465,
    722,
    590,
    542,
    568,
    1253,
    1190,
    1372,
    2067,
    1951,
    1720,
    1817,
    2008,
    1800,
    1759,
    1728,
    1783,
    1887,
    2290,
    1818,
    2484,
    3602,
    2261,
    2259,
    2422,
    2352,
    1740,
    2188,
    2462,
    2316,
    2181,
    2119,
    2076,
    2255,
    2168,
    2556,
    2039,
    2166,
    2209,
    2213,
    2342,
    2211,
    1736,
    1691,
    43441,
    873,
    16623,
    16713,
    17019,
    16901,
    16536,
    16539,
    16958,
    16241,
    16406,
    16213,
    17006,
    16162,
    17025,
    16855,
    16090,
    16090,
    16926,
    16993,
    16210,
    16430,
    16625,
    14263,
    1580,
    1824,
    1683,
    1849,
    3084,
    1751,
    2491,
    2311,
    2403,
    2379,
    2653,
    2343,
    2319,
    2174,
    2277,
    2316,
    2332,
    2340,
    1777,
    2270,
    2304,
    2400,
    1843,
    2265,
    2210,
    1954,
    1312,
    1340,
    2012,
    1727,
    1407,
    2085,
    2291,
    2018,
    2132,
    1994,
    2124,
    2360,
    1406,
    1307,
    1569,
    1956,
    1966,
    2039,
    2035,
    1902,
    1912,
    2226,
    1954,
    1885,
    1927,
    2293,
    1774
  ],
  "frame_begin_times": [
    0,
    16663,
    33280,
    49977,
    66631,
    83326,
    100033,
    116672,
    133357,
    150387,
    166934,
    183612,
    200525,
    217095,
    233762,
    250468,
    267258,
    283797,
    300414,
    317052,
    334037,
    400232,
    416937,
    433597,
    450375,
    467128,
    483737,
    500443,
    517103,
    533736,
    550245,
    566956,
    583983,
    600384,
    617038,
    633717,
    650541,
    667009,
    683671,
    700394,
    717035,
    733723,
    750285,
    767008,
    783685,
    800268,
    817034,
    850194,
    867101,
    883456,
    916573,
    933290,
    949986,
    966650,
    983635,
    1000264,
    1016865,
    1033746,
    1050278,
    1066958,
    1083697,
    1100495,
    1116990,
    1133624,
    1150634,
    1167255,
    1183586,
    1200424,
    1217429,
    1233716,
    1250285,
    1267020,
    1300334,
    1316764,
    1333451,
    1350284,
    1366988,
    1383802,
    1400187,
    1417053,
    1433652,
    1450296,
    1467450,
    1483709,
    1500330,
    1516899,
    1534042,
    1550342,
    1566969,
    1583638,
    1600966,
    1616986,
    1633595,
    1650256,
    1666933,
    1683652,
    1700317,
    1716981,
    1750280,
    1766990,
    1783575,
    1800325,
    1816859,
    1833483,
    1850499,
    1866934,
    1883866,
    1900296,
    1917178,
    1933604,
    1950237,
    1966852,
    1983540,
    2000300,
    2017173,
    2033618,
    2050310,
    2066955,
    2083600,
    2100409,
    2116966,
    2133609,
    2150262,
    2167178,
    2183605
  ],
  "frame_rasterizer_begin_times": [
    0,
    16155,
    32730,
    49295,
    65955,
    82801,
    99557,
    116460,
    133079,
    148970,
    166098,
    182641,
    199376,
    216429,
    232996,
    249682,
    266377,
    283177,
    299724,
    316431,
    332995,
    349928,
    422825,
    433883,
    450020,
    467204,
    484039,
    500563,
    517260,
    534004,
    550601,
    566668,
    583675,
    600822,
    617182,
    633878,
    650106,
    666894,
    683403,
    700021,
    717323,
    733277,
    750040,
    766654,
    783399,
    800096,
    816662,
    836622,
    871180,
    884224,
    927730,
    932513,
    949234,
    966006,
    983102,
    1000135,
    1016763,
    1033557,
    1050902,
    1067437,
    1084143,
    1100443,
    1117526,
    1133815,
    1150929,
    1167879,
    1184052,
    1200215,
    1217227,
    1234344,
    1250630,
    1267133,
    1286415,
    1322755,
    1333465,
    1349894,
    1366912,
    1383859,
    1400714,
    1417054,
    1434027,
    1450537,
    1467171,
    1484466,
    1500621,
    1517273,
    1533768,
    1550494,
    1566842,
    1583366,
    1600039,
    1617331,
    1633406,
    1650027,
    1666625,
    1683171,
    1700140,
    1716867,
    1737256,
    1766639,
    1790014,
    1801228,
    1817338,
    1833378,
    1850058,
    1867600,
    1883857,
    1900780,
    1917257,
    1934547,
    1950616,
    1966755,
    1983265,
    1999766,
    2016871,
    2033682,
    2050115,
    2066902,
    2083475,
    2100119,
    2116942,
    2133485,
    2150113,
    2166822,
    2183748,
    2203506
  ],
  "average_vsync_transitions_missed": 1.1153846153846154,
  "90th_percentile_vsync_transitions_missed": 1.0,
  "99th_percentile_vsync_transitions_missed": 3.0
}