{
  "average_frame_build_time_millis": 1.3223095238095237,
  "90th_percentile_frame_build_time_millis": 1.58,
  "99th_percentile_frame_build_time_millis": 7.776,
  "worst_frame_build_time_millis": 7.908,
  "missed_frame_build_budget_count": 0,
  "average_frame_rasterizer_time_millis": 2.3311190476190466,
  "90th_percentile_frame_rasterizer_time_millis": 2.388,
  "99th_percentile_frame_rasterizer_time_millis": 16.145,
  "worst_frame_rasterizer_time_millis": 40.898,
  "missed_frame_rasterizer_budget_count": 2,
  "frame_count": 126,
  "frame_rasterizer_count": 126,
  "frame_build_times": [
    1208,
    444,
    526,
    588,
    594,
    775,
    777,
    900,
    965,
    109,
    310,
    291,
    339,
    436,
    481,
    441,
    425,
    452,
    451,
    427,
    335,
    443,
    7776,
    1590,
    1386,
    1471,
    1492,
    1463,
    1364,
    1460,
    1494,
    1376,
    1404,
    1459,
    1403,
    1403,
    936,
    929,
    953,
    924,
    927,
    992,
    1010,
    933,
    934,
    956,
    975,
    4106,
    4868,
    1324,
    739,
    536,
    320,
    474,
    473,
    1050,
    942,
    994,
    1290,
    1229,
    1580,
    1035,
    1075,
    1037,
    1023,
    1008,
    810,
    1000,
    1001,
    1006,
    1052,
    1005,
    4211,
    6557,
    1276,
    893,
    1193,
    1461,
    1055,
    1393,
    1506,
    1422,
    1405,
    1425,
    1242,
    1505,
    1476,
    975,
    936,
    943,
    956,
    1099,
    992,
    931,
    964,
    962,
    988,
    971,
    4373,
    850,
    7908,
    2120,
    1048,
    1078,
    1422,
    1489,
    1486,
    1454,
    1580,
    1655,
    1499,
    1450,
    1452,
    1106,
    1076,
    1071,
    1045,
    1115,
    1045,
    1048,
    1088,
    1159,
    1036,
    1059,
    1060,
    4398
  ],
  "frame_rasterizer_times": [
    16145,
    1246,
    352,
    633,
    574,
    463,
    676,
    524,
    573,
    524,
    1269,
    1195,
    1370,
    1765,
    1921,
    1735,
    1780,
    1776,
    1911,
    1814,
    1439,
    1998,
    1864,
    2346,
    2438,
    2370,
    3224,
    2295,
    2262,
    2323,
    1946,
    2242,
    2283,
    2251,
    2298,
    2255,
    2205,
    2269,
    2340,
    2258,
    2220,
    2374,
    2249,
    2213,
    2195,
    2473,
    2166,
    1730,
    1702,
    40898,
    777,
    525,
    493,
    772,
    725,
    1062,
    1521,
    1611,
    2077,
    1824,
    2388,
    2362,
    2764,
    3334,
    2369,
    2243,
    1862,
    2295,
    2238,
    2313,
    2405,
    2343,
    2057,
    1591,
    1802,
    1596,
    2081,
    2863,
    1745,
    2191,
    2516,
    2269,
    2190,
    2247,
    1800,
    2232,
    2250,
    2181,
    2308,
    2225,
    2312,
    2378,
    2362,
    2247,
    2230,
    2447,
    2282,
    2164,
    1555,
    1281,
    1368,
    1722,
    1567,
    1535,
    2427,
    2000,
    2091,
    1956,
    2002,
    2153,
    2149,
    2017,
    1947,
    2185,
    1992,
    1804,
    2018,
    2175,
    1974,
    1939,
    1930,
    2060,
    1936,
    1955,
    1936,
    1806
  ],
  "frame_begin_times": [
    0,
    16616,
    33329,
    50009,
    66619,
    83310,
    99953,
    116595,
    133384,
    150003,
    167121,
    183523,
    200285,
    217018,
    233969,
    250413,
    267040,
    283687,
    300440,
    317082,
    333576,
    350452,
    416819,
    433601,
    450380,
    467057,
    484056,
    500407,
    517097,
    533850,
    550659,
    566999,
    583698,
    600346,
    617003,
    633816,
    650341,
    667005,
    683876,
    700315,
    717124,
    733904,
    750284,
    767047,
    783760,
    800663,
    817046,
    833767,
    866905,
    883564,
    900033,
    933206,
    949846,
    966639,
    983295,
    1000250,
    1016867,
    1033506,
    1050324,
    1066952,
    1083615,
    1100367,
    1117529,
    1133694,
    1150336,
    1167138,
    1183586,
    1200331,
    1217007,
    1233665,
    1250384,
    1266983,
    1283738,
    1316777,
    1333425,
    1350107,
    1366954,
    1383698,
    1400181,
    1417015,
    1433792,
    1450313,
    1467024,
    1483665,
    1500520,
    1516970,
    1533629,
    1550328,
    1566902,
    1583597,
    1600268,
    1616956,
    1633643,
    1650332,
    1666896,
    1683707,
    1700329,
    1716959,
    1733555,
    1766768,
    1783620,
    1800213,
    1816740,
    1833518,
    1850175,
    1866884,
    1883670,
    1900292,
    1916910,
    1933618,
    1950322,
    1966954,
    1983588,
    2000446,
    2016986,
    2033557,
    2050256,
    2067091,
    2083613,
    2100278,
    2116914,
    2133977,
    2150279,
    2166958,
    2183617,
    2200169
  ],
  "frame_rasterizer_begin_times": [
    0,
    16182,
    32697,
    49454,
    66054,
    82924,
    99593,
    116311,
    133161,
    148945,
    166275,
    182682,
    199448,
    216299,
    233252,
    249718,
    266330,
    283022,
    299750,
    316372,
    332712,
    349739,
    422797,
    434032,
    450611,
    467369,
    484421,
    500772,
    517330,
    534058,
    551021,
    567256,
    583966,
    600634,
    617232,
    634085,
    650126,
    666816,
    683691,
    700087,
    716832,
    733767,
    750176,
    766860,
    783554,
    800487,
    816848,
    836701,
    870353,
    883715,
    924697,
    932528,
    948959,
    965911,
    982572,
    1000091,
    1016582,
    1033356,
    1050353,
    1066955,
    1084051,
    1100264,
    1117438,
    1133576,
    1150140,
    1166987,
    1183246,
    1200201,
    1216868,
    1233525,
    1250269,
    1266822,
    1286270,
    1321947,
    1333473,
    1349816,
    1366930,
    1384037,
    1400060,
    1417271,
    1434158,
    1450594,
    1467310,
    1483951,
    1500586,
    1517299,
    1533972,
    1550071,
    1566689,
    1583403,
    1600090,
    1616891,
    1633501,
    1650129,
    1666724,
    1683539,
    1700172,
    1716698,
    1736744,
    1766518,
    1790015,
    1801062,
    1816635,
    1833438,
    1850456,
    1867242,
    1884019,
    1900622,
    1917222,
    1934143,
    1950681,
    1967266,
    1983928,
    2000422,
    2016835,
    2033492,
    2050165,
    2067082,
    2083503,
    2100179,
    2116866,
    2133908,
    2150223,
    2166880,
    2183537,
    2202976
  ],
  "average_vsync_transitions_missed": 1.25,
  "90th_percentile_vsync_transitions_missed": 2.0,
  "99th_percentile_vsync_transitions_missed": 2.0
}