{
  "average_frame_build_time_millis": 1.3579126984126981,
  "90th_percentile_frame_build_time_millis": 1.628,
  "99th_percentile_frame_build_time_millis": 7.204,
  "worst_frame_build_time_millis": 8.531,
  "missed_frame_build_budget_count": 0,
  "average_frame_rasterizer_time_millis": 4.866322834645669,
  "90th_percentile_frame_rasterizer_time_millis": 16.541,
  "99th_percentile_frame_rasterizer_time_millis": 17.698,
  "worst_frame_rasterizer_time_millis": 39.043,
  "missed_frame_rasterizer_budget_count": 20,
  "frame_count": 126,
  "frame_rasterizer_count": 127,
  "frame_build_times": [
    650,
    469,
    562,
    574,
    784,
    864,
    794,
    1628,
    1080,
    305,
    311,
    364,
    456,
    454,
    436,
    432,
    420,
    472,
    415,
    450,
    420,
    475,
    6233,
    1531,
    1377,
    1594,
    1475,
    1398,
    1390,
    1440,
    1030,
    1454,
    1450,
    1455,
    1402,
    1443,
    1045,
    994,
    932,
    973,
    763,
    931,
    944,
    946,
    958,
    960,
    918,
    3913,
    6614,
    1107,
    408,
    559,
    327,
    478,
    435,
    1002,
    888,
    1138,
    1179,
    1585,
    1583,
    1050,
    1042,
    1040,
    1056,
    1143,
    783,
    975,
    1096,
    1046,
    1020,
    1097,
    3604,
    7204,
    2051,
    1470,
    1464,
    1374,
    1368,
    1488,
    1375,
    1394,
    1541,
    1463,
    1363,
    1410,
    1468,
    1265,
    1013,
    950,
    1018,
    1006,
    933,
    946,
    796,
    985,
    951,
    1047,
    4527,
    861,
    8531,
    2196,
    1029,
    1103,
    1635,
    1565,
    1456,
    1486,
    1875,
    1499,
    1479,
    1510,
    1549,
    1036,
    1101,
    813,
    1065,
    1079,
    1050,
    1098,
    1075,
    1057,
    1063,
    1100,
    1068,
    4829
  ],
  "frame_rasterizer_times": [
    657,
    16848,
    16337,
    16540,
    16762,
    16541,
    16209,
    16634,
    15618,
    16720,
    16282,
    16898,
    16942,
    16707,
    16373,
    16568,
    17265,
    15907,
    16360,
    16558,
    17698,
    15523,
    16706,
    1651,
    2320,
    2152,
    2488,
    3522,
    2201,
    2463,
    2340,
    1747,
    2184,
    2499,
    2238,
    2247,
    2196,
    2013,
    2283,
    2180,
    2170,
    1930,
    2179,
    2217,
    2224,
    2277,
    2188,
    2166,
    1753,
    1981,
    39043,
    752,
    501,
    493,
    742,
    721,
    1482,
    1489,
    1830,
    1863,
    2376,
    2483,
    2460,
    2351,
    3400,
    2557,
    2367,
    1754,
    2202,
    2540,
    2316,
    2336,
    2316,
    1939,
    1751,
    2305,
    2444,
    2409,
    2969,
    2071,
    2328,
    2270,
    2273,
    2448,
    2347,
    2271,
    2289,
    2498,
    2400,
    2215,
    2277,
    2598,
    2284,
    2297,
    2314,
    1801,
    2175,
    2235,
    2258,
    1728,
    1307,
    1376,
    1649,
    1368,
    1569,
    2555,
    1989,
    2031,
    2008,
    2087,
    2070,
    2046,
    2139,
    2099,
    1943,
    1959,
    1636,
    2105,
    2006,
    1922,
    2139,
    2023,
    2093,
    1978,
    2094,
    2089,
    1713
  ],
  "frame_begin_times": [
    0,
    16733,
    33405,
    50028,
    66722,
    83379,
    100085,
    116778,
    133428,
    150402,
    166902,
    183675,
    200430,
    217169,
    233714,
    250435,
    267435,
    283835,
    300495,
    317089,
    334333,
    350402,
    417350,
    433675,
    450462,
    467179,
    483749,
    500421,
    517103,
    533624,
    550240,
    567164,
    583966,
    600402,
    617127,
    633706,
    650585,
    667131,
    683739,
    700452,
    717083,
    733722,
    750411,
    767083,
    783818,
    800372,
    817057,
    833809,
    866849,
    883447,
    899989,
    933347,
    949999,
    966702,
    983397,
    1000351,
    1016870,
    1033603,
    1050321,
    1067037,
    1083690,
    1100434,
    1117113,
    1133723,
    1150447,
    1167089,
    1183571,
    1200318,
    1217226,
    1233745,
    1250428,
    1267128,
    1283978,
    1316844,
    1333743,
    1350434,
    1367137,
    1383717,
    1400469,
    1417056,
    1433639,
    1450399,
    1467116,
    1483696,
    1500374,
    1517052,
    1533943,
    1550476,
    1567027,
    1583700,
    1600497,
    1617022,
    1633705,
    1650391,
    1667023,
    1683695,
    1700413,
    1717015,
    1733770,
    1766859,
    1783740,
    1800205,
    1816880,
    1833626,
    1850481,
    1867069,
    1883660,
    1900250,
    1917215,
    1933823,
    1950366,
    1967078,
    1983779,
    2000363,
    2016995,
    2033555,
    2050345,
    2067298,
    2083649,
    2100424,
    2117167,
    2133763,
    2150311,
    2167381,
    2183733,
    2200306
  ],
  "frame_rasterizer_begin_times": [
    0,
    8281,
    25228,
    41659,
    58268,
    75175,
    91843,
    108564,
    126029,
    142198,
    158964,
    175288,
    192240,
    209267,
    226051,
    242556,
    259176,
    276759,
    292744,
    309191,
    325825,
    343616,
    359209,
    430967,
    442857,
    459523,
    476342,
    492919,
    509471,
    526151,
    542752,
    558901,
    576237,
    593098,
    609451,
    626183,
    642848,
    659278,
    675827,
    692369,
    709091,
    725473,
    742308,
    758999,
    775697,
    792433,
    809023,
    825630,
    845309,
    880689,
    892210,
    931331,
    941532,
    957925,
    974829,
    991485,
    1008977,
    1025376,
    1042368,
    1059144,
    1076309,
    1092968,
    1109096,
    1125798,
    1142423,
    1159164,
    1175781,
    1192032,
    1208878,
    1225978,
    1242429,
    1259122,
    1275756,
    1294895,
    1331412,
    1343438,
    1359572,
    1376251,
    1392762,
    1409528,
    1426211,
    1442667,
    1459477,
    1476199,
    1492829,
    1509424,
    1526099,
    1543090,
    1559305,
    1575689,
    1592308,
    1609193,
    1625692,
    1642295,
    1658927,
    1675447,
    1692271,
    1709062,
    1725728,
    1745927,
    1775384,
    1799656,
    1810014,
    1825560,
    1842373,
    1859764,
    1876303,
    1892745,
    1909405,
    1926786,
    1942948,
    1959515,
    1976263,
    1992989,
    2009069,
    2025744,
    2042007,
    2059034,
    2076047,
    2092370,
    2109240,
    2125888,
    2142490,
    2159045,
    2176163,
    2192426,
    2212365
  ],
  "average_vsync_transitions_missed": 1.1153846153846154,
  "90th_percentile_vsync_transitions_missed": 1.0,
  "99th_percentile_vsync_transitions_missed": 3.0
}