{
  "average_frame_build_time_millis": 1.3206984126984123,
  "90th_percentile_frame_build_time_millis": 1.541,
  "99th_percentile_frame_build_time_millis": 6.654,
  "worst_frame_build_time_millis": 6.889,
  "missed_frame_build_budget_count": 0,
  "average_frame_rasterizer_time_millis": 2.2654365079365086,
  "90th_percentile_frame_rasterizer_time_millis": 2.512,
  "99th_percentile_frame_rasterizer_time_millis": 3.581,
  "worst_frame_rasterizer_time_millis": 43.254,
  "missed_frame_rasterizer_budget_count": 1,
  "frame_count": 126,
  "frame_rasterizer_count": 126,
  "frame_build_times": [
    997,
    451,
    517,
    534,
    789,
    837,
    719,
    1021,
    926,
    284,
    299,
    349,
    443,
    542,
    487,
    431,
    455,
    495,
    353,
    452,
    440,
    431,
    6223,
    1635,
    1469,
    1512,
    1468,
    1457,
    1424,
    1369,
    1372,
    1464,
    1478,
    1397,
    1356,
    1487,
    1028,
    933,
    954,
    972,
    946,
    995,
    947,
    786,
    948,
    947,
    924,
    4112,
    5336,
    1319,
    852,
    405,
    311,
    442,
    506,
    980,
    1028,
    1207,
    1648,
    1650,
    1262,
    1042,
    1065,
    1017,
    1081,
    1075,
    1012,
    1027,
    1081,
    1031,
    1097,
    1037,
    4226,
    6654,
    1326,
    788,
    957,
    1149,
    1448,
    1485,
    1425,
    1439,
    1541,
    1437,
    1487,
    1529,
    1508,
    977,
    1013,
    979,
    982,
    968,
    934,
    1006,
    990,
    981,
    990,
    831,
    4506,
    1180,
    6889,
    2121,
    1098,
    1505,
    1495,
    1513,
    1434,
    1535,
    1486,
    1474,
    1507,
    1469,
    1115,
    1051,
    1050,
    1286,
    1069,
    1053,
    1043,
    1089,
    1048,
    1073,
    1149,
    1094,
    1070,
    3590
  ],
  "frame_rasterizer_times": [
    479,
    463,
    367,
    563,
    673,
    493,
    734,
    525,
    521,
    1015,
    1418,
    1807,
    2082,
    2470,
    1904,
    2073,
    2106,
    2619,
    1735,
    2512,
    1985,
    2571,
    1670,
    2247,
    2273,
    2527,
    3487,
    2323,
    1949,
    2227,
    2210,
    2441,
    2356,
    2227,
    2217,
    2491,
    2269,
    2212,
    2141,
    2254,
    1768,
    2101,
    2145,
    1768,
    2177,
    2159,
    2204,
    1680,
    1626,
    43254,
    717,
    477,
    445,
    696,
    719,
    1529,
    1664,
    1873,
    1832,
    2407,
    1874,
    2697,
    2295,
    3581,
    2295,
    2242,
    2222,
    2525,
    2487,
    2325,
    2274,
    2577,
    2137,
    1600,
    1812,
    1431,
    1547,
    2180,
    1767,
    2267,
    2177,
    2463,
    2338,
    2281,
    2177,
    2595,
    2221,
    2290,
    1928,
    2431,
    2229,
    2229,
    2182,
    2752,
    2202,
    2153,
    2110,
    1739,
    1707,
    1320,
    1214,
    1716,
    3145,
    2004,
    2512,
    2058,
    2051,
    2217,
    2042,
    2019,
    1904,
    1913,
    1482,
    1883,
    1945,
    2135,
    1982,
    1949,
    2110,
    2045,
    1926,
    2035,
    2286,
    1992,
    1993,
    1351
  ],
  "frame_begin_times": [
    0,
    16736,
    33422,
    50115,
    66738,
    83427,
    100066,
    116756,
    133448,
    150427,
    166994,
    183696,
    200573,
    217297,
    233676,
    250489,
    267220,
    283892,
    300366,
    317504,
    333871,
    350401,
    416899,
    433689,
    450462,
    467212,
    483772,
    500472,
    517133,
    533727,
    550426,
    567166,
    583828,
    600534,
    617087,
    633903,
    650460,
    667127,
    683814,
    700612,
    717578,
    733743,
    750449,
    767292,
    783752,
    800406,
    817085,
    833838,
    866874,
    883653,
    900191,
    933317,
    950028,
    966773,
    983450,
    1000375,
    1016978,
    1033663,
    1050454,
    1067075,
    1083827,
    1100447,
    1117139,
    1133733,
    1150402,
    1167079,
    1183786,
    1200471,
    1217155,
    1233759,
    1250423,
    1267493,
    1283778,
    1316857,
    1333521,
    1350198,
    1366927,
    1383513,
    1400484,
    1417035,
    1433783,
    1450501,
    1467110,
    1483722,
    1500333,
    1517160,
    1533751,
    1550439,
    1567025,
    1583839,
    1600417,
    1617009,
    1633732,
    1650517,
    1667063,
    1683690,
    1700436,
    1717009,
    1733684,
    1766841,
    1783596,
    1800293,
    1816975,
    1833754,
    1850233,
    1867080,
    1883717,
    1900558,
    1917093,
    1933677,
    1950407,
    1967416,
    1983594,
    2000329,
    2017109,
    2033856,
    2050339,
    2067117,
    2083673,
    2100452,
    2117111,
    2133703,
    2150442,
    2167158,
    2183745,
    2200210
  ],
  "frame_rasterizer_begin_times": [
    0,
    16147,
    32929,
    49664,
    66529,
    83280,
    99802,
    116797,
    133403,
    149655,
    166244,
    182939,
    200001,
    216709,
    233129,
    249900,
    266660,
    283318,
    299664,
    316897,
    333308,
    349716,
    421757,
    434271,
    450836,
    467688,
    484197,
    500920,
    517547,
    534059,
    550784,
    567627,
    584314,
    600933,
    617524,
    634395,
    650509,
    667050,
    683749,
    700575,
    717454,
    733718,
    750392,
    767026,
    783684,
    800338,
    816992,
    836888,
    870904,
    883936,
    927285,
    932645,
    949340,
    966179,
    982878,
    1000309,
    1016960,
    1033824,
    1050992,
    1067710,
    1083990,
    1100448,
    1117148,
    1133740,
    1150470,
    1167055,
    1183800,
    1200485,
    1217256,
    1233787,
    1250545,
    1267509,
    1286437,
    1322193,
    1333787,
    1349919,
    1366746,
    1383634,
    1400828,
    1417504,
    1434219,
    1450924,
    1467634,
    1484138,
    1500801,
    1517650,
    1534211,
    1550422,
    1566991,
    1583790,
    1600370,
    1616938,
    1633661,
    1650511,
    1667063,
    1683626,
    1700409,
    1716796,
    1737125,
    1766981,
    1789274,
    1801321,
    1817037,
    1834189,
    1850707,
    1867576,
    1884152,
    1901087,
    1917562,
    1934152,
    1950857,
    1967804,
    1983651,
    2000346,
    2017108,
    2033986,
    2050396,
    2067158,
    2083702,
    2100527,
    2117148,
    2133766,
    2150469,
    2167237,
    2183799,
    2202436
  ],
  "average_vsync_transitions_missed": 1.3333333333333333,
  "90th_percentile_vsync_transitions_missed": 2.0,
  "99th_percentile_vsync_transitions_missed": 2.0
}