{
  "average_frame_build_time_millis": 1.3132460317460315,
  "90th_percentile_frame_build_time_millis": 1.56,
  "99th_percentile_frame_build_time_millis": 7.603,
  "worst_frame_build_time_millis": 8.308,
  "missed_frame_build_budget_count": 0,
  "average_frame_rasterizer_time_millis": 2.240136000000001,
  "90th_percentile_frame_rasterizer_time_millis": 2.429,
  "99th_percentile_frame_rasterizer_time_millis": 3.342,
  "worst_frame_rasterizer_time_millis": 42.93,
  "missed_frame_rasterizer_budget_count": 1,
  "frame_count": 126,
  "frame_rasterizer_count": 125,
  "frame_build_times": [
    1401,
    943,
    471,
    542,
    564,
    751,
    742,
    717,
    1099,
    1005,
    286,
    324,
    338,
    456,
    337,
    444,
    439,
    430,
    464,
    433,
    436,
    437,
    450,
    7603,
    1235,
    855,
    863,
    839,
    837,
    1009,
    1166,
    1340,
    1350,
    1349,
    1589,
    1383,
    1374,
    903,
    942,
    897,
    905,
    977,
    932,
    722,
    964,
    1023,
    1028,
    4224,
    4673,
    1173,
    775,
    530,
    330,
    412,
    436,
    829,
    900,
    935,
    1174,
    1487,
    1519,
    969,
    1008,
    1004,
    977,
    985,
    994,
    991,
    1007,
    989,
    991,
    976,
    4153,
    7096,
    1925,
    1413,
    1483,
    1539,
    1420,
    1424,
    1451,
    1410,
    1390,
    1460,
    1064,
    1395,
    1440,
    981,
    1009,
    962,
    982,
    735,
    1019,
    950,
    952,
    984,
    968,
    953,
    4609,
    795,
    8308,
    1748,
    1084,
    1059,
    1438,
    1477,
    1560,
    1506,
    1453,
    1479,
    1582,
    1458,
    1470,
    1171,
    1121,
    1071,
    1141,
    1084,
    1062,
    1128,
    1050,
    1094,
    1105,
    1069,
    1046,
    4861
  ],
  "frame_rasterizer_times": [
    509,
    493,
    351,
    609,
    732,
    380,
    738,
    664,
    585,
    1448,
    1223,
    1333,
    1781,
    1700,
    1896,
    1790,
    1758,
    1909,
    1739,
    1899,
    1980,
    1907,
    1660,
    2815,
    2124,
    1378,
    2360,
    1417,
    1758,
    1952,
    1814,
    2350,
    2397,
    2389,
    2547,
    2207,
    2660,
    2326,
    2371,
    2196,
    2576,
    2302,
    1527,
    2219,
    3015,
    2132,
    1524,
    1816,
    42930,
    1022,
    505,
    500,
    724,
    721,
    1429,
    1647,
    1604,
    2228,
    2062,
    2429,
    2416,
    2223,
    3342,
    2401,
    2291,
    2378,
    2001,
    2305,
    2282,
    2412,
    2340,
    2095,
    1588,
    1965,
    2550,
    2650,
    2934,
    2022,
    2321,
    2046,
    2252,
    2193,
    2218,
    2142,
    2253,
    2189,
    2238,
    2323,
    2203,
    2170,
    1988,
    2350,
    2245,
    2236,
    2432,
    2370,
    2230,
    1703,
    1249,
    1362,
    1539,
    1532,
    1572,
    2157,
    2169,
    2114,
    1973,
    1985,
    2211,
    2090,
    2102,
    1983,
    2304,
    2088,
    1929,
    2807,
    1905,
    1995,
    1916,
    1920,
    2000,
    1993,
    1879,
    2110,
    1779
  ],
  "frame_begin_times": [
    0,
    50064,
    66620,
    83315,
    99925,
    116711,
    133335,
    149937,
    166720,
    183332,
    200409,
    216932,
    233569,
    250439,
    267485,
    283698,
    300355,
    317068,
    333769,
    350416,
    367092,
    383716,
    400450,
    466810,
    484131,
    500282,
    517017,
    533517,
    550225,
    567031,
    583613,
    600403,
    617060,
    633692,
    650432,
    667062,
    683688,
    700359,
    717212,
    733619,
    750349,
    767387,
    783740,
    800224,
    817073,
    834149,
    850262,
    867016,
    900218,
    916852,
    933452,
    966622,
    983291,
    999988,
    1016606,
    1033585,
    1050171,
    1066850,
    1083796,
    1100542,
    1117038,
    1133661,
    1150514,
    1167012,
    1183701,
    1200309,
    1217071,
    1233755,
    1250299,
    1266960,
    1283768,
    1300315,
    1316964,
    1350072,
    1366984,
    1383628,
    1400464,
    1417020,
    1433676,
    1450312,
    1467110,
    1483710,
    1500294,
    1516984,
    1533566,
    1550325,
    1567056,
    1583619,
    1600326,
    1616999,
    1633688,
    1650229,
    1666952,
    1683730,
    1700292,
    1717125,
    1733707,
    1750351,
    1766965,
    1800128,
    1817070,
    1833388,
    1850191,
    1866788,
    1883508,
    1900271,
    1916948,
    1933650,
    1950317,
    1966986,
    1983593,
    2000299,
    2016937,
    2033784,
    2050296,
    2067000,
    2083671,
    2100478,
    2116924,
    2133765,
    2150303,
    2166924,
    2183607,
    2200212,
    2216944,
    2233649
  ],
  "frame_rasterizer_begin_times": [
    0,
    16144,
    32878,
    49506,
    66465,
    83131,
    99673,
    116830,
    133302,
    149687,
    166242,
    182898,
    199931,
    216810,
    233200,
    249803,
    266539,
    283274,
    299865,
    316562,
    333180,
    349909,
    423129,
    435918,
    450131,
    466868,
    483366,
    500062,
    517047,
    533680,
    550752,
    567445,
    584000,
    601021,
    617360,
    634094,
    650303,
    667187,
    683541,
    700276,
    717420,
    733705,
    749913,
    767070,
    784229,
    800254,
    820241,
    853651,
    867037,
    910070,
    916144,
    932590,
    949418,
    966080,
    983394,
    1000081,
    1016870,
    1033988,
    1051065,
    1067589,
    1083676,
    1100560,
    1117043,
    1133731,
    1150321,
    1167084,
    1183772,
    1200240,
    1216980,
    1233774,
    1250271,
    1269670,
    1305980,
    1317903,
    1334098,
    1350984,
    1367501,
    1384143,
    1400750,
    1417509,
    1434149,
    1450714,
    1467476,
    1483620,
    1500737,
    1517524,
    1533632,
    1550420,
    1567016,
    1583661,
    1599956,
    1617000,
    1633709,
    1650283,
    1667140,
    1683703,
    1700337,
    1720482,
    1749914,
    1774133,
    1784102,
    1800266,
    1816851,
    1833963,
    1850768,
    1867520,
    1884145,
    1900719,
    1917520,
    1934179,
    1950719,
    1967434,
    1983866,
    2000427,
    2017120,
    2033785,
    2050558,
    2067000,
    2083889,
    2100373,
    2117037,
    2133717,
    2150309,
    2167028,
    2187078
  ],
  "average_vsync_transitions_missed": 1.3333333333333333,
  "90th_percentile_vsync_transitions_missed": 2.0,
  "99th_percentile_vsync_transitions_missed": 2.0
}