{
  "average_frame_build_time_millis": 1.3079040000000002,
  "90th_percentile_frame_build_time_millis": 1.589,
  "99th_percentile_frame_build_time_millis": 6.082,
  "worst_frame_build_time_millis": 6.137,
  "missed_frame_build_budget_count": 0,
  "average_frame_rasterizer_time_millis": 2.261607999999999,
  "90th_percentile_frame_rasterizer_time_millis": 2.491,
  "99th_percentile_frame_rasterizer_time_millis": 3.611,
  "worst_frame_rasterizer_time_millis": 42.585,
  "missed_frame_rasterizer_budget_count": 1,
  "frame_count": 125,
  "frame_rasterizer_count": 125,
  "frame_build_times": [
    737,
    485,
    693,
    563,
    714,
    800,
    683,
    1041,
    919,
    301,
    296,
    358,
    454,
    441,
    340,
    421,
    435,
    438,
    450,
    460,
    431,
    378,
    6082,
    1542,
    1050,
    1437,
    1428,
    1459,
    1398,
    1518,
    1473,
    1447,
    1389,
    1565,
    1456,
    938,
    942,
    1032,
    978,
    986,
    954,
    965,
    1051,
    944,
    962,
    993,
    939,
    4046,
    4923,
    1257,
    813,
    577,
    323,
    435,
    466,
    1480,
    1016,
    1173,
    1575,
    1620,
    1199,
    1098,
    1085,
    1028,
    1010,
    1073,
    1018,
    1080,
    1042,
    1078,
    1102,
    1007,
    3982,
    6137,
    1072,
    1128,
    1167,
    1462,
    1415,
    1890,
    1473,
    1430,
    1404,
    1580,
    1503,
    1511,
    1419,
    879,
    952,
    952,
    956,
    778,
    938,
    941,
    925,
    1022,
    1000,
    1040,
    4672,
    5671,
    1755,
    1186,
    1574,
    1411,
    1450,
    2109,
    1426,
    1418,
    1478,
    1121,
    1487,
    1589,
    1451,
    1094,
    1150,
    1053,
    1064,
    1076,
    1051,
    1058,
    1192,
    1060,
    798,
    1100,
    3748
  ],
  "frame_rasterizer_times": [
    623,
    598,
    439,
    651,
    726,
    437,
    682,
    568,
    547,
    1374,
    1344,
    1391,
    1673,
    2034,
    1449,
    1852,
    1746,
    1999,
    1824,
    1809,
    1782,
    1548,
    1655,
    2368,
    1841,
    2662,
    3611,
    2270,
    2288,
    2491,
    2290,
    2227,
    2243,
    2005,
    2215,
    2182,
    2275,
    2231,
    2166,
    2140,
    2199,
    2326,
    2266,
    2219,
    2361,
    2228,
    2210,
    1568,
    1460,
    42585,
    733,
    484,
    507,
    731,
    760,
    1481,
    1651,
    1993,
    2397,
    2432,
    1842,
    2491,
    2440,
    3341,
    2388,
    2496,
    2256,
    2294,
    2267,
    2113,
    2247,
    2310,
    2160,
    1630,
    1534,
    2002,
    1990,
    2878,
    2309,
    2727,
    2308,
    2296,
    2476,
    2573,
    2388,
    2566,
    2202,
    2241,
    2533,
    2843,
    2253,
    2053,
    2276,
    2132,
    2989,
    2340,
    2236,
    2285,
    1539,
    1212,
    1511,
    1830,
    1679,
    2381,
    2034,
    2090,
    1990,
    1987,
    2024,
    1592,
    2087,
    1965,
    2013,
    2044,
    2057,
    1936,
    2115,
    2083,
    1917,
    1899,
    2223,
    1977,
    1597,
    1905,
    1462
  ],
  "frame_begin_times": [
    0,
    16630,
    33304,
    50079,
    66690,
    83345,
    100016,
    116735,
    133432,
    150358,
    166987,
    183640,
    200507,
    217275,
    233681,
    250479,
    267142,
    283909,
    300558,
    317068,
    333738,
    350795,
    416888,
    433596,
    450325,
    467099,
    483749,
    500502,
    517055,
    533789,
    550464,
    567198,
    583863,
    600769,
    617098,
    633749,
    650477,
    667222,
    683733,
    700449,
    717053,
    733804,
    750450,
    767068,
    783725,
    800479,
    817112,
    833725,
    866796,
    883690,
    900141,
    933406,
    950006,
    966653,
    983389,
    1000393,
    1016846,
    1033604,
    1050453,
    1067018,
    1083597,
    1100560,
    1117059,
    1133712,
    1150367,
    1167201,
    1183727,
    1200313,
    1217017,
    1233843,
    1250367,
    1267079,
    1283691,
    1316774,
    1333434,
    1350164,
    1366961,
    1383697,
    1400327,
    1417348,
    1433714,
    1450463,
    1467027,
    1484170,
    1500444,
    1516971,
    1533646,
    1550697,
    1567028,
    1583828,
    1600327,
    1616952,
    1633796,
    1650330,
    1666844,
    1683700,
    1700374,
    1717004,
    1734029,
    1766799,
    1783463,
    1800361,
    1817064,
    1833706,
    1850299,
    1867355,
    1883529,
    1900292,
    1916995,
    1933635,
    1950292,
    1966993,
    1983649,
    2000316,
    2016936,
    2033708,
    2050370,
    2066968,
    2083620,
    2100359,
    2117134,
    2133659,
    2150162,
    2167001,
    2183773
  ],
  "frame_rasterizer_begin_times": [
    0,
    16384,
    33315,
    49937,
    66682,
    83423,
    99944,
    117080,
    133609,
    149938,
    166558,
    183271,
    200242,
    217030,
    233303,
    250213,
    266888,
    283660,
    300302,
    316837,
    333506,
    350454,
    422006,
    434444,
    450648,
    467852,
    484498,
    501200,
    517779,
    534526,
    551254,
    567954,
    584565,
    601657,
    617912,
    634002,
    650734,
    667583,
    684047,
    700762,
    717351,
    734080,
    750767,
    767271,
    784036,
    800786,
    817359,
    837029,
    870737,
    884170,
    926817,
    933260,
    949578,
    966348,
    983113,
    1001146,
    1017091,
    1033997,
    1051339,
    1067981,
    1084077,
    1100978,
    1117390,
    1134050,
    1150694,
    1167589,
    1184043,
    1200691,
    1217375,
    1234307,
    1250782,
    1267423,
    1286494,
    1321954,
    1333775,
    1350579,
    1367380,
    1384473,
    1401057,
    1418509,
    1434498,
    1451113,
    1467746,
    1485116,
    1501281,
    1517798,
    1534370,
    1550882,
    1567318,
    1584119,
    1600592,
    1617007,
    1634043,
    1650590,
    1667057,
    1684040,
    1700693,
    1717365,
    1737901,
    1771638,
    1784468,
    1800783,
    1817856,
    1834432,
    1851067,
    1868784,
    1884291,
    1901038,
    1917765,
    1934082,
    1951123,
    1967866,
    1984384,
    2000693,
    2017350,
    2034059,
    2050743,
    2067355,
    2083986,
    2100756,
    2117546,
    2134076,
    2150246,
    2167360,
    2186494
  ],
  "average_vsync_transitions_missed": 1.3333333333333333,
  "90th_percentile_vsync_transitions_missed": 2.0,
  "99th_percentile_vsync_transitions_missed": 2.0
}