{
  "average_frame_build_time_millis": 1.3325040000000004,
  "90th_percentile_frame_build_time_millis": 1.679,
  "99th_percentile_frame_build_time_millis": 6.961,
  "worst_frame_build_time_millis": 6.982,
  "missed_frame_build_budget_count": 0,
  "average_frame_rasterizer_time_millis": 2.238571428571429,
  "90th_percentile_frame_rasterizer_time_millis": 2.483,
  "99th_percentile_frame_rasterizer_time_millis": 3.546,
  "worst_frame_rasterizer_time_millis": 43.145,
  "missed_frame_rasterizer_budget_count": 1,
  "frame_count": 125,
  "frame_rasterizer_count": 126,
  "frame_build_times": [
    952,
    573,
    715,
    637,
    788,
    786,
    770,
    944,
    108,
    316,
    287,
    347,
    425,
    438,
    432,
    349,
    437,
    440,
    486,
    451,
    462,
    6982,
    2218,
    1559,
    1487,
    1373,
    1427,
    1459,
    1361,
    1419,
    1383,
    1496,
    1474,
    1360,
    1463,
    1003,
    934,
    949,
    969,
    530,
    525,
    509,
    564,
    505,
    933,
    947,
    3677,
    6043,
    1847,
    825,
    530,
    289,
    446,
    452,
    1029,
    1107,
    940,
    1265,
    1192,
    1679,
    996,
    799,
    972,
    1020,
    975,
    993,
    989,
    1046,
    990,
    1000,
    1050,
    4222,
    6873,
    2099,
    1418,
    1428,
    1377,
    1106,
    1431,
    1380,
    1406,
    1433,
    1407,
    1360,
    1422,
    1455,
    951,
    935,
    959,
    982,
    997,
    966,
    995,
    1108,
    941,
    968,
    993,
    4463,
    677,
    6961,
    2152,
    1103,
    1520,
    1496,
    1528,
    1476,
    1584,
    1576,
    1459,
    1467,
    1300,
    1447,
    1081,
    1044,
    1106,
    1090,
    1105,
    1032,
    859,
    1102,
    1059,
    1067,
    1085,
    1059,
    4930
  ],
  "frame_rasterizer_times": [
    1228,
    691,
    371,
    771,
    541,
    465,
    735,
    441,
    504,
    533,
    1221,
    1188,
    1470,
    1821,
    1831,
    1783,
    1520,
    1726,
    1734,
    2165,
    1937,
    1965,
    1551,
    2483,
    2484,
    2502,
    3056,
    2259,
    2277,
    2294,
    2252,
    2416,
    2370,
    2270,
    2240,
    2410,
    2357,
    2234,
    2278,
    2211,
    1265,
    1252,
    1240,
    1296,
    1704,
    2218,
    2199,
    1666,
    1657,
    43145,
    751,
    482,
    438,
    678,
    668,
    1525,
    2024,
    1785,
    1741,
    1948,
    2433,
    2451,
    1747,
    3546,
    2452,
    2357,
    2893,
    2555,
    2440,
    2464,
    2351,
    2810,
    2121,
    1731,
    2805,
    2403,
    2432,
    2970,
    1795,
    2265,
    2275,
    2294,
    2349,
    2281,
    2263,
    2426,
    2352,
    2165,
    2175,
    2499,
    2298,
    2266,
    2253,
    2395,
    2290,
    2185,
    2458,
    2379,
    1723,
    1250,
    1178,
    1793,
    1551,
    2255,
    2492,
    2100,
    1996,
    2254,
    2083,
    2025,
    2068,
    1592,
    1503,
    1898,
    1884,
    2028,
    1944,
    1949,
    1940,
    2046,
    1959,
    1890,
    2094,
    2059,
    1909,
    1706
  ],
  "frame_begin_times": [
    0,
    16704,
    33303,
    49920,
    66598,
    83285,
    100000,
    116637,
    133291,
    150249,
    166868,
    183628,
    200293,
    217030,
    233681,
    250270,
    267074,
    283695,
    300382,
    316976,
    333736,
    400254,
    417008,
    434366,
    450459,
    466989,
    483690,
    500404,
    516975,
    533682,
    550256,
    566962,
    583683,
    600311,
    617271,
    633633,
    650431,
    667000,
    683847,
    700112,
    716744,
    733401,
    750100,
    766760,
    783535,
    800292,
    816924,
    850135,
    867056,
    883415,
    916531,
    933241,
    949942,
    966614,
    983531,
    1000385,
    1016798,
    1033491,
    1050221,
    1067801,
    1083669,
    1100203,
    1116913,
    1133656,
    1150386,
    1166948,
    1183626,
    1200344,
    1216994,
    1233599,
    1250866,
    1267024,
    1300214,
    1317106,
    1333612,
    1350390,
    1366853,
    1383992,
    1400326,
    1417026,
    1433637,
    1450301,
    1466961,
    1483709,
    1500327,
    1516967,
    1533565,
    1550227,
    1567124,
    1583605,
    1600185,
    1616913,
    1633716,
    1650237,
    1666938,
    1683586,
    1700678,
    1716913,
    1749981,
    1766869,
    1783470,
    1800081,
    1816943,
    1833759,
    1850275,
    1866973,
    1883776,
    1900310,
    1916885,
    1933577,
    1950388,
    1966902,
    1983630,
    2000197,
    2017378,
    2033598,
    2050248,
    2066863,
    2083500,
    2100244,
    2116844,
    2133535,
    2150214,
    2166881,
    2183527
  ],
  "frame_rasterizer_begin_times": [
    0,
    17082,
    33421,
    50193,
    66649,
    83523,
    100217,
    116901,
    133681,
    149575,
    166690,
    183341,
    200098,
    216884,
    233635,
    250292,
    266755,
    283678,
    300309,
    317083,
    333590,
    350350,
    423126,
    435340,
    452090,
    468007,
    484521,
    501283,
    518027,
    534517,
    551271,
    567776,
    584617,
    601428,
    617825,
    634915,
    650807,
    667532,
    684028,
    700912,
    716752,
    733345,
    750021,
    766776,
    783373,
    800619,
    817421,
    836767,
    872068,
    885039,
    928288,
    933232,
    949627,
    966488,
    983275,
    1000699,
    1017638,
    1033890,
    1050869,
    1067514,
    1085522,
    1100848,
    1117153,
    1134053,
    1150846,
    1167517,
    1184088,
    1200775,
    1217513,
    1234167,
    1250737,
    1268115,
    1286840,
    1322972,
    1335327,
    1351197,
    1367986,
    1384410,
    1401181,
    1417883,
    1434552,
    1451097,
    1467895,
    1484536,
    1501233,
    1517906,
    1534608,
    1550634,
    1567329,
    1584276,
    1600766,
    1617335,
    1634065,
    1650875,
    1667465,
    1684065,
    1700716,
    1717823,
    1737497,
    1766812,
    1789710,
    1801725,
    1817336,
    1834596,
    1851409,
    1867949,
    1884614,
    1901585,
    1918048,
    1934511,
    1951219,
    1967815,
    1984544,
    2000894,
    2017415,
    2034662,
    2050829,
    2067467,
    2084086,
    2100441,
    2117503,
    2134028,
    2150774,
    2167550,
    2184102,
    2204185
  ],
  "average_vsync_transitions_missed": 1.75,
  "90th_percentile_vsync_transitions_missed": 3.0,
  "99th_percentile_vsync_transitions_missed": 3.0
}