{
  "average_frame_build_time_millis": 1.2845919999999997,
  "90th_percentile_frame_build_time_millis": 1.595,
  "99th_percentile_frame_build_time_millis": 5.982,
  "worst_frame_build_time_millis": 7.312,
  "missed_frame_build_budget_count": 0,
  "average_frame_rasterizer_time_millis": 2.2552559999999984,
  "90th_percentile_frame_rasterizer_time_millis": 2.468,
  "99th_percentile_frame_rasterizer_time_millis": 3.573,
  "worst_frame_rasterizer_time_millis": 40.351,
  "missed_frame_rasterizer_budget_count": 1,
  "frame_count": 125,
  "frame_rasterizer_count": 125,
  "frame_build_times": [
    930,
    498,
    668,
    550,
    606,
    742,
    779,
    1033,
    1001,
    169,
    312,
    353,
    357,
    466,
    432,
    363,
    566,
    474,
    452,
    448,
    457,
    491,
    7312,
    1412,
    1045,
    1418,
    1264,
    1595,
    1469,
    1291,
    1271,
    1385,
    1305,
    1254,
    1266,
    1415,
    869,
    1017,
    906,
    728,
    876,
    873,
    906,
    963,
    888,
    863,
    950,
    4086,
    5982,
    1351,
    423,
    513,
    269,
    402,
    432,
    931,
    986,
    948,
    1120,
    1746,
    1558,
    983,
    978,
    1050,
    1000,
    977,
    958,
    998,
    972,
    978,
    973,
    1081,
    4153,
    5259,
    1583,
    1058,
    1454,
    1509,
    1430,
    1454,
    1485,
    1426,
    1486,
    1392,
    1362,
    1641,
    1448,
    964,
    980,
    738,
    952,
    952,
    1064,
    982,
    956,
    1007,
    979,
    976,
    3138,
    5590,
    1840,
    1067,
    1485,
    1566,
    1445,
    1468,
    1515,
    1472,
    1439,
    1484,
    1439,
    1475,
    1587,
    1058,
    1071,
    1126,
    1048,
    1072,
    1088,
    1077,
    1058,
    1092,
    1655,
    826,
    3320
  ],
  "frame_rasterizer_times": [
    700,
    516,
    657,
    593,
    513,
    398,
    674,
    529,
    547,
    753,
    1081,
    1326,
    1888,
    1991,
    1948,
    1399,
    2094,
    2609,
    1922,
    2221,
    2000,
    2565,
    1847,
    2412,
    1908,
    2416,
    3573,
    2782,
    2226,
    2307,
    2216,
    2573,
    2306,
    2190,
    2245,
    2348,
    2185,
    2275,
    2226,
    2232,
    2153,
    2163,
    2348,
    2295,
    2246,
    2175,
    2480,
    1724,
    1599,
    40351,
    694,
    516,
    486,
    735,
    737,
    1520,
    1580,
    1885,
    1867,
    2621,
    2477,
    1966,
    2367,
    3506,
    2384,
    2295,
    2328,
    2221,
    2286,
    2280,
    2260,
    2468,
    2156,
    1470,
    2010,
    2333,
    2413,
    3214,
    2307,
    2210,
    2301,
    2412,
    2261,
    2309,
    2265,
    2164,
    2244,
    2272,
    2287,
    1781,
    2214,
    2220,
    2233,
    2303,
    2303,
    2207,
    2456,
    2277,
    1308,
    1128,
    1580,
    1552,
    1715,
    2661,
    2028,
    2019,
    2013,
    2079,
    2048,
    2101,
    1825,
    2061,
    1926,
    1941,
    2144,
    2029,
    1931,
    1968,
    2188,
    1915,
    1943,
    1895,
    2047,
    1631,
    1405
  ],
  "frame_begin_times": [
    0,
    16597,
    33272,
    49969,
    66647,
    83288,
    99972,
    116697,
    133326,
    149998,
    166919,
    183982,
    200300,
    216987,
    233653,
    251011,
    266995,
    283670,
    300334,
    317705,
    333682,
    350329,
    416779,
    433604,
    450254,
    466959,
    483638,
    500495,
    517110,
    533630,
    550304,
    567094,
    583666,
    600264,
    617010,
    634162,
    650316,
    667025,
    683566,
    700208,
    716946,
    733630,
    750329,
    767068,
    783597,
    800233,
    817109,
    833645,
    866747,
    883573,
    900016,
    933248,
    949914,
    966598,
    983305,
    1000227,
    1016831,
    1033463,
    1050164,
    1067051,
    1083629,
    1100326,
    1116952,
    1133911,
    1150285,
    1166985,
    1183612,
    1200513,
    1216983,
    1233640,
    1250327,
    1267012,
    1283646,
    1316631,
    1333593,
    1350194,
    1366945,
    1383690,
    1400336,
    1416960,
    1433607,
    1450413,
    1466971,
    1483640,
    1500210,
    1517259,
    1533612,
    1550287,
    1566960,
    1583543,
    1600308,
    1617090,
    1633617,
    1650316,
    1666999,
    1683604,
    1700325,
    1716914,
    1733477,
    1766591,
    1783453,
    1800126,
    1816958,
    1833788,
    1850250,
    1866900,
    1883527,
    1900234,
    1916859,
    1933559,
    1950224,
    1967029,
    1983546,
    2000276,
    2016967,
    2033597,
    2050235,
    2066931,
    2083893,
    2100255,
    2116946,
    2133620,
    2150546,
    2166762,
    2183418
  ],
  "frame_rasterizer_begin_times": [
    0,
    16068,
    32987,
    49577,
    66291,
    83109,
    99834,
    116807,
    133413,
    149207,
    166244,
    183343,
    199661,
    216518,
    233126,
    250411,
    266510,
    283187,
    299788,
    317201,
    333184,
    349844,
    422845,
    434059,
    450304,
    467404,
    483864,
    501049,
    517577,
    533881,
    550522,
    567583,
    583940,
    600487,
    617239,
    634574,
    650228,
    667040,
    683517,
    699969,
    716890,
    733562,
    750313,
    767092,
    783522,
    800127,
    817098,
    836748,
    871439,
    883932,
    924403,
    932768,
    949234,
    966034,
    982767,
    1000227,
    1016855,
    1033443,
    1050275,
    1067847,
    1084152,
    1100367,
    1117004,
    1133987,
    1150325,
    1166961,
    1183617,
    1200572,
    1217018,
    1233684,
    1250370,
    1267037,
    1286325,
    1320677,
    1334206,
    1350281,
    1367446,
    1384280,
    1400811,
    1417456,
    1434122,
    1450892,
    1467408,
    1484058,
    1500614,
    1517923,
    1534129,
    1550273,
    1566971,
    1583309,
    1600339,
    1617083,
    1633611,
    1650348,
    1667017,
    1683650,
    1700339,
    1716935,
    1735621,
    1771069,
    1784274,
    1800196,
    1817492,
    1834303,
    1850739,
    1867419,
    1884088,
    1900753,
    1917344,
    1934077,
    1950694,
    1967572,
    1984160,
    2000367,
    2017043,
    2033774,
    2050337,
    2066997,
    2084036,
    2100400,
    2117052,
    2133760,
    2151206,
    2166591,
    2185441
  ],
  "average_vsync_transitions_missed": 1.3333333333333333,
  "90th_percentile_vsync_transitions_missed": 2.0,
  "99th_percentile_vsync_transitions_missed": 2.0
}