{
  "average_frame_build_time_millis": 1.5249840000000001,
  "90th_percentile_frame_build_time_millis": 1.672,
  "99th_percentile_frame_build_time_millis": 6.842,
  "worst_frame_build_time_millis": 22.976,
  "missed_frame_build_budget_count": 1,
  "average_frame_rasterizer_time_millis": 2.721656,
  "90th_percentile_frame_rasterizer_time_millis": 2.43,
  "99th_percentile_frame_rasterizer_time_millis": 44.034,
  "worst_frame_rasterizer_time_millis": 60.312,
  "missed_frame_rasterizer_budget_count": 2,
  "frame_count": 125,
  "frame_rasterizer_count": 125,
  "frame_build_times": [
    22976,
    1636,
    936,
    551,
    589,
    564,
    781,
    773,
    1044,
    1083,
    113,
    296,
    315,
    351,
    432,
    436,
    501,
    445,
    435,
    491,
    472,
    485,
    470,
    6842,
    2387,
    1463,
    1446,
    1438,
    1085,
    1380,
    1356,
    1356,
    1077,
    1451,
    1368,
    1429,
    1450,
    925,
    919,
    948,
    1025,
    975,
    957,
    964,
    927,
    958,
    975,
    822,
    4024,
    5882,
    1823,
    782,
    610,
    287,
    463,
    548,
    1398,
    869,
    1147,
    1336,
    1617,
    1616,
    1002,
    991,
    834,
    996,
    1019,
    1085,
    812,
    988,
    1019,
    1042,
    1024,
    4639,
    6814,
    1215,
    884,
    1390,
    1672,
    1390,
    1415,
    1366,
    1491,
    1415,
    1400,
    1407,
    1457,
    1445,
    996,
    1028,
    995,
    958,
    970,
    1040,
    1019,
    960,
    994,
    1005,
    4390,
    6683,
    1861,
    1091,
    1437,
    1452,
    1521,
    1493,
    1431,
    1507,
    1484,
    1424,
    1437,
    1471,
    1481,
    1032,
    1038,
    1066,
    1040,
    884,
    730,
    823,
    1038,
    1032,
    1028,
    1101,
    4971
  ],
  "frame_rasterizer_times": [
    60312,
    1206,
    694,
    351,
    603,
    535,
    459,
    758,
    519,
    610,
    546,
    1186,
    1323,
    1371,
    1803,
    1786,
    1895,
    1757,
    1801,
    1927,
    1899,
    1908,
    1656,
    1652,
    2412,
    2423,
    2359,
    3492,
    1912,
    2188,
    2281,
    2213,
    1754,
    2213,
    2224,
    2409,
    2434,
    2236,
    2214,
    2429,
    2177,
    2135,
    2228,
    2049,
    2248,
    1947,
    2200,
    2261,
    1578,
    1951,
    44034,
    719,
    485,
    437,
    771,
    810,
    1771,
    1461,
    1656,
    1898,
    2383,
    2685,
    2321,
    2385,
    2882,
    2430,
    2306,
    2986,
    1769,
    2294,
    2345,
    2930,
    2415,
    2060,
    1597,
    1744,
    1584,
    2099,
    2635,
    2275,
    2242,
    2294,
    2309,
    2226,
    2193,
    2336,
    2323,
    2343,
    2390,
    2396,
    2360,
    2321,
    2282,
    2436,
    2288,
    2197,
    2138,
    2726,
    1645,
    1345,
    1621,
    1524,
    2054,
    2436,
    1609,
    2072,
    1996,
    2195,
    2119,
    2018,
    2089,
    2234,
    2004,
    1942,
    1994,
    2326,
    1986,
    1769,
    1346,
    1538,
    1922,
    1924,
    2224,
    2026,
    1758
  ],
  "frame_begin_times": [
    0,
    32999,
    99572,
    116223,
    132890,
    149645,
    166299,
    182917,
    199617,
    216294,
    233021,
    249913,
    266531,
    283185,
    300054,
    316621,
    333439,
    349960,
    366658,
    383449,
    400024,
    416700,
    433218,
    499746,
    516853,
    533372,
    549967,
    566618,
    583333,
    600015,
    616541,
    633326,
    649880,
    666706,
    683300,
    699988,
    716629,
    733259,
    749939,
    766758,
    783343,
    799963,
    816608,
    833569,
    849948,
    866633,
    883364,
    899918,
    916562,
    949782,
    966642,
    983021,
    1016295,
    1032924,
    1049647,
    1066256,
    1083589,
    1099759,
    1116453,
    1133312,
    1150915,
    1166713,
    1183347,
    1199986,
    1216544,
    1233267,
    1250017,
    1266628,
    1283171,
    1299924,
    1316631,
    1333622,
    1350012,
    1366730,
    1400129,
    1416365,
    1433073,
    1449821,
    1467007,
    1483201,
    1499889,
    1516459,
    1533346,
    1549925,
    1566730,
    1583218,
    1599949,
    1616643,
    1633251,
    1650106,
    1666695,
    1683335,
    1699778,
    1716979,
    1733285,
    1749859,
    1766707,
    1783479,
    1799940,
    1833302,
    1849757,
    1866408,
    1883266,
    1899900,
    1916702,
    1933201,
    1949877,
    1966902,
    1983256,
    1999912,
    2016567,
    2033451,
    2049855,
    2066540,
    2083226,
    2100073,
    2116585,
    2133209,
    2149745,
    2166543,
    2183237,
    2199843,
    2216540,
    2233308,
    2249890
  ],
  "frame_rasterizer_begin_times": [
    0,
    60441,
    77549,
    93829,
    110576,
    127214,
    144087,
    160731,
    177678,
    194425,
    210164,
    227248,
    243888,
    260571,
    277565,
    294150,
    310986,
    327474,
    344155,
    360916,
    377560,
    394277,
    410744,
    483419,
    496315,
    511815,
    528514,
    545133,
    561455,
    578528,
    594960,
    611759,
    627996,
    645236,
    661647,
    678469,
    695189,
    711279,
    727922,
    744785,
    761427,
    777964,
    794597,
    811625,
    827863,
    844673,
    861407,
    877813,
    897626,
    932371,
    945542,
    989688,
    993989,
    1010323,
    1027196,
    1043937,
    1061922,
    1077674,
    1094621,
    1111809,
    1129611,
    1145452,
    1161419,
    1178054,
    1194428,
    1211357,
    1228096,
    1244791,
    1261033,
    1278010,
    1294721,
    1311753,
    1328077,
    1347960,
    1383623,
    1394582,
    1410989,
    1428163,
    1445713,
    1461657,
    1478350,
    1494924,
    1511868,
    1528386,
    1545213,
    1561690,
    1578497,
    1595178,
    1611322,
    1628214,
    1644797,
    1661353,
    1677821,
    1695129,
    1711399,
    1727897,
    1744763,
    1761546,
    1781360,
    1816872,
    1828631,
    1844559,
    1861794,
    1878431,
    1895219,
    1911720,
    1928369,
    1945480,
    1961803,
    1978361,
    1995038,
    2012028,
    2028403,
    2044594,
    2061347,
    2078129,
    2094697,
    2111099,
    2127511,
    2144390,
    2161365,
    2177953,
    2194643,
    2211532,
    2231487
  ],
  "average_vsync_transitions_missed": 1.75,
  "90th_percentile_vsync_transitions_missed": 3.0,
  "99th_percentile_vsync_transitions_missed": 3.0
}