{
  "average_frame_build_time_millis": 1.2971796874999997,
  "90th_percentile_frame_build_time_millis": 1.534,
  "99th_percentile_frame_build_time_millis": 5.207,
  "worst_frame_build_time_millis": 7.201,
  "missed_frame_build_budget_count": 0,
  "average_frame_rasterizer_time_millis": 2.4003385826771653,
  "90th_percentile_frame_rasterizer_time_millis": 2.528,
  "99th_percentile_frame_rasterizer_time_millis": 3.442,
  "worst_frame_rasterizer_time_millis": 37.624,
  "missed_frame_rasterizer_budget_count": 1,
  "frame_count": 128,
  "frame_rasterizer_count": 127,
  "frame_build_times": [
    330,
    432,
    417,
    441,
    422,
    356,
    442,
    452,
    436,
    446,
    457,
    7201,
    1965,
    1494,
    1930,
    1473,
    1475,
    1411,
    1429,
    1534,
    1587,
    1437,
    1409,
    1533,
    1422,
    945,
    1380,
    1045,
    968,
    958,
    1039,
    953,
    981,
    966,
    809,
    1069,
    4471,
    3652,
    407,
    228,
    253,
    114,
    200,
    204,
    461,
    419,
    471,
    478,
    619,
    644,
    4122,
    1437,
    1386,
    1351,
    1276,
    1401,
    1363,
    1219,
    1258,
    1335,
    1389,
    1220,
    1238,
    1352,
    953,
    879,
    906,
    992,
    899,
    889,
    949,
    698,
    890,
    931,
    922,
    4282,
    4615,
    1490,
    1079,
    1377,
    1339,
    1414,
    1375,
    1296,
    1339,
    1203,
    1348,
    1302,
    1307,
    1055,
    879,
    885,
    883,
    938,
    875,
    856,
    1022,
    953,
    907,
    893,
    918,
    4058,
    5207,
    1796,
    1016,
    1343,
    1324,
    1482,
    1342,
    1398,
    1357,
    1433,
    1436,
    1368,
    1394,
    1449,
    993,
    1020,
    1033,
    1029,
    986,
    984,
    1041,
    1017,
    993,
    994,
    1065,
    4731
  ],
  "frame_rasterizer_times": [
    1749,
    1822,
    1913,
    1779,
    1419,
    2024,
    1896,
    1793,
    1842,
    2174,
    2022,
    2076,
    2467,
    2728,
    3142,
    2260,
    2223,
    2200,
    2318,
    2245,
    2302,
    2575,
    2453,
    2261,
    2248,
    2549,
    2276,
    2152,
    2176,
    2813,
    2284,
    2347,
    2224,
    1974,
    2277,
    1532,
    1472,
    37624,
    616,
    1654,
    1347,
    1857,
    1887,
    2589,
    1116,
    2424,
    1267,
    1741,
    1747,
    2796,
    3442,
    2720,
    2216,
    2198,
    2400,
    2528,
    2368,
    2372,
    2712,
    2493,
    2409,
    2289,
    2557,
    2386,
    2278,
    2332,
    2140,
    2273,
    2201,
    2216,
    1905,
    2231,
    2191,
    2344,
    2164,
    1311,
    2041,
    1863,
    2335,
    2762,
    2363,
    2388,
    2205,
    2236,
    2016,
    2169,
    2216,
    2214,
    1723,
    2168,
    2150,
    2169,
    2252,
    2130,
    2157,
    2389,
    2311,
    2116,
    2132,
    2472,
    1691,
    1188,
    1584,
    1547,
    1998,
    2291,
    2102,
    2059,
    2008,
    2164,
    2132,
    1969,
    2109,
    2234,
    1986,
    1903,
    1953,
    2096,
    1925,
    1972,
    1974,
    2236,
    1932,
    1986,
    2077,
    1979,
    1423
  ],
  "frame_begin_times": [
    0,
    16775,
    33388,
    50144,
    66764,
    83381,
    100119,
    116838,
    133432,
    150108,
    166843,
    233366,
    250024,
    266634,
    283451,
    300147,
    316749,
    333398,
    350056,
    366692,
    383441,
    400163,
    416784,
    433448,
    450125,
    466839,
    483963,
    500110,
    516762,
    533412,
    550578,
    566787,
    583394,
    600103,
    617321,
    633455,
    650087,
    666993,
    683177,
    699611,
    732931,
    749605,
    766350,
    782964,
    800093,
    816522,
    833292,
    849931,
    866928,
    883425,
    899945,
    916695,
    933446,
    950052,
    966674,
    983388,
    1000117,
    1016705,
    1033349,
    1050099,
    1066767,
    1083378,
    1100066,
    1116933,
    1133376,
    1149991,
    1166697,
    1183555,
    1199911,
    1216762,
    1233612,
    1250268,
    1266682,
    1283380,
    1300005,
    1316649,
    1349711,
    1366600,
    1383222,
    1399967,
    1416656,
    1433451,
    1449953,
    1466696,
    1483395,
    1500167,
    1516717,
    1533397,
    1549975,
    1566549,
    1583365,
    1599979,
    1616646,
    1633423,
    1650004,
    1666599,
    1683371,
    1700013,
    1716621,
    1733333,
    1750124,
    1766586,
    1800652,
    1816532,
    1833245,
    1850032,
    1866644,
    1883551,
    1900002,
    1916618,
    1933319,
    1950012,
    1966677,
    1983492,
    2000025,
    2016609,
    2033419,
    2049990,
    2066797,
    2083388,
    2099967,
    2116717,
    2133616,
    2149999,
    2166615,
    2183388,
    2200006,
    2216617
  ],
  "frame_rasterizer_begin_times": [
    0,
    16632,
    33399,
    49993,
    66497,
    83391,
    100090,
    116673,
    133360,
    150086,
    222998,
    234780,
    250813,
    268135,
    284462,
    301054,
    317571,
    334298,
    350940,
    367689,
    384388,
    401010,
    417686,
    434318,
    450598,
    468041,
    483914,
    500531,
    517165,
    534381,
    550546,
    567186,
    583878,
    600838,
    617226,
    637288,
    653457,
    666361,
    704072,
    715921,
    732471,
    749338,
    765955,
    783334,
    799715,
    816523,
    833167,
    850380,
    866889,
    886407,
    900942,
    917664,
    934101,
    950675,
    967499,
    984267,
    1000697,
    1017335,
    1034190,
    1050852,
    1067343,
    1084026,
    1101096,
    1117161,
    1133623,
    1150399,
    1167342,
    1183769,
    1200460,
    1217313,
    1233757,
    1250391,
    1267072,
    1283734,
    1303262,
    1336937,
    1350834,
    1367065,
    1384152,
    1400799,
    1417641,
    1434054,
    1450711,
    1467528,
    1484095,
    1500883,
    1517521,
    1534058,
    1550444,
    1566996,
    1583667,
    1600319,
    1617165,
    1633683,
    1650241,
    1667190,
    1683799,
    1700335,
    1717021,
    1733837,
    1753446,
    1788496,
    1801071,
    1817030,
    1834167,
    1850695,
    1867819,
    1884150,
    1900696,
    1917477,
    1934211,
    1950887,
    1967691,
    1984226,
    2000891,
    2017216,
    2033815,
    2050642,
    2067223,
    2083781,
    2100493,
    2117495,
    2133846,
    2150430,
    2167201,
    2183846,
    2203833
  ],
  "average_vsync_transitions_missed": 1.5,
  "90th_percentile_vsync_transitions_missed": 2.0,
  "99th_percentile_vsync_transitions_missed": 2.0
}