{
  "average_frame_build_time_millis": 1.3355679999999994,
  "90th_percentile_frame_build_time_millis": 1.59,
  "99th_percentile_frame_build_time_millis": 7.207,
  "worst_frame_build_time_millis": 7.424,
  "missed_frame_build_budget_count": 0,
  "average_frame_rasterizer_time_millis": 2.277626984126984,
  "90th_percentile_frame_rasterizer_time_millis": 2.451,
  "99th_percentile_frame_rasterizer_time_millis": 3.465,
  "worst_frame_rasterizer_time_millis": 43.277,
  "missed_frame_rasterizer_budget_count": 1,
  "frame_count": 125,
  "frame_rasterizer_count": 126,
  "frame_build_times": [
    450,
    518,
    526,
    756,
    720,
    766,
    993,
    876,
    269,
    276,
    376,
    441,
    477,
    1588,
    436,
    345,
    425,
    338,
    423,
    441,
    435,
    7207,
    1970,
    1443,
    1442,
    1372,
    1345,
    1485,
    1378,
    1372,
    1394,
    1047,
    1347,
    1372,
    1370,
    952,
    947,
    902,
    970,
    965,
    912,
    940,
    949,
    1142,
    710,
    925,
    3225,
    5543,
    1590,
    810,
    537,
    303,
    422,
    422,
    941,
    1012,
    1126,
    1490,
    1487,
    1561,
    970,
    973,
    980,
    1004,
    984,
    985,
    1032,
    1014,
    1004,
    991,
    954,
    4327,
    7424,
    1562,
    969,
    1063,
    1074,
    1558,
    1494,
    1426,
    1426,
    1723,
    1526,
    1417,
    1420,
    1570,
    968,
    785,
    1005,
    1050,
    938,
    989,
    971,
    979,
    966,
    934,
    978,
    4540,
    970,
    6873,
    2124,
    1072,
    1481,
    1495,
    1476,
    1591,
    1459,
    1544,
    1503,
    1426,
    1493,
    1105,
    1049,
    1080,
    1081,
    1100,
    1072,
    1066,
    1423,
    1065,
    1072,
    1071,
    828,
    1087,
    4165
  ],
  "frame_rasterizer_times": [
    482,
    437,
    431,
    560,
    672,
    426,
    774,
    528,
    511,
    1178,
    1277,
    1892,
    1885,
    2396,
    1633,
    1949,
    1533,
    2017,
    1773,
    2522,
    1940,
    2424,
    1703,
    2259,
    2666,
    2451,
    3465,
    2247,
    1956,
    2240,
    2264,
    2242,
    2263,
    2223,
    2184,
    2441,
    2301,
    2154,
    2192,
    2366,
    2246,
    2238,
    2204,
    2502,
    2422,
    1733,
    2103,
    1475,
    1678,
    43277,
    653,
    655,
    465,
    732,
    681,
    1569,
    1837,
    2072,
    2332,
    2388,
    2501,
    2320,
    2320,
    3455,
    2257,
    2279,
    2268,
    2260,
    2371,
    2300,
    2324,
    2386,
    2221,
    1514,
    2121,
    1610,
    1790,
    2183,
    2679,
    2266,
    2230,
    2283,
    2320,
    2254,
    2219,
    2263,
    2277,
    2232,
    1706,
    2446,
    2304,
    2178,
    2213,
    2472,
    2270,
    2234,
    2203,
    2539,
    1647,
    1650,
    1219,
    1766,
    1580,
    2010,
    2491,
    2010,
    1994,
    2381,
    2086,
    1995,
    2092,
    2280,
    2009,
    1946,
    1881,
    2096,
    2013,
    1907,
    1944,
    2110,
    1886,
    1925,
    1950,
    2624,
    1957,
    1345
  ],
  "frame_begin_times": [
    0,
    16727,
    33394,
    50025,
    66729,
    83344,
    100108,
    116764,
    133718,
    150201,
    166880,
    184406,
    200379,
    217477,
    233767,
    250361,
    267078,
    283738,
    300392,
    317142,
    333764,
    400165,
    417050,
    433930,
    450396,
    467060,
    483739,
    500563,
    517144,
    533732,
    550330,
    566995,
    583784,
    600352,
    617031,
    633806,
    650384,
    667021,
    683822,
    700332,
    717027,
    733777,
    750502,
    767183,
    783600,
    800439,
    817212,
    850336,
    867113,
    883454,
    916647,
    933304,
    950051,
    966745,
    983602,
    1000251,
    1016966,
    1033805,
    1050371,
    1067242,
    1083709,
    1100360,
    1116998,
    1133797,
    1150437,
    1167031,
    1183769,
    1200390,
    1217069,
    1233696,
    1250357,
    1267051,
    1300158,
    1316891,
    1333542,
    1350256,
    1366834,
    1383818,
    1400358,
    1417052,
    1433697,
    1450541,
    1467027,
    1483639,
    1500333,
    1517032,
    1533692,
    1550232,
    1566977,
    1583740,
    1600320,
    1617001,
    1633817,
    1650314,
    1667046,
    1683699,
    1700521,
    1717008,
    1750243,
    1766985,
    1783506,
    1800193,
    1817005,
    1833762,
    1850308,
    1867000,
    1883604,
    1900470,
    1916984,
    1933633,
    1950424,
    1967007,
    1983667,
    2000331,
    2017146,
    2033641,
    2050284,
    2066937,
    2083887,
    2100298,
    2117000,
    2133655,
    2150277,
    2166936,
    2183596
  ],
  "frame_rasterizer_begin_times": [
    0,
    16133,
    32828,
    49591,
    66468,
    83072,
    99792,
    116795,
    133331,
    149593,
    166019,
    182869,
    200502,
    216459,
    234788,
    249915,
    266319,
    283181,
    299687,
    316470,
    333247,
    349836,
    422690,
    434686,
    451028,
    467519,
    484101,
    500735,
    517617,
    534225,
    550773,
    567378,
    583697,
    600810,
    617404,
    634042,
    650415,
    667008,
    683536,
    700465,
    716945,
    733595,
    750329,
    767094,
    783878,
    799958,
    816990,
    836056,
    871258,
    884333,
    927673,
    932797,
    949238,
    966079,
    982759,
    1000161,
    1016900,
    1033758,
    1050953,
    1067514,
    1084467,
    1100333,
    1116955,
    1133621,
    1150470,
    1167100,
    1183716,
    1200368,
    1217060,
    1233710,
    1250314,
    1266949,
    1286564,
    1322961,
    1334091,
    1350130,
    1366930,
    1383524,
    1401035,
    1417507,
    1434121,
    1450764,
    1467882,
    1484176,
    1500676,
    1517393,
    1534261,
    1550319,
    1566641,
    1583556,
    1600457,
    1616912,
    1633632,
    1650477,
    1666979,
    1683653,
    1700292,
    1717175,
    1737155,
    1766872,
    1789312,
    1801202,
    1816879,
    1834156,
    1850913,
    1867464,
    1884163,
    1900721,
    1917671,
    1934166,
    1950717,
    1967588,
    1983763,
    2000360,
    2017075,
    2033905,
    2050364,
    2066991,
    2083664,
    2100975,
    2117014,
    2133721,
    2150409,
    2166742,
    2183678,
    2202974
  ],
  "average_vsync_transitions_missed": 1.3333333333333333,
  "90th_percentile_vsync_transitions_missed": 2.0,
  "99th_percentile_vsync_transitions_missed": 2.0
}