{
  "average_frame_build_time_millis": 1.3592720000000005,
  "90th_percentile_frame_build_time_millis": 1.846,
  "99th_percentile_frame_build_time_millis": 7.353,
  "worst_frame_build_time_millis": 8.836,
  "missed_frame_build_budget_count": 0,
  "average_frame_rasterizer_time_millis": 7.445174603174598,
  "90th_percentile_frame_rasterizer_time_millis": 16.747,
  "99th_percentile_frame_rasterizer_time_millis": 19.222,
  "worst_frame_rasterizer_time_millis": 43.127,
  "missed_frame_rasterizer_budget_count": 41,
  "frame_count": 125,
  "frame_rasterizer_count": 126,
  "frame_build_times": [
    447,
    619,
    661,
    779,
    789,
    865,
    1088,
    1000,
    290,
    313,
    350,
    425,
    457,
    442,
    453,
    322,
    441,
    470,
    447,
    370,
    475,
    7353,
    2093,
    1488,
    1503,
    1419,
    1417,
    1559,
    1407,
    1437,
    1484,
    1281,
    1445,
    1422,
    1452,
    912,
    961,
    965,
    945,
    1021,
    997,
    946,
    959,
    1007,
    950,
    989,
    4249,
    5918,
    1844,
    802,
    518,
    345,
    412,
    483,
    912,
    843,
    1811,
    1141,
    1412,
    1869,
    958,
    903,
    1032,
    1141,
    959,
    939,
    909,
    755,
    994,
    918,
    936,
    4459,
    7007,
    2022,
    1405,
    1386,
    1319,
    2102,
    1364,
    1354,
    1273,
    1455,
    1381,
    1243,
    1296,
    1554,
    894,
    945,
    948,
    1001,
    911,
    893,
    1009,
    975,
    912,
    894,
    978,
    4507,
    755,
    8836,
    1846,
    1124,
    984,
    1428,
    1411,
    1337,
    1340,
    1442,
    1345,
    1317,
    1375,
    1180,
    966,
    984,
    1052,
    1023,
    976,
    982,
    1051,
    1046,
    1051,
    971,
    762,
    1011,
    4909
  ],
  "frame_rasterizer_times": [
    16413,
    16400,
    16564,
    16660,
    16507,
    16380,
    16703,
    16119,
    16866,
    16312,
    16747,
    17466,
    16194,
    16444,
    16719,
    16904,
    16339,
    16690,
    16246,
    16438,
    16898,
    16708,
    1663,
    2260,
    2647,
    2502,
    3554,
    2233,
    2599,
    2237,
    2195,
    2208,
    2049,
    2211,
    2271,
    2194,
    2272,
    2131,
    2158,
    2307,
    2244,
    1725,
    2190,
    2426,
    2227,
    2153,
    2181,
    1693,
    1698,
    43127,
    730,
    16602,
    16724,
    16643,
    17218,
    16235,
    18742,
    14915,
    16882,
    17160,
    15582,
    16563,
    16470,
    19222,
    13959,
    16704,
    16381,
    16995,
    16649,
    16219,
    16553,
    17036,
    13611,
    1412,
    2380,
    2434,
    2462,
    2602,
    1858,
    2074,
    2175,
    2178,
    2166,
    2192,
    2165,
    2087,
    2302,
    2425,
    2673,
    1800,
    2199,
    2227,
    2249,
    2588,
    2195,
    2073,
    2412,
    2281,
    1588,
    1263,
    1443,
    1527,
    1564,
    1486,
    2363,
    2011,
    1912,
    1981,
    2082,
    1946,
    1947,
    2050,
    1519,
    1917,
    1883,
    2067,
    1973,
    1915,
    1847,
    1681,
    1881,
    1862,
    1847,
    1541,
    1886,
    1634
  ],
  "frame_begin_times": [
    0,
    16632,
    33305,
    49997,
    66690,
    83338,
    100047,
    116700,
    133763,
    150253,
    166920,
    184124,
    200465,
    217031,
    233712,
    250753,
    267025,
    283850,
    300422,
    316987,
    333789,
    400143,
    417068,
    433827,
    450365,
    467038,
    483745,
    500719,
    516976,
    533712,
    550416,
    567062,
    583707,
    600382,
    617084,
    633658,
    650344,
    667003,
    683702,
    700428,
    717016,
    733761,
    750510,
    767038,
    783857,
    800365,
    817192,
    850120,
    867077,
    883443,
    916656,
    933286,
    949968,
    966669,
    983481,
    1000062,
    1017155,
    1033582,
    1050317,
    1067495,
    1083733,
    1100564,
    1116969,
    1134056,
    1150388,
    1167080,
    1183640,
    1200966,
    1217243,
    1233650,
    1250296,
    1267175,
    1300266,
    1317067,
    1333691,
    1350344,
    1367191,
    1384359,
    1400357,
    1417146,
    1433621,
    1450768,
    1467091,
    1483633,
    1500296,
    1517577,
    1533665,
    1550338,
    1567205,
    1583754,
    1600424,
    1617189,
    1633759,
    1650412,
    1667154,
    1683934,
    1700661,
    1717134,
    1750397,
    1767294,
    1783395,
    1800150,
    1816826,
    1833701,
    1850399,
    1866971,
    1883618,
    1900377,
    1916919,
    1933618,
    1950310,
    1966972,
    1983649,
    2000290,
    2017061,
    2033663,
    2050358,
    2066956,
    2083846,
    2100348,
    2116963,
    2133561,
    2150360,
    2166932,
    2183625
  ],
  "frame_rasterizer_begin_times": [
    0,
    16525,
    32959,
    49762,
    66557,
    83248,
    100006,
    116946,
    133533,
    150442,
    166796,
    183597,
    201157,
    217429,
    233954,
    250752,
    267782,
    284189,
    300973,
    317297,
    333794,
    350769,
    422938,
    434850,
    451092,
    467623,
    484244,
    500950,
    518077,
    534179,
    550936,
    567688,
    584022,
    600902,
    617592,
    634324,
    650330,
    667105,
    683674,
    700461,
    717233,
    733762,
    750513,
    767245,
    783838,
    800599,
    817115,
    837248,
    871541,
    884611,
    927856,
    932894,
    949542,
    966329,
    983027,
    1000314,
    1016636,
    1035426,
    1050542,
    1067568,
    1085163,
    1100846,
    1117491,
    1134035,
    1153338,
    1167375,
    1184152,
    1200592,
    1217638,
    1234372,
    1250650,
    1267265,
    1286876,
    1322779,
    1334835,
    1350904,
    1367459,
    1384251,
    1404072,
    1417542,
    1434174,
    1450579,
    1468013,
    1484147,
    1500589,
    1517276,
    1534874,
    1550271,
    1567073,
    1583862,
    1600501,
    1617069,
    1633818,
    1650474,
    1667098,
    1683807,
    1700539,
    1717390,
    1737390,
    1766861,
    1791518,
    1800962,
    1817007,
    1833634,
    1850866,
    1867594,
    1884069,
    1900731,
    1917607,
    1934037,
    1950699,
    1967490,
    1983923,
    2000404,
    2017076,
    2033903,
    2050477,
    2067085,
    2083742,
    2100713,
    2117179,
    2133825,
    2150318,
    2166848,
    2183731,
    2203874
  ],
  "average_vsync_transitions_missed": 1.0212765957446808,
  "90th_percentile_vsync_transitions_missed": 1.0,
  "99th_percentile_vsync_transitions_missed": 2.0
}