{
  "average_frame_build_time_millis": 1.2791439999999992,
  "90th_percentile_frame_build_time_millis": 1.563,
  "99th_percentile_frame_build_time_millis": 5.73,
  "worst_frame_build_time_millis": 5.752,
  "missed_frame_build_budget_count": 0,
  "average_frame_rasterizer_time_millis": 2.200832000000001,
  "90th_percentile_frame_rasterizer_time_millis": 2.374,
  "99th_percentile_frame_rasterizer_time_millis": 4.346,
  "worst_frame_rasterizer_time_millis": 41.587,
  "missed_frame_rasterizer_budget_count": 1,
  "frame_count": 125,
  "frame_rasterizer_count": 125,
  "frame_build_times": [
    1263,
    933,
    504,
    549,
    559,
    573,
    768,
    804,
    761,
    930,
    109,
    279,
    290,
    510,
    423,
    432,
    431,
    342,
    439,
    423,
    439,
    455,
    5676,
    1311,
    912,
    1134,
    1377,
    1421,
    1403,
    1061,
    1429,
    1406,
    1349,
    1470,
    1349,
    1388,
    960,
    985,
    702,
    950,
    984,
    948,
    983,
    1034,
    1419,
    969,
    931,
    4022,
    5730,
    1269,
    786,
    597,
    315,
    427,
    444,
    1001,
    999,
    1418,
    1191,
    1563,
    1651,
    866,
    1000,
    1009,
    1059,
    923,
    1039,
    1005,
    1138,
    1055,
    1020,
    1020,
    4498,
    5511,
    1117,
    1053,
    1088,
    1442,
    1431,
    1185,
    1372,
    1473,
    1446,
    1488,
    1401,
    1417,
    1458,
    1329,
    817,
    652,
    763,
    996,
    965,
    1016,
    985,
    979,
    945,
    935,
    3103,
    5752,
    1741,
    1115,
    1423,
    1486,
    1643,
    1499,
    1444,
    1495,
    1683,
    847,
    1119,
    1433,
    1528,
    1088,
    1058,
    1041,
    858,
    1023,
    1074,
    1127,
    1055,
    1039,
    1220,
    1054,
    4869
  ],
  "frame_rasterizer_times": [
    1242,
    636,
    483,
    347,
    617,
    674,
    433,
    930,
    463,
    515,
    534,
    1194,
    1205,
    1774,
    1758,
    1775,
    1786,
    1472,
    1760,
    1826,
    1844,
    1983,
    1686,
    1931,
    1555,
    1919,
    3468,
    2205,
    2251,
    2296,
    2262,
    2300,
    2350,
    2362,
    2232,
    2225,
    2398,
    2271,
    1691,
    2204,
    2378,
    2272,
    2219,
    2143,
    2234,
    2166,
    2176,
    1631,
    1678,
    41587,
    809,
    506,
    513,
    682,
    771,
    1513,
    1522,
    1827,
    1817,
    2490,
    2418,
    1933,
    2334,
    3267,
    2335,
    2350,
    2225,
    2369,
    2401,
    2402,
    2323,
    2297,
    2221,
    1566,
    1608,
    1681,
    1843,
    2374,
    2326,
    1788,
    2268,
    2258,
    2257,
    2343,
    2269,
    2374,
    1834,
    2907,
    1842,
    1491,
    1918,
    2273,
    2169,
    2246,
    2654,
    2273,
    2195,
    2194,
    1845,
    1228,
    1548,
    1682,
    2004,
    4346,
    2167,
    2157,
    2031,
    2069,
    2196,
    1376,
    2154,
    2039,
    1653,
    2017,
    1994,
    1897,
    1557,
    1920,
    2040,
    1940,
    2014,
    1927,
    2029,
    1993,
    1664
  ],
  "frame_begin_times": [
    0,
    49963,
    66681,
    83330,
    99993,
    116630,
    133407,
    150002,
    166674,
    183360,
    200023,
    216945,
    233680,
    250368,
    267063,
    283797,
    300434,
    316989,
    333787,
    350390,
    367027,
    383854,
    518111,
    534783,
    550184,
    566923,
    583696,
    600376,
    617053,
    633678,
    650344,
    667059,
    683723,
    700365,
    717049,
    733742,
    750639,
    767103,
    783552,
    800374,
    817178,
    833665,
    850316,
    866931,
    883940,
    900374,
    917019,
    933744,
    966807,
    983582,
    1000043,
    1033311,
    1049947,
    1066618,
    1083247,
    1100220,
    1116895,
    1133698,
    1150272,
    1166995,
    1183651,
    1200737,
    1216989,
    1233700,
    1250315,
    1266891,
    1283706,
    1300300,
    1317015,
    1333718,
    1350305,
    1367050,
    1383770,
    1416663,
    1433366,
    1450483,
    1466868,
    1483644,
    1500313,
    1517306,
    1533587,
    1550340,
    1566977,
    1583620,
    1600341,
    1616941,
    1633683,
    1650302,
    1667007,
    1683515,
    1700318,
    1717131,
    1733631,
    1750301,
    1767228,
    1783647,
    1800415,
    1816978,
    1833723,
    1867133,
    1883449,
    1900242,
    1917014,
    1933676,
    1950324,
    1967006,
    1983563,
    2000274,
    2017323,
    2033395,
    2050203,
    2066961,
    2083822,
    2100258,
    2116834,
    2133615,
    2150566,
    2166963,
    2183581,
    2200323,
    2216969,
    2233682,
    2250293,
    2266956,
    2283702
  ],
  "frame_rasterizer_begin_times": [
    0,
    6178,
    22492,
    39223,
    55870,
    72597,
    89525,
    106106,
    122770,
    139696,
    155541,
    172552,
    189306,
    206197,
    222851,
    239585,
    256226,
    272732,
    289585,
    306176,
    322831,
    339658,
    478775,
    491430,
    506424,
    523381,
    540461,
    557160,
    573817,
    590063,
    607139,
    623722,
    640438,
    657227,
    673767,
    690519,
    706963,
    723448,
    739602,
    756715,
    773613,
    789976,
    806621,
    823329,
    840696,
    856676,
    873334,
    893090,
    927584,
    940121,
    981820,
    989211,
    1005554,
    1022394,
    1039043,
    1056543,
    1073212,
    1090442,
    1106727,
    1123900,
    1140647,
    1156861,
    1173353,
    1190053,
    1206687,
    1223173,
    1240073,
    1256636,
    1273405,
    1290102,
    1306707,
    1323413,
    1343121,
    1377309,
    1389804,
    1406862,
    1423279,
    1440452,
    1457090,
    1473774,
    1490301,
    1507176,
    1523787,
    1540497,
    1557108,
    1573688,
    1590476,
    1606847,
    1623155,
    1639442,
    1656404,
    1673491,
    1689987,
    1706661,
    1723585,
    1740013,
    1756725,
    1773295,
    1793239,
    1828105,
    1840492,
    1856677,
    1873828,
    1890523,
    1907206,
    1923871,
    1940303,
    1957040,
    1974385,
    1989567,
    2006660,
    2023743,
    2040705,
    2056670,
    2073231,
    2090023,
    2106684,
    2123350,
    2140007,
    2156762,
    2173390,
    2190098,
    2206770,
    2223374,
    2243482
  ],
  "average_vsync_transitions_missed": 1.75,
  "90th_percentile_vsync_transitions_missed": 3.0,
  "99th_percentile_vsync_transitions_missed": 3.0
}