{
  "average_frame_build_time_millis": 1.3554560000000004,
  "90th_percentile_frame_build_time_millis": 1.658,
  "99th_percentile_frame_build_time_millis": 7.537,
  "worst_frame_build_time_millis": 8.049,
  "missed_frame_build_budget_count": 0,
  "average_frame_rasterizer_time_millis": 2.3385200000000004,
  "90th_percentile_frame_rasterizer_time_millis": 2.491,
  "99th_percentile_frame_rasterizer_time_millis": 16.454,
  "worst_frame_rasterizer_time_millis": 39.616,
  "missed_frame_rasterizer_budget_count": 2,
  "frame_count": 125,
  "frame_rasterizer_count": 125,
  "frame_build_times": [
    1291,
    901,
    436,
    554,
    520,
    541,
    732,
    706,
    1010,
    915,
    272,
    294,
    303,
    354,
    455,
    435,
    441,
    440,
    438,
    446,
    446,
    456,
    5431,
    1656,
    1098,
    1642,
    1570,
    1522,
    1464,
    1693,
    1868,
    1063,
    1399,
    1658,
    1502,
    1465,
    1088,
    720,
    975,
    985,
    961,
    981,
    928,
    910,
    1007,
    1008,
    956,
    3392,
    4716,
    1268,
    687,
    608,
    318,
    448,
    422,
    955,
    973,
    1325,
    1032,
    1205,
    1782,
    1053,
    1065,
    1013,
    1490,
    1040,
    1119,
    1011,
    1038,
    793,
    1335,
    1014,
    4074,
    7537,
    1270,
    1177,
    1179,
    1427,
    1485,
    1473,
    1450,
    1429,
    1596,
    1479,
    1451,
    1451,
    1465,
    1264,
    1002,
    1020,
    1037,
    1016,
    1004,
    1038,
    995,
    808,
    1030,
    983,
    4351,
    862,
    8049,
    2395,
    1460,
    1451,
    1478,
    1569,
    1432,
    1501,
    1431,
    1146,
    1483,
    1591,
    1595,
    1145,
    1260,
    1086,
    1118,
    1125,
    1043,
    1114,
    1331,
    1084,
    1097,
    1180,
    4877
  ],
  "frame_rasterizer_times": [
    1146,
    16454,
    1480,
    371,
    625,
    738,
    411,
    719,
    598,
    509,
    1154,
    1263,
    1240,
    1705,
    1763,
    1801,
    1749,
    1752,
    1782,
    1814,
    1733,
    2018,
    1382,
    2206,
    1945,
    2632,
    3678,
    2418,
    2442,
    2174,
    2500,
    1733,
    2411,
    1832,
    1607,
    2293,
    2604,
    1658,
    2258,
    2363,
    2813,
    2320,
    2345,
    2330,
    2491,
    2352,
    2203,
    1289,
    1435,
    39616,
    811,
    508,
    494,
    711,
    685,
    1520,
    1527,
    1845,
    1615,
    1899,
    2245,
    2605,
    2326,
    3438,
    2345,
    2860,
    2247,
    2266,
    2227,
    1871,
    2369,
    2302,
    2332,
    1641,
    1761,
    2068,
    1943,
    2712,
    2190,
    2487,
    2247,
    2251,
    1735,
    2292,
    2184,
    2274,
    2193,
    2395,
    2177,
    2165,
    2216,
    2255,
    2151,
    2169,
    1935,
    1789,
    2145,
    2213,
    1909,
    1281,
    1304,
    1904,
    1738,
    2006,
    2343,
    2210,
    2102,
    1777,
    2012,
    2088,
    2059,
    2047,
    2114,
    2144,
    2057,
    2039,
    2185,
    2092,
    1989,
    1594,
    2645,
    1998,
    2116,
    1968,
    1803
  ],
  "frame_begin_times": [
    0,
    49876,
    66559,
    83267,
    99980,
    116598,
    133305,
    149970,
    166662,
    183327,
    200253,
    216847,
    233493,
    250423,
    267074,
    283644,
    300324,
    317190,
    333700,
    350359,
    366997,
    383770,
    450006,
    466832,
    483582,
    500894,
    517076,
    533681,
    550372,
    567409,
    584062,
    600275,
    617007,
    634138,
    650467,
    667085,
    683794,
    700210,
    717075,
    733818,
    750415,
    767096,
    783677,
    800330,
    817302,
    833786,
    850360,
    867192,
    900163,
    916931,
    933397,
    966697,
    983236,
    999919,
    1016589,
    1033585,
    1050200,
    1066891,
    1083513,
    1100196,
    1117009,
    1133716,
    1150329,
    1167009,
    1183700,
    1200494,
    1217001,
    1233578,
    1250362,
    1267278,
    1283780,
    1300316,
    1316983,
    1350080,
    1366680,
    1383455,
    1400191,
    1416964,
    1433631,
    1450488,
    1466827,
    1483627,
    1500369,
    1517110,
    1533699,
    1550284,
    1566971,
    1584017,
    1600256,
    1616962,
    1633640,
    1650315,
    1666923,
    1683586,
    1700289,
    1716898,
    1733584,
    1750278,
    1767049,
    1800092,
    1816866,
    1833715,
    1850322,
    1866928,
    1883689,
    1900683,
    1916922,
    1933490,
    1950319,
    1966846,
    1983563,
    2000214,
    2016918,
    2033577,
    2050275,
    2066897,
    2083878,
    2100243,
    2117047,
    2133547,
    2150419,
    2166949,
    2183548,
    2200212,
    2217470
  ],
  "frame_rasterizer_begin_times": [
    0,
    3532,
    20045,
    36595,
    53272,
    69923,
    86813,
    103457,
    120472,
    137069,
    153247,
    169899,
    186554,
    203534,
    220320,
    236872,
    253555,
    270379,
    286918,
    303601,
    320217,
    337005,
    407979,
    421288,
    437448,
    455293,
    471424,
    487967,
    504543,
    521953,
    538874,
    554099,
    571205,
    588371,
    604732,
    621347,
    637695,
    653697,
    670876,
    687594,
    704205,
    720877,
    737355,
    754037,
    771216,
    787618,
    804128,
    823352,
    857455,
    871021,
    910738,
    920056,
    936281,
    953118,
    969801,
    987294,
    1003935,
    1020989,
    1037302,
    1054109,
    1071528,
    1087571,
    1104217,
    1120814,
    1137765,
    1154340,
    1170833,
    1187369,
    1204181,
    1220827,
    1237880,
    1254128,
    1273342,
    1310188,
    1320704,
    1337468,
    1354122,
    1371190,
    1387820,
    1404763,
    1421065,
    1437851,
    1454798,
    1471385,
    1487949,
    1504523,
    1521209,
    1538040,
    1554052,
    1570757,
    1587427,
    1604092,
    1620695,
    1637423,
    1654072,
    1670462,
    1687361,
    1704049,
    1724168,
    1753753,
    1777491,
    1788847,
    1804578,
    1821163,
    1837960,
    1854970,
    1871146,
    1887780,
    1904562,
    1920736,
    1937861,
    1954585,
    1971317,
    1987499,
    2004213,
    2020807,
    2037859,
    2054123,
    2070875,
    2087422,
    2104549,
    2120777,
    2137476,
    2154162,
    2174654
  ],
  "average_vsync_transitions_missed": 1.6,
  "90th_percentile_vsync_transitions_missed": 3.0,
  "99th_percentile_vsync_transitions_missed": 3.0
}