{
  "average_frame_build_time_millis": 1.322672,
  "90th_percentile_frame_build_time_millis": 1.57,
  "99th_percentile_frame_build_time_millis": 5.893,
  "worst_frame_build_time_millis": 7.18,
  "missed_frame_build_budget_count": 0,
  "average_frame_rasterizer_time_millis": 2.235301587301588,
  "90th_percentile_frame_rasterizer_time_millis": 2.464,
  "99th_percentile_frame_rasterizer_time_millis": 3.572,
  "worst_frame_rasterizer_time_millis": 41.015,
  "missed_frame_rasterizer_budget_count": 1,
  "frame_count": 125,
  "frame_rasterizer_count": 126,
  "frame_build_times": [
    504,
    548,
    523,
    527,
    701,
    713,
    1000,
    926,
    286,
    358,
    305,
    337,
    646,
    457,
    377,
    339,
    528,
    438,
    443,
    452,
    1045,
    5893,
    1689,
    1409,
    1586,
    1494,
    1370,
    1392,
    1539,
    1443,
    1406,
    1445,
    1391,
    1398,
    1548,
    970,
    1101,
    1017,
    1001,
    1128,
    967,
    998,
    953,
    1009,
    1131,
    974,
    4089,
    4882,
    1323,
    752,
    624,
    315,
    444,
    430,
    964,
    1014,
    1104,
    1235,
    1189,
    1544,
    1200,
    1026,
    1029,
    1022,
    1054,
    1045,
    1005,
    1083,
    845,
    1051,
    1035,
    4167,
    7180,
    1366,
    885,
    1128,
    1466,
    1415,
    1401,
    1459,
    1449,
    1451,
    1570,
    1458,
    1413,
    1410,
    981,
    998,
    964,
    990,
    795,
    1008,
    988,
    1000,
    1037,
    986,
    1012,
    4379,
    762,
    5564,
    2288,
    1492,
    1441,
    1436,
    1582,
    1478,
    1441,
    1461,
    1140,
    1476,
    1544,
    1107,
    1071,
    1072,
    1060,
    1061,
    1091,
    837,
    1076,
    1134,
    1079,
    1076,
    1090,
    1113,
    4997
  ],
  "frame_rasterizer_times": [
    583,
    447,
    465,
    551,
    512,
    388,
    679,
    532,
    514,
    1156,
    1549,
    1431,
    1436,
    2128,
    2464,
    2048,
    1281,
    2006,
    1897,
    2488,
    2366,
    2224,
    1641,
    2298,
    2490,
    2535,
    3572,
    2251,
    2488,
    2491,
    2266,
    2252,
    2316,
    1914,
    2266,
    2228,
    2297,
    1750,
    2229,
    2194,
    2293,
    2281,
    2248,
    2295,
    2330,
    2327,
    2029,
    1561,
    1723,
    41015,
    795,
    506,
    493,
    709,
    658,
    1532,
    1464,
    1546,
    1852,
    1869,
    2442,
    2627,
    2446,
    3300,
    2377,
    2503,
    2339,
    2331,
    2316,
    2059,
    2299,
    2301,
    2116,
    1629,
    1743,
    1602,
    1888,
    2878,
    2227,
    2412,
    2363,
    2143,
    2327,
    2519,
    2361,
    2208,
    2181,
    2072,
    2209,
    2161,
    2173,
    1789,
    2186,
    2300,
    2220,
    2310,
    2264,
    2223,
    2007,
    1188,
    1235,
    1945,
    2052,
    2070,
    2361,
    1817,
    1846,
    2096,
    2060,
    1602,
    2042,
    2038,
    2028,
    2090,
    1969,
    1932,
    2065,
    2188,
    1487,
    1936,
    2147,
    2187,
    1962,
    1844,
    1682,
    1779
  ],
  "frame_begin_times": [
    0,
    16667,
    33362,
    50062,
    66713,
    83351,
    100071,
    116734,
    133838,
    150308,
    166961,
    183679,
    200888,
    217246,
    233627,
    250284,
    268143,
    283745,
    300491,
    317141,
    334155,
    400361,
    417017,
    433739,
    450498,
    467108,
    483820,
    500455,
    517071,
    533794,
    550433,
    567005,
    583764,
    600463,
    617043,
    633739,
    650562,
    667092,
    683844,
    700454,
    716968,
    733733,
    750477,
    767071,
    783742,
    800382,
    817175,
    850112,
    866939,
    883429,
    916701,
    933263,
    950011,
    966668,
    983639,
    1000193,
    1016865,
    1033677,
    1050256,
    1067148,
    1083740,
    1100417,
    1117103,
    1133852,
    1150539,
    1167165,
    1183692,
    1200349,
    1217085,
    1233706,
    1250405,
    1267094,
    1300115,
    1316742,
    1333536,
    1350286,
    1367209,
    1383680,
    1400411,
    1417008,
    1433628,
    1450381,
    1467266,
    1483708,
    1500356,
    1517149,
    1534097,
    1550333,
    1567126,
    1583796,
    1600552,
    1617097,
    1633588,
    1650288,
    1667095,
    1683728,
    1700330,
    1717037,
    1750016,
    1766873,
    1783658,
    1800423,
    1817051,
    1833667,
    1850645,
    1867015,
    1883528,
    1900381,
    1917278,
    1933690,
    1950340,
    1966917,
    1983712,
    2000269,
    2016975,
    2033643,
    2050350,
    2066966,
    2083681,
    2100418,
    2116978,
    2133692,
    2150308,
    2167170,
    2183599
  ],
  "frame_rasterizer_begin_times": [
    0,
    16259,
    32889,
    49665,
    66373,
    83197,
    99837,
    116875,
    133447,
    149800,
    166368,
    182970,
    199718,
    217327,
    233443,
    249705,
    266341,
    284401,
    299919,
    316673,
    333334,
    350924,
    421639,
    434422,
    450858,
    467838,
    484347,
    500852,
    517562,
    534365,
    550925,
    567579,
    584223,
    600687,
    617573,
    634302,
    650453,
    667347,
    683851,
    700592,
    717126,
    733742,
    750473,
    767187,
    783799,
    800508,
    817131,
    836992,
    870352,
    884000,
    925131,
    933045,
    949368,
    966183,
    982844,
    1000306,
    1016929,
    1033685,
    1050625,
    1067103,
    1084465,
    1100584,
    1117190,
    1133846,
    1150614,
    1167349,
    1183956,
    1200414,
    1217236,
    1233650,
    1250506,
    1267155,
    1286477,
    1322784,
    1333812,
    1350143,
    1367062,
    1384417,
    1400783,
    1417564,
    1434171,
    1450804,
    1467546,
    1484593,
    1500914,
    1517515,
    1534288,
    1550832,
    1567042,
    1583795,
    1600432,
    1617014,
    1633850,
    1650351,
    1667001,
    1683867,
    1700488,
    1717085,
    1737125,
    1766463,
    1787977,
    1801644,
    1817667,
    1834219,
    1850829,
    1868041,
    1884238,
    1900601,
    1917570,
    1934123,
    1950809,
    1967445,
    1983772,
    2000531,
    2017084,
    2033767,
    2050413,
    2067205,
    2083506,
    2100452,
    2117354,
    2133804,
    2150479,
    2167137,
    2184048,
    2203877
  ],
  "average_vsync_transitions_missed": 1.3333333333333333,
  "90th_percentile_vsync_transitions_missed": 2.0,
  "99th_percentile_vsync_transitions_missed": 2.0
}