{
  "average_frame_build_time_millis": 1.2306220472440952,
  "90th_percentile_frame_build_time_millis": 1.418,
  "99th_percentile_frame_build_time_millis": 6.626,
  "worst_frame_build_time_millis": 6.884,
  "missed_frame_build_budget_count": 0,
  "average_frame_rasterizer_time_millis": 2.3709296874999994,
  "90th_percentile_frame_rasterizer_time_millis": 2.41,
  "99th_percentile_frame_rasterizer_time_millis": 5.801,
  "worst_frame_rasterizer_time_millis": 41.008,
  "missed_frame_rasterizer_budget_count": 1,
  "frame_count": 127,
  "frame_rasterizer_count": 128,
  "frame_build_times": [
    295,
    429,
    423,
    443,
    452,
    431,
    461,
    450,
    441,
    436,
    6884,
    1221,
    909,
    824,
    740,
    866,
    1043,
    1311,
    1239,
    1352,
    1404,
    1274,
    1316,
    1338,
    909,
    872,
    855,
    876,
    862,
    921,
    839,
    949,
    856,
    813,
    3801,
    2097,
    489,
    289,
    276,
    118,
    145,
    156,
    407,
    444,
    468,
    600,
    597,
    619,
    3780,
    1540,
    1256,
    1298,
    1251,
    1344,
    1237,
    1313,
    1300,
    1370,
    1218,
    1265,
    1360,
    1324,
    900,
    896,
    731,
    876,
    888,
    886,
    931,
    881,
    891,
    929,
    760,
    2916,
    6626,
    1409,
    996,
    1328,
    1257,
    1296,
    1328,
    1244,
    1343,
    1304,
    1294,
    1250,
    1405,
    1338,
    902,
    909,
    922,
    885,
    879,
    907,
    923,
    869,
    891,
    950,
    940,
    4452,
    702,
    5739,
    1954,
    1025,
    1551,
    1356,
    1388,
    1415,
    1086,
    1168,
    1367,
    1579,
    1418,
    999,
    971,
    1014,
    999,
    999,
    999,
    1035,
    986,
    998,
    997,
    956,
    1078,
    1008,
    5074
  ],
  "frame_rasterizer_times": [
    1633,
    1308,
    1778,
    1829,
    2092,
    1865,
    1749,
    1856,
    2240,
    1818,
    1861,
    1685,
    5801,
    1701,
    1449,
    1873,
    1584,
    1746,
    1903,
    2074,
    2274,
    2310,
    2037,
    1623,
    1643,
    2039,
    2022,
    2057,
    2216,
    2025,
    1961,
    2262,
    2186,
    2077,
    2056,
    1906,
    1116,
    41008,
    669,
    1730,
    1297,
    1899,
    1866,
    2286,
    1122,
    2504,
    1784,
    1762,
    1702,
    2178,
    3617,
    3120,
    2195,
    2425,
    2358,
    2388,
    2403,
    2956,
    2369,
    2398,
    1903,
    2437,
    2356,
    2329,
    2301,
    2004,
    2410,
    2181,
    2591,
    2466,
    2271,
    2228,
    2510,
    1750,
    1612,
    1618,
    1913,
    1878,
    2407,
    2263,
    2220,
    2169,
    2243,
    2321,
    2291,
    1876,
    2348,
    2356,
    2192,
    2242,
    2424,
    2312,
    2181,
    2137,
    2697,
    2265,
    2174,
    2255,
    2310,
    2148,
    1673,
    1342,
    1173,
    1582,
    1711,
    2112,
    2379,
    2015,
    2304,
    1473,
    1796,
    2006,
    2185,
    1959,
    1910,
    1937,
    2067,
    1941,
    2132,
    1929,
    2011,
    2039,
    1972,
    2085,
    1628,
    1924,
    1887,
    2027
  ],
  "frame_begin_times": [
    0,
    16793,
    33492,
    50282,
    66974,
    83489,
    100146,
    116947,
    133521,
    150101,
    216531,
    233475,
    249975,
    266598,
    283207,
    299961,
    316764,
    333336,
    350089,
    366920,
    383344,
    400072,
    416726,
    433563,
    450020,
    466705,
    483442,
    500147,
    516733,
    533332,
    550114,
    566834,
    583426,
    600042,
    616797,
    633096,
    649933,
    666453,
    699746,
    716321,
    733048,
    749680,
    766677,
    783238,
    799984,
    816742,
    833542,
    850107,
    866644,
    883521,
    900082,
    916785,
    933723,
    950063,
    966734,
    983489,
    1000335,
    1016768,
    1033577,
    1050180,
    1067190,
    1083446,
    1100090,
    1116707,
    1133358,
    1150067,
    1166703,
    1183482,
    1200102,
    1216718,
    1233444,
    1250154,
    1266749,
    1283254,
    1316539,
    1333271,
    1349906,
    1366761,
    1383519,
    1400056,
    1416734,
    1433277,
    1450056,
    1466662,
    1483359,
    1500040,
    1516721,
    1533361,
    1550031,
    1566794,
    1583351,
    1600014,
    1616750,
    1633639,
    1650033,
    1666668,
    1683347,
    1700010,
    1716694,
    1733397,
    1766405,
    1783166,
    1799807,
    1816566,
    1833455,
    1850035,
    1866800,
    1883490,
    1899883,
    1916535,
    1933371,
    1950141,
    1966705,
    1983444,
    1999990,
    2017088,
    2033389,
    2049969,
    2066800,
    2083449,
    2100046,
    2116652,
    2133310,
    2150147,
    2166674,
    2183284,
    2200065
  ],
  "frame_rasterizer_begin_times": [
    0,
    16449,
    33410,
    50105,
    66921,
    83692,
    100108,
    116776,
    133583,
    150199,
    166672,
    239331,
    250855,
    267032,
    283551,
    300067,
    316981,
    333994,
    350767,
    367512,
    384565,
    400946,
    417497,
    434152,
    450980,
    467069,
    483763,
    500497,
    517217,
    533665,
    550427,
    567128,
    583961,
    600574,
    617054,
    636759,
    651366,
    666632,
    707740,
    716135,
    732726,
    749382,
    765960,
    783240,
    799785,
    816623,
    833519,
    850324,
    866847,
    886233,
    901251,
    917470,
    934287,
    951130,
    967570,
    984107,
    1000937,
    1017835,
    1034324,
    1050915,
    1067637,
    1084740,
    1100843,
    1117197,
    1133796,
    1150314,
    1167126,
    1183802,
    1200542,
    1217171,
    1233801,
    1250511,
    1267190,
    1283657,
    1302024,
    1339058,
    1350781,
    1367046,
    1384280,
    1400930,
    1417460,
    1434230,
    1450620,
    1467596,
    1484078,
    1500843,
    1517393,
    1534328,
    1550917,
    1567066,
    1583895,
    1600452,
    1617096,
    1633807,
    1650754,
    1667131,
    1683711,
    1700431,
    1717163,
    1733823,
    1754003,
    1783271,
    1804935,
    1817886,
    1833738,
    1851193,
    1867579,
    1884374,
    1901109,
    1917112,
    1933888,
    1950941,
    1967892,
    1984330,
    2000617,
    2017165,
    2034286,
    2050595,
    2067176,
    2084017,
    2100687,
    2117212,
    2133824,
    2150491,
    2167223,
    2183782,
    2200492,
    2220848
  ],
  "average_vsync_transitions_missed": 1.5,
  "90th_percentile_vsync_transitions_missed": 2.0,
  "99th_percentile_vsync_transitions_missed": 2.0
}