{
  "average_frame_build_time_millis": 1.3128492063492065,
  "90th_percentile_frame_build_time_millis": 1.589,
  "99th_percentile_frame_build_time_millis": 6.416,
  "worst_frame_build_time_millis": 6.674,
  "missed_frame_build_budget_count": 0,
  "average_frame_rasterizer_time_millis": 2.344079365079365,
  "90th_percentile_frame_rasterizer_time_millis": 2.398,
  "99th_percentile_frame_rasterizer_time_millis": 16.331,
  "worst_frame_rasterizer_time_millis": 42.725,
  "missed_frame_rasterizer_budget_count": 2,
  "frame_count": 126,
  "frame_rasterizer_count": 126,
  "frame_build_times": [
    902,
    455,
    587,
    605,
    580,
    758,
    731,
    1127,
    988,
    109,
    312,
    290,
    341,
    448,
    435,
    436,
    442,
    449,
    425,
    432,
    340,
    445,
    6674,
    2113,
    1385,
    1504,
    1337,
    1424,
    1506,
    1439,
    1505,
    1373,
    1492,
    1393,
    1427,
    1450,
    961,
    970,
    923,
    1007,
    986,
    956,
    972,
    934,
    730,
    932,
    929,
    4209,
    5198,
    1332,
    871,
    559,
    294,
    538,
    442,
    896,
    1075,
    1042,
    1185,
    1615,
    1589,
    1060,
    1016,
    1068,
    1043,
    1016,
    1009,
    1020,
    1042,
    1068,
    1029,
    1005,
    4558,
    6416,
    1340,
    945,
    1100,
    1114,
    1057,
    1358,
    1418,
    1400,
    1462,
    1508,
    1427,
    1437,
    1685,
    1035,
    995,
    988,
    1047,
    1009,
    1024,
    1001,
    797,
    1003,
    979,
    1003,
    4434,
    759,
    5287,
    1984,
    1232,
    1058,
    1565,
    1586,
    1482,
    1468,
    1460,
    1555,
    1504,
    1454,
    1457,
    1123,
    1021,
    1066,
    1136,
    1074,
    1037,
    1070,
    1052,
    1085,
    1059,
    1049,
    1081,
    4995
  ],
  "frame_rasterizer_times": [
    16331,
    1291,
    372,
    619,
    553,
    397,
    759,
    609,
    574,
    519,
    1292,
    1307,
    1453,
    1871,
    1765,
    1811,
    2016,
    1902,
    1828,
    1823,
    1772,
    1873,
    1692,
    2253,
    2381,
    2509,
    3562,
    2257,
    2345,
    2343,
    1762,
    2282,
    2392,
    2290,
    2186,
    2209,
    2608,
    2165,
    2264,
    2149,
    2310,
    2270,
    2226,
    2197,
    2097,
    2185,
    2163,
    1774,
    1668,
    42725,
    725,
    520,
    463,
    785,
    708,
    1365,
    1516,
    1634,
    1842,
    2207,
    2465,
    2392,
    2401,
    3259,
    2548,
    2412,
    2161,
    2346,
    2485,
    2330,
    2288,
    2252,
    2183,
    1587,
    1812,
    1580,
    1818,
    2014,
    1668,
    2322,
    2246,
    2283,
    2394,
    2398,
    2198,
    2190,
    2383,
    2175,
    2232,
    2158,
    1736,
    1796,
    2203,
    2142,
    2022,
    2227,
    2158,
    2179,
    1689,
    1169,
    1187,
    1951,
    1640,
    1550,
    2265,
    2390,
    2047,
    2059,
    1984,
    2471,
    2050,
    1981,
    1912,
    2065,
    1953,
    1811,
    2003,
    1994,
    1938,
    2016,
    2141,
    2027,
    1986,
    1879,
    2158,
    1829
  ],
  "frame_begin_times": [
    0,
    16524,
    33239,
    49898,
    66555,
    83229,
    99915,
    116598,
    133233,
    149913,
    166972,
    183406,
    200243,
    217116,
    233624,
    250275,
    267283,
    283657,
    300285,
    317023,
    333663,
    350279,
    416820,
    433593,
    450355,
    467075,
    483675,
    500309,
    516986,
    533575,
    550284,
    567080,
    583723,
    600348,
    617015,
    633642,
    650500,
    666983,
    683621,
    700314,
    717538,
    733609,
    750223,
    766974,
    783559,
    800252,
    816920,
    833617,
    866731,
    883509,
    900085,
    933267,
    949848,
    966575,
    983173,
    1000209,
    1016863,
    1033482,
    1050177,
    1066943,
    1083615,
    1100345,
    1116928,
    1133601,
    1150328,
    1166962,
    1183544,
    1200265,
    1217044,
    1233601,
    1250241,
    1266913,
    1283974,
    1316714,
    1333291,
    1350083,
    1366801,
    1383474,
    1400109,
    1416862,
    1433455,
    1450239,
    1466989,
    1483614,
    1500185,
    1516898,
    1533855,
    1550233,
    1566898,
    1583547,
    1600199,
    1616920,
    1633571,
    1650253,
    1666812,
    1683562,
    1700190,
    1716876,
    1733532,
    1750151,
    1766671,
    1783421,
    1800095,
    1816740,
    1833526,
    1850375,
    1866981,
    1883363,
    1900226,
    1917049,
    1933572,
    1950184,
    1967018,
    1983598,
    2000160,
    2017085,
    2033578,
    2050183,
    2066814,
    2083506,
    2100301,
    2116902,
    2133528,
    2150213,
    2167185,
    2183504
  ],
  "frame_rasterizer_begin_times": [
    0,
    16382,
    32922,
    49584,
    66179,
    83083,
    99741,
    116799,
    133333,
    149210,
    166420,
    182792,
    199683,
    216673,
    233175,
    249791,
    266842,
    283224,
    299839,
    316583,
    333082,
    349825,
    422327,
    434858,
    450784,
    467701,
    484132,
    500834,
    517616,
    534105,
    550851,
    567572,
    584313,
    600810,
    617562,
    634255,
    650579,
    667095,
    683663,
    700281,
    717555,
    733634,
    750315,
    767053,
    783379,
    800310,
    816957,
    836914,
    870738,
    883978,
    926785,
    932876,
    949221,
    966166,
    982718,
    1000173,
    1017034,
    1033627,
    1050426,
    1067699,
    1084407,
    1100488,
    1117066,
    1133754,
    1150490,
    1167101,
    1183677,
    1200365,
    1217202,
    1233747,
    1250428,
    1267050,
    1287166,
    1322013,
    1333705,
    1350106,
    1367003,
    1383664,
    1400281,
    1417325,
    1433985,
    1450670,
    1467575,
    1484248,
    1500748,
    1517480,
    1534566,
    1550395,
    1566998,
    1583641,
    1600274,
    1617040,
    1633638,
    1650382,
    1666707,
    1683670,
    1700304,
    1717003,
    1737044,
    1750015,
    1770875,
    1784386,
    1800414,
    1816903,
    1834114,
    1851082,
    1867604,
    1883906,
    1900825,
    1917719,
    1934112,
    1950770,
    1967510,
    1983740,
    2000282,
    2017163,
    2033710,
    2050390,
    2066953,
    2083681,
    2100507,
    2117103,
    2133654,
    2150386,
    2167377,
    2187144
  ],
  "average_vsync_transitions_missed": 1.25,
  "90th_percentile_vsync_transitions_missed": 2.0,
  "99th_percentile_vsync_transitions_missed": 2.0
}