{
  "average_frame_build_time_millis": 1.3144206349206353,
  "90th_percentile_frame_build_time_millis": 1.556,
  "99th_percentile_frame_build_time_millis": 6.197,
  "worst_frame_build_time_millis": 8.285,
  "missed_frame_build_budget_count": 0,
  "average_frame_rasterizer_time_millis": 2.3368333333333324,
  "90th_percentile_frame_rasterizer_time_millis": 2.439,
  "99th_percentile_frame_rasterizer_time_millis": 16.058,
  "worst_frame_rasterizer_time_millis": 40.927,
  "missed_frame_rasterizer_budget_count": 2,
  "frame_count": 126,
  "frame_rasterizer_count": 126,
  "frame_build_times": [
    1230,
    442,
    593,
    603,
    557,
    751,
    774,
    784,
    951,
    269,
    273,
    339,
    345,
    435,
    455,
    426,
    431,
    446,
    439,
    432,
    452,
    575,
    5588,
    1611,
    1060,
    1430,
    1456,
    1447,
    1397,
    1478,
    1496,
    1380,
    1429,
    1583,
    1079,
    1501,
    991,
    770,
    1024,
    978,
    995,
    1021,
    985,
    965,
    1011,
    1013,
    1020,
    3747,
    4781,
    1347,
    731,
    566,
    318,
    491,
    440,
    987,
    1020,
    1125,
    1221,
    1177,
    1797,
    1036,
    1122,
    1037,
    1048,
    1132,
    1060,
    1038,
    1009,
    991,
    1075,
    745,
    3596,
    6197,
    1540,
    1362,
    1468,
    1384,
    1370,
    1383,
    1423,
    1362,
    1050,
    1412,
    1400,
    1357,
    1426,
    1005,
    969,
    976,
    983,
    1008,
    964,
    965,
    960,
    762,
    1027,
    991,
    4323,
    726,
    8285,
    2323,
    1076,
    1436,
    1422,
    1500,
    1454,
    1473,
    1458,
    1556,
    1459,
    1538,
    1500,
    1197,
    1071,
    1093,
    1146,
    1095,
    1104,
    1087,
    1100,
    1093,
    1053,
    1053,
    1089,
    4816
  ],
  "frame_rasterizer_times": [
    16058,
    1193,
    387,
    639,
    536,
    439,
    806,
    537,
    593,
    1179,
    1124,
    1459,
    1387,
    2028,
    1827,
    1783,
    1781,
    2083,
    1797,
    1752,
    1774,
    1570,
    1470,
    2256,
    1848,
    2638,
    3590,
    2242,
    2263,
    2439,
    2282,
    2246,
    2277,
    2015,
    1723,
    2166,
    2240,
    1722,
    2221,
    2156,
    2103,
    2257,
    2142,
    2151,
    2346,
    2288,
    2200,
    1263,
    1538,
    40927,
    847,
    528,
    503,
    707,
    746,
    1498,
    1568,
    1626,
    1883,
    1831,
    2448,
    2567,
    2427,
    3246,
    2368,
    2529,
    2374,
    2331,
    2333,
    2049,
    2331,
    2015,
    1643,
    1589,
    1910,
    2705,
    2540,
    2995,
    2253,
    2485,
    2359,
    2267,
    1698,
    2210,
    2302,
    2258,
    2231,
    2031,
    2189,
    2230,
    2207,
    2363,
    2243,
    2213,
    2271,
    1718,
    2225,
    2208,
    1754,
    1336,
    1386,
    2186,
    1524,
    2016,
    2392,
    1822,
    2099,
    1716,
    1989,
    2085,
    2123,
    1994,
    2012,
    2078,
    1942,
    1909,
    2110,
    2030,
    1912,
    2018,
    2172,
    1987,
    1955,
    1877,
    2394,
    1784
  ],
  "frame_begin_times": [
    0,
    16567,
    33289,
    49875,
    66695,
    83322,
    99924,
    116646,
    133332,
    150264,
    166847,
    183541,
    200195,
    217122,
    233753,
    250315,
    267069,
    283835,
    300348,
    316977,
    333590,
    350490,
    416831,
    433553,
    450182,
    466995,
    483726,
    500379,
    516992,
    533827,
    550313,
    566980,
    583632,
    600529,
    616894,
    633694,
    650335,
    667351,
    683559,
    700339,
    716991,
    733643,
    750302,
    767022,
    783642,
    800379,
    817001,
    833574,
    866706,
    883500,
    900009,
    933215,
    949928,
    966587,
    983308,
    1000207,
    1016811,
    1033508,
    1050229,
    1066869,
    1083622,
    1100410,
    1117016,
    1133682,
    1150268,
    1167232,
    1183668,
    1200300,
    1217005,
    1233975,
    1250263,
    1266789,
    1283700,
    1316758,
    1333518,
    1350279,
    1366970,
    1383665,
    1400335,
    1417067,
    1433689,
    1450265,
    1466857,
    1483940,
    1500308,
    1516947,
    1533643,
    1550445,
    1566970,
    1583618,
    1600279,
    1617165,
    1633591,
    1650297,
    1666908,
    1683435,
    1700296,
    1716874,
    1733626,
    1766633,
    1783582,
    1800276,
    1816776,
    1833541,
    1850140,
    1867158,
    1883601,
    1900327,
    1916950,
    1933670,
    1950228,
    1966880,
    1983590,
    2000221,
    2016862,
    2033600,
    2050292,
    2066923,
    2083545,
    2100313,
    2117090,
    2133564,
    2150269,
    2166961,
    2183768,
    2200172
  ],
  "frame_rasterizer_begin_times": [
    0,
    16101,
    32699,
    49276,
    66057,
    82880,
    99509,
    116195,
    133099,
    149321,
    165927,
    182686,
    199338,
    216402,
    233002,
    249532,
    266314,
    283116,
    299610,
    316242,
    332821,
    349816,
    420999,
    433975,
    450030,
    467259,
    484000,
    500661,
    517210,
    534149,
    550646,
    567193,
    583896,
    600963,
    616781,
    634044,
    650158,
    666916,
    683438,
    700179,
    716819,
    733511,
    750119,
    766849,
    783492,
    800222,
    816881,
    836042,
    870030,
    883692,
    924737,
    932539,
    949012,
    965862,
    982610,
    999989,
    1016585,
    1033462,
    1050243,
    1066833,
    1084257,
    1100286,
    1116939,
    1133554,
    1150155,
    1167103,
    1183529,
    1200147,
    1216819,
    1233802,
    1250169,
    1266324,
    1285780,
    1321588,
    1333849,
    1350504,
    1367299,
    1383851,
    1400541,
    1417274,
    1433944,
    1450462,
    1466697,
    1484191,
    1500540,
    1517142,
    1533901,
    1550289,
    1566776,
    1583419,
    1600096,
    1616993,
    1633402,
    1650112,
    1666659,
    1682994,
    1700160,
    1716703,
    1736755,
    1766177,
    1790459,
    1801357,
    1816645,
    1833812,
    1850391,
    1867437,
    1883890,
    1900636,
    1917242,
    1934058,
    1950546,
    1967224,
    1983909,
    2000225,
    2016804,
    2033541,
    2050132,
    2066854,
    2083443,
    2100218,
    2117030,
    2133466,
    2150156,
    2166875,
    2183645,
    2203384
  ],
  "average_vsync_transitions_missed": 1.25,
  "90th_percentile_vsync_transitions_missed": 2.0,
  "99th_percentile_vsync_transitions_missed": 2.0
}