{
  "average_frame_build_time_millis": 1.3474719999999998,
  "90th_percentile_frame_build_time_millis": 1.555,
  "99th_percentile_frame_build_time_millis": 7.236,
  "worst_frame_build_time_millis": 8.668,
  "missed_frame_build_budget_count": 0,
  "average_frame_rasterizer_time_millis": 4.900142857142858,
  "90th_percentile_frame_rasterizer_time_millis": 16.556,
  "99th_percentile_frame_rasterizer_time_millis": 17.182,
  "worst_frame_rasterizer_time_millis": 42.099,
  "missed_frame_rasterizer_budget_count": 23,
  "frame_count": 125,
  "frame_rasterizer_count": 126,
  "frame_build_times": [
    447,
    610,
    592,
    536,
    777,
    866,
    788,
    1042,
    272,
    245,
    354,
    345,
    457,
    449,
    463,
    409,
    454,
    467,
    430,
    497,
    466,
    6841,
    2058,
    1455,
    1495,
    1431,
    1476,
    1408,
    1447,
    1403,
    1394,
    1446,
    1444,
    1424,
    1519,
    969,
    955,
    941,
    961,
    954,
    722,
    1007,
    951,
    795,
    987,
    993,
    4375,
    5634,
    1277,
    831,
    548,
    341,
    419,
    423,
    990,
    991,
    1030,
    1160,
    1555,
    1670,
    1073,
    1019,
    1042,
    1000,
    1054,
    1049,
    1015,
    1062,
    1070,
    1035,
    1056,
    4112,
    7236,
    1277,
    955,
    955,
    1071,
    1167,
    1455,
    1426,
    1470,
    1464,
    1470,
    1478,
    1464,
    1511,
    978,
    967,
    746,
    1025,
    1015,
    948,
    954,
    1066,
    993,
    984,
    1024,
    3522,
    862,
    8668,
    2169,
    1098,
    1425,
    1484,
    1545,
    1451,
    1424,
    1601,
    1486,
    1468,
    1463,
    1350,
    1083,
    1154,
    1064,
    1028,
    1100,
    1066,
    1224,
    1145,
    1067,
    1072,
    1092,
    1100,
    4851
  ],
  "frame_rasterizer_times": [
    16625,
    16194,
    16445,
    16666,
    16742,
    16459,
    16460,
    16564,
    17035,
    16066,
    16828,
    16556,
    17182,
    16322,
    16588,
    17151,
    16196,
    16624,
    16523,
    16954,
    16169,
    16486,
    1641,
    2338,
    2252,
    2521,
    3468,
    2292,
    2119,
    2500,
    2330,
    2266,
    2432,
    2277,
    2327,
    2206,
    2444,
    2339,
    2207,
    2186,
    2753,
    1736,
    2162,
    2149,
    1796,
    2145,
    2266,
    1817,
    1751,
    42099,
    788,
    510,
    556,
    671,
    687,
    1485,
    1415,
    1664,
    1809,
    2390,
    2332,
    2374,
    2301,
    3313,
    2474,
    2491,
    2274,
    2308,
    2519,
    2401,
    2306,
    2299,
    1939,
    1603,
    1778,
    1615,
    1571,
    1878,
    2052,
    2379,
    2299,
    2222,
    2355,
    2291,
    2252,
    2167,
    2391,
    2278,
    2200,
    1694,
    2400,
    2197,
    2227,
    2142,
    1769,
    2192,
    2175,
    2215,
    1714,
    1262,
    1622,
    1727,
    1522,
    2061,
    2563,
    2045,
    2030,
    2017,
    2380,
    2015,
    2014,
    1933,
    1555,
    1980,
    1910,
    1999,
    2038,
    1910,
    1895,
    2019,
    2009,
    1931,
    2107,
    2104,
    1979,
    1775
  ],
  "frame_begin_times": [
    0,
    16587,
    33256,
    49955,
    66632,
    83249,
    99936,
    116607,
    133938,
    150134,
    166880,
    183507,
    200367,
    216950,
    233652,
    250534,
    267043,
    283676,
    300536,
    317410,
    333678,
    400099,
    416886,
    433689,
    450433,
    467034,
    483641,
    500279,
    516889,
    533642,
    550239,
    567061,
    583628,
    600283,
    616969,
    633775,
    650324,
    667012,
    683651,
    700484,
    716863,
    733665,
    750259,
    766898,
    783590,
    800300,
    817082,
    850096,
    866840,
    883416,
    916601,
    933258,
    949947,
    966533,
    983521,
    1000092,
    1016801,
    1033567,
    1050327,
    1066995,
    1083648,
    1100266,
    1116997,
    1133758,
    1150267,
    1166976,
    1183506,
    1200402,
    1216953,
    1233602,
    1250284,
    1267138,
    1300043,
    1316668,
    1333429,
    1350071,
    1366822,
    1383461,
    1400370,
    1416740,
    1433627,
    1450241,
    1466993,
    1483585,
    1500261,
    1516964,
    1533563,
    1550224,
    1566779,
    1583702,
    1600281,
    1616952,
    1633587,
    1650258,
    1666858,
    1683594,
    1700232,
    1716795,
    1750076,
    1766827,
    1783421,
    1800123,
    1816866,
    1833653,
    1850204,
    1866926,
    1883454,
    1900353,
    1916927,
    1933518,
    1950250,
    1966966,
    1983475,
    2000207,
    2016900,
    2033512,
    2050204,
    2066911,
    2083505,
    2100273,
    2116832,
    2133593,
    2150308,
    2166867,
    2183577
  ],
  "frame_rasterizer_begin_times": [
    0,
    16718,
    33137,
    49752,
    66457,
    83328,
    100072,
    116635,
    133615,
    150686,
    166806,
    183684,
    200294,
    217561,
    234022,
    250700,
    268015,
    284260,
    300965,
    317572,
    334612,
    350880,
    422612,
    434845,
    451039,
    467863,
    484401,
    501056,
    517628,
    534266,
    551009,
    567517,
    584441,
    601010,
    617648,
    634414,
    650683,
    667225,
    683897,
    700577,
    717431,
    733510,
    750632,
    767153,
    783536,
    800540,
    817248,
    837354,
    871393,
    884051,
    926248,
    933022,
    949501,
    966236,
    982835,
    1000414,
    1016994,
    1033738,
    1050625,
    1067805,
    1084555,
    1100643,
    1117172,
    1133973,
    1150697,
    1167256,
    1183971,
    1200447,
    1217405,
    1233976,
    1250574,
    1267233,
    1286694,
    1322995,
    1333842,
    1350291,
    1366934,
    1383791,
    1400604,
    1417754,
    1434016,
    1451023,
    1467678,
    1484403,
    1500983,
    1517645,
    1534442,
    1550496,
    1567116,
    1583465,
    1600675,
    1617208,
    1633841,
    1650480,
    1667128,
    1683814,
    1700497,
    1717095,
    1736219,
    1766981,
    1791111,
    1801472,
    1817126,
    1834155,
    1851088,
    1867685,
    1884309,
    1900794,
    1917867,
    1934351,
    1950937,
    1967678,
    1984216,
    2000493,
    2017278,
    2033920,
    2050480,
    2067240,
    2083924,
    2100623,
    2117398,
    2133834,
    2150598,
    2167347,
    2183868,
    2203908
  ],
  "average_vsync_transitions_missed": 1.04,
  "90th_percentile_vsync_transitions_missed": 1.0,
  "99th_percentile_vsync_transitions_missed": 2.0
}