{
  "average_frame_build_time_millis": 1.4776399999999998,
  "90th_percentile_frame_build_time_millis": 1.531,
  "99th_percentile_frame_build_time_millis": 8.056,
  "worst_frame_build_time_millis": 21.389,
  "missed_frame_build_budget_count": 1,
  "average_frame_rasterizer_time_millis": 2.4003548387096774,
  "90th_percentile_frame_rasterizer_time_millis": 2.469,
  "99th_percentile_frame_rasterizer_time_millis": 16.504,
  "worst_frame_rasterizer_time_millis": 42.88,
  "missed_frame_rasterizer_budget_count": 2,
  "frame_count": 125,
  "frame_rasterizer_count": 124,
  "frame_build_times": [
    21389,
    1463,
    878,
    431,
    588,
    552,
    630,
    862,
    750,
    705,
    944,
    271,
    268,
    341,
    435,
    435,
    430,
    668,
    479,
    437,
    427,
    335,
    467,
    4669,
    1455,
    1136,
    1554,
    1419,
    1374,
    1113,
    1035,
    1370,
    1518,
    1393,
    1375,
    1377,
    1413,
    980,
    943,
    1011,
    939,
    1020,
    775,
    966,
    989,
    1056,
    920,
    4352,
    5454,
    1700,
    804,
    548,
    284,
    442,
    417,
    990,
    982,
    1177,
    1156,
    1500,
    1521,
    1041,
    1002,
    974,
    999,
    781,
    986,
    983,
    1030,
    764,
    998,
    3955,
    6078,
    1525,
    1380,
    1507,
    1411,
    1479,
    1431,
    1428,
    1462,
    1377,
    1422,
    1235,
    1445,
    1435,
    958,
    764,
    969,
    1019,
    1004,
    800,
    969,
    962,
    980,
    1002,
    1004,
    4489,
    895,
    8056,
    2275,
    966,
    1428,
    1445,
    1448,
    1121,
    1466,
    1495,
    1529,
    1493,
    1531,
    1488,
    1153,
    1180,
    1094,
    1063,
    1143,
    1124,
    1173,
    1078,
    1456,
    1055,
    1081,
    1045,
    4064
  ],
  "frame_rasterizer_times": [
    1282,
    16504,
    1100,
    349,
    584,
    516,
    557,
    794,
    408,
    603,
    1117,
    1107,
    1496,
    1783,
    1769,
    1724,
    1914,
    1828,
    1859,
    1819,
    1689,
    1854,
    1717,
    2110,
    2102,
    2186,
    3477,
    2221,
    1885,
    1685,
    2225,
    2251,
    2335,
    2277,
    2238,
    2211,
    2285,
    2161,
    2169,
    2551,
    2264,
    1689,
    2165,
    2421,
    2205,
    2190,
    1780,
    1707,
    42880,
    861,
    498,
    482,
    729,
    697,
    1530,
    1580,
    2181,
    1923,
    2495,
    2409,
    2706,
    2469,
    3284,
    2360,
    1823,
    2280,
    2264,
    2342,
    1940,
    2387,
    2209,
    1569,
    1950,
    2454,
    2596,
    2985,
    2144,
    2246,
    2511,
    2259,
    2201,
    2265,
    2026,
    2321,
    2184,
    2224,
    2028,
    2279,
    2404,
    5266,
    2153,
    2165,
    2214,
    2546,
    2296,
    2216,
    1669,
    1370,
    1326,
    1894,
    1324,
    1640,
    2422,
    2080,
    1635,
    2161,
    2058,
    2314,
    2026,
    2077,
    2053,
    2172,
    2052,
    2241,
    2037,
    2215,
    1999,
    1994,
    1976,
    1967,
    2044,
    1967,
    2093,
    1844
  ],
  "frame_begin_times": [
    0,
    33186,
    83072,
    99792,
    116472,
    133115,
    149845,
    166501,
    183150,
    199818,
    216517,
    233452,
    250087,
    266857,
    283566,
    300214,
    316889,
    333870,
    350215,
    366903,
    383618,
    400183,
    416917,
    483217,
    500078,
    516857,
    533563,
    550171,
    566848,
    583602,
    599953,
    616807,
    633576,
    650647,
    666882,
    683525,
    700202,
    716923,
    733575,
    750274,
    766917,
    783596,
    800061,
    816847,
    833705,
    850210,
    866872,
    883526,
    916795,
    933563,
    949971,
    983073,
    999778,
    1016494,
    1033075,
    1050052,
    1066720,
    1083277,
    1100053,
    1116819,
    1133465,
    1150619,
    1166849,
    1183467,
    1200321,
    1216969,
    1233523,
    1250237,
    1266835,
    1283446,
    1300318,
    1316966,
    1349977,
    1366687,
    1383430,
    1400387,
    1416949,
    1433430,
    1450155,
    1467009,
    1483529,
    1500182,
    1516813,
    1533651,
    1550056,
    1566819,
    1583518,
    1600051,
    1616826,
    1633419,
    1650105,
    1666649,
    1683516,
    1700136,
    1716898,
    1733540,
    1750116,
    1766778,
    1799966,
    1816700,
    1833337,
    1849983,
    1866724,
    1883475,
    1900135,
    1916928,
    1933470,
    1950156,
    1966745,
    1983606,
    2000145,
    2016790,
    2033727,
    2050343,
    2066754,
    2083434,
    2100529,
    2116886,
    2133466,
    2150266,
    2167174,
    2183529,
    2200156,
    2216819,
    2233405
  ],
  "frame_rasterizer_begin_times": [
    0,
    3217,
    19829,
    36318,
    52925,
    69726,
    86624,
    103156,
    119733,
    136729,
    152940,
    169654,
    186457,
    203296,
    219927,
    236605,
    253776,
    269919,
    286658,
    303335,
    319754,
    336642,
    407011,
    420790,
    437271,
    454379,
    470867,
    487500,
    503977,
    520215,
    537454,
    554374,
    571318,
    587537,
    604180,
    620921,
    637177,
    653800,
    670479,
    687133,
    703864,
    720112,
    737089,
    753978,
    770546,
    787067,
    807025,
    841258,
    854541,
    897542,
    902863,
    919351,
    936205,
    952751,
    970292,
    986950,
    1003698,
    1020445,
    1037505,
    1054302,
    1070942,
    1087126,
    1103720,
    1120593,
    1136994,
    1153772,
    1170493,
    1187058,
    1203471,
    1220592,
    1239713,
    1275127,
    1287451,
    1304086,
    1321182,
    1337643,
    1354051,
    1370868,
    1387728,
    1404285,
    1420851,
    1437516,
    1454086,
    1470778,
    1487496,
    1503739,
    1520036,
    1537091,
    1553727,
    1570403,
    1586686,
    1603760,
    1620363,
    1637160,
    1653850,
    1670365,
    1690531,
    1720143,
    1743795,
    1754729,
    1770207,
    1787433,
    1804207,
    1820864,
    1837312,
    1854215,
    1870937,
    1887449,
    1904381,
    1920856,
    1937559,
    1954251,
    1970759,
    1987125,
    2003777,
    2020916,
    2037275,
    2053834,
    2070634,
    2087797,
    2103862,
    2120523,
    2137124,
    2156212
  ],
  "average_vsync_transitions_missed": 1.6,
  "90th_percentile_vsync_transitions_missed": 3.0,
  "99th_percentile_vsync_transitions_missed": 3.0
}