{
  "average_frame_build_time_millis": 1.286103174603175,
  "90th_percentile_frame_build_time_millis": 1.544,
  "99th_percentile_frame_build_time_millis": 6.165,
  "worst_frame_build_time_millis": 6.527,
  "missed_frame_build_budget_count": 0,
  "average_frame_rasterizer_time_millis": 2.3205158730158724,
  "90th_percentile_frame_rasterizer_time_millis": 2.418,
  "99th_percentile_frame_rasterizer_time_millis": 16.508,
  "worst_frame_rasterizer_time_millis": 38.095,
  "missed_frame_rasterizer_budget_count": 2,
  "frame_count": 126,
  "frame_rasterizer_count": 126,
  "frame_build_times": [
    745,
    550,
    512,
    536,
    554,
    721,
    773,
    728,
    933,
    106,
    286,
    302,
    343,
    466,
    346,
    434,
    449,
    433,
    437,
    457,
    435,
    466,
    6527,
    1647,
    1033,
    1411,
    1368,
    1104,
    1417,
    1407,
    1409,
    1414,
    1373,
    1357,
    1563,
    1428,
    950,
    973,
    986,
    956,
    926,
    949,
    988,
    935,
    912,
    905,
    968,
    4019,
    4850,
    1051,
    399,
    529,
    271,
    404,
    411,
    1029,
    952,
    1137,
    1495,
    1524,
    1431,
    982,
    979,
    950,
    950,
    974,
    1113,
    1053,
    975,
    1027,
    1142,
    993,
    4599,
    6165,
    1541,
    1384,
    1492,
    1138,
    1406,
    1453,
    1415,
    1463,
    1401,
    1544,
    1406,
    1468,
    1435,
    954,
    1018,
    982,
    941,
    930,
    956,
    949,
    947,
    1014,
    771,
    716,
    4240,
    683,
    5104,
    1905,
    1108,
    1499,
    1413,
    1542,
    1637,
    1543,
    1457,
    1480,
    1461,
    1512,
    1491,
    1057,
    904,
    1085,
    1074,
    1047,
    1279,
    813,
    1067,
    1393,
    1119,
    1138,
    1091,
    4861
  ],
  "frame_rasterizer_times": [
    16508,
    1248,
    406,
    567,
    565,
    431,
    766,
    385,
    561,
    545,
    1183,
    1281,
    1336,
    1796,
    1435,
    1904,
    1805,
    1772,
    2045,
    1853,
    2088,
    1822,
    1650,
    2215,
    1852,
    2428,
    3506,
    2337,
    2265,
    2216,
    2418,
    2349,
    2268,
    2249,
    2385,
    2263,
    2020,
    2154,
    2186,
    2259,
    2243,
    2223,
    1800,
    2164,
    2176,
    2190,
    2291,
    1606,
    1751,
    38095,
    693,
    471,
    446,
    661,
    659,
    1545,
    1669,
    1943,
    1988,
    2553,
    2197,
    2357,
    2320,
    3840,
    2506,
    2318,
    2907,
    2447,
    2347,
    2477,
    2548,
    2397,
    1924,
    1550,
    1969,
    2148,
    2447,
    2286,
    2321,
    2254,
    2258,
    2340,
    2323,
    2308,
    1965,
    2316,
    2213,
    2202,
    2417,
    2331,
    2267,
    2203,
    2209,
    2278,
    2264,
    2254,
    1783,
    1718,
    1405,
    1312,
    1243,
    1542,
    1743,
    2116,
    2313,
    1962,
    2200,
    2089,
    2076,
    1709,
    1748,
    2023,
    1947,
    1904,
    1625,
    1881,
    1953,
    2031,
    2060,
    1526,
    1902,
    2172,
    2073,
    1950,
    1953,
    2229
  ],
  "frame_begin_times": [
    0,
    16523,
    33244,
    49884,
    66604,
    83267,
    99960,
    116531,
    133276,
    149972,
    166904,
    183520,
    200178,
    216933,
    233531,
    250429,
    267041,
    283723,
    300384,
    317037,
    333664,
    350370,
    416747,
    433527,
    450171,
    466944,
    483776,
    500233,
    517028,
    533620,
    550291,
    567088,
    583680,
    600285,
    617150,
    633709,
    650310,
    666997,
    684289,
    700329,
    717007,
    733630,
    750413,
    766983,
    783607,
    800139,
    817031,
    833674,
    866684,
    883362,
    899862,
    933194,
    949894,
    966633,
    983224,
    1000136,
    1016909,
    1033445,
    1050241,
    1067147,
    1083469,
    1100274,
    1116969,
    1133546,
    1150249,
    1166959,
    1183640,
    1200349,
    1217022,
    1233827,
    1250625,
    1266988,
    1283618,
    1317038,
    1333502,
    1350186,
    1366907,
    1383799,
    1400257,
    1416894,
    1433606,
    1450190,
    1466889,
    1483559,
    1500345,
    1516904,
    1533553,
    1550263,
    1567099,
    1583582,
    1600162,
    1616909,
    1633782,
    1650226,
    1666898,
    1683620,
    1700501,
    1716806,
    1733558,
    1766678,
    1783143,
    1800057,
    1816759,
    1833614,
    1850143,
    1866873,
    1883678,
    1900205,
    1916836,
    1933536,
    1950481,
    1967005,
    1983581,
    2000235,
    2017108,
    2033610,
    2050189,
    2066891,
    2083651,
    2100165,
    2116893,
    2133508,
    2150204,
    2166869,
    2183511,
    2200398
  ],
  "frame_rasterizer_begin_times": [
    0,
    16551,
    32982,
    49637,
    66390,
    83225,
    99964,
    116547,
    133446,
    149323,
    166393,
    183030,
    199728,
    216645,
    233083,
    250067,
    266737,
    283418,
    300087,
    316744,
    333345,
    350063,
    422272,
    434424,
    450404,
    467600,
    484398,
    500589,
    517712,
    534280,
    550936,
    567755,
    584307,
    600882,
    617892,
    634387,
    650514,
    667185,
    684518,
    700534,
    717203,
    733831,
    750614,
    767191,
    783801,
    800314,
    817240,
    836850,
    870472,
    883631,
    921821,
    932990,
    949454,
    966328,
    982930,
    1000315,
    1017087,
    1033875,
    1050998,
    1067908,
    1084154,
    1100504,
    1117198,
    1133752,
    1150447,
    1167168,
    1184016,
    1200648,
    1217250,
    1234047,
    1250921,
    1267182,
    1286963,
    1322182,
    1334224,
    1350808,
    1367533,
    1384133,
    1400913,
    1417493,
    1434273,
    1450863,
    1467509,
    1484361,
    1500996,
    1517603,
    1534173,
    1550471,
    1567377,
    1583786,
    1600397,
    1617104,
    1633969,
    1650445,
    1667108,
    1683804,
    1700496,
    1716758,
    1737005,
    1766575,
    1787208,
    1801148,
    1817087,
    1834367,
    1850808,
    1867574,
    1884563,
    1901019,
    1917549,
    1934251,
    1951200,
    1967749,
    1984304,
    2000536,
    2017666,
    2033934,
    2050514,
    2067202,
    2084141,
    2100208,
    2117212,
    2134109,
    2150533,
    2167204,
    2183839,
    2204018
  ],
  "average_vsync_transitions_missed": 1.25,
  "90th_percentile_vsync_transitions_missed": 2.0,
  "99th_percentile_vsync_transitions_missed": 2.0
}