{
  "average_frame_build_time_millis": 1.2332016129032253,
  "90th_percentile_frame_build_time_millis": 1.584,
  "99th_percentile_frame_build_time_millis": 5.841,
  "worst_frame_build_time_millis": 8.328,
  "missed_frame_build_budget_count": 0,
  "average_frame_rasterizer_time_millis": 2.284976,
  "90th_percentile_frame_rasterizer_time_millis": 2.471,
  "99th_percentile_frame_rasterizer_time_millis": 16.335,
  "worst_frame_rasterizer_time_millis": 43.827,
  "missed_frame_rasterizer_budget_count": 2,
  "frame_count": 124,
  "frame_rasterizer_count": 125,
  "frame_build_times": [
    452,
    586,
    701,
    556,
    781,
    737,
    710,
    937,
    172,
    491,
    301,
    432,
    424,
    545,
    343,
    473,
    445,
    453,
    441,
    428,
    439,
    8328,
    1602,
    1093,
    1584,
    1445,
    1541,
    1396,
    1424,
    1577,
    1444,
    1433,
    1411,
    1097,
    1643,
    795,
    1019,
    1006,
    975,
    996,
    835,
    1005,
    1001,
    969,
    1077,
    975,
    4154,
    5467,
    1716,
    774,
    519,
    281,
    421,
    406,
    939,
    1038,
    1138,
    2041,
    1537,
    1338,
    959,
    1023,
    954,
    947,
    999,
    790,
    969,
    961,
    958,
    1063,
    970,
    4317,
    5264,
    1529,
    1443,
    1561,
    1449,
    1467,
    1405,
    1474,
    1494,
    1372,
    1378,
    1427,
    1391,
    1410,
    963,
    1015,
    950,
    979,
    945,
    976,
    993,
    1003,
    991,
    1010,
    966,
    4391,
    5841,
    1786,
    1128,
    1471,
    1473,
    1567,
    1498,
    1492,
    1494,
    953,
    765,
    964,
    571,
    770,
    511,
    577,
    500,
    535,
    455,
    415,
    482,
    513,
    398,
    378,
    391,
    1546
  ],
  "frame_rasterizer_times": [
    16335,
    1330,
    431,
    707,
    591,
    443,
    683,
    411,
    541,
    532,
    1271,
    1185,
    1680,
    1797,
    1942,
    1532,
    1800,
    1761,
    1923,
    1748,
    1790,
    2194,
    1724,
    2315,
    1905,
    1865,
    4342,
    2283,
    2229,
    2192,
    2276,
    2289,
    2201,
    2393,
    2306,
    2188,
    1712,
    2373,
    2263,
    2206,
    2288,
    2255,
    2272,
    2211,
    2124,
    2332,
    2152,
    1553,
    2090,
    43827,
    738,
    476,
    460,
    805,
    650,
    1744,
    1673,
    1944,
    2579,
    2589,
    1807,
    2133,
    3101,
    3709,
    2633,
    2471,
    2027,
    2472,
    2310,
    2336,
    2308,
    2411,
    2175,
    1505,
    1901,
    1906,
    2733,
    2950,
    2274,
    2268,
    2787,
    2234,
    2268,
    2250,
    2348,
    2027,
    2206,
    2242,
    2330,
    2190,
    2170,
    2438,
    2256,
    2284,
    2226,
    2418,
    2250,
    2213,
    1425,
    1178,
    1538,
    1558,
    2106,
    2348,
    1970,
    2039,
    2132,
    2248,
    1637,
    1544,
    1450,
    992,
    1150,
    963,
    1104,
    922,
    1149,
    967,
    903,
    1185,
    1015,
    789,
    691,
    794,
    807
  ],
  "frame_begin_times": [
    0,
    16676,
    33458,
    50093,
    66710,
    83416,
    100117,
    116777,
    133481,
    150576,
    166973,
    183756,
    200410,
    217751,
    233730,
    250514,
    267120,
    283800,
    300420,
    317069,
    333755,
    400275,
    417045,
    433673,
    450371,
    467337,
    483803,
    500489,
    517121,
    534095,
    550434,
    567157,
    583787,
    600331,
    617220,
    633674,
    650384,
    667120,
    683736,
    700544,
    717122,
    733789,
    750450,
    767102,
    783951,
    800510,
    817094,
    850223,
    867071,
    883495,
    916731,
    933375,
    950006,
    966737,
    983704,
    1000231,
    1017004,
    1034158,
    1050475,
    1067063,
    1083785,
    1100852,
    1117133,
    1133631,
    1150421,
    1167053,
    1183706,
    1200390,
    1217100,
    1233824,
    1250448,
    1267075,
    1300148,
    1316932,
    1333734,
    1350524,
    1367051,
    1383742,
    1400436,
    1417230,
    1433708,
    1450375,
    1467074,
    1483993,
    1500331,
    1516997,
    1533698,
    1550422,
    1567053,
    1583722,
    1600425,
    1617101,
    1633689,
    1650375,
    1667155,
    1683757,
    1700409,
    1717131,
    1750904,
    1766869,
    1783561,
    1800400,
    1817042,
    1833519,
    1850382,
    1867040,
    1883724,
    1900339,
    1916842,
    1933485,
    1950043,
    1966787,
    1983353,
    2000147,
    2016680,
    2033392,
    2050165,
    2066687,
    2083309,
    2100082,
    2120181,
    2133339,
    2150007,
    2166643
  ],
  "frame_rasterizer_begin_times": [
    0,
    16376,
    32875,
    49747,
    66239,
    83079,
    99768,
    116420,
    133309,
    149174,
    166576,
    182848,
    199784,
    216469,
    233815,
    249668,
    266608,
    283181,
    299889,
    316475,
    333107,
    349790,
    423793,
    434295,
    450360,
    467591,
    484406,
    500944,
    517486,
    534158,
    551288,
    567511,
    584172,
    600777,
    616987,
    634476,
    649980,
    667032,
    683741,
    700309,
    717165,
    733547,
    750372,
    767049,
    783656,
    800629,
    817104,
    836840,
    871006,
    884403,
    928312,
    932789,
    949287,
    966062,
    982790,
    1000228,
    1016865,
    1033741,
    1051829,
    1067541,
    1083976,
    1100363,
    1117501,
    1133715,
    1150179,
    1167035,
    1183420,
    1200265,
    1216964,
    1233697,
    1250490,
    1267028,
    1286471,
    1320732,
    1334031,
    1350753,
    1367703,
    1384111,
    1400808,
    1417450,
    1434326,
    1450773,
    1467368,
    1484051,
    1501016,
    1517315,
    1533995,
    1550273,
    1567050,
    1583611,
    1600422,
    1616971,
    1633705,
    1650245,
    1666981,
    1683758,
    1700353,
    1717002,
    1737030,
    1772181,
    1784200,
    1800289,
    1817485,
    1834130,
    1850704,
    1867426,
    1884119,
    1900808,
    1916962,
    1933196,
    1950009,
    1966158,
    1983126,
    1999408,
    2016285,
    2032724,
    2049487,
    2066169,
    2082650,
    2099374,
    2116153,
    2136138,
    2149269,
    2165948,
    2183581
  ],
  "average_vsync_transitions_missed": 1.25,
  "90th_percentile_vsync_transitions_missed": 2.0,
  "99th_percentile_vsync_transitions_missed": 2.0
}