{
  "average_frame_build_time_millis": 1.3510555555555555,
  "90th_percentile_frame_build_time_millis": 1.685,
  "99th_percentile_frame_build_time_millis": 7.156,
  "worst_frame_build_time_millis": 8.379,
  "missed_frame_build_budget_count": 0,
  "average_frame_rasterizer_time_millis": 4.904738095238094,
  "90th_percentile_frame_rasterizer_time_millis": 16.556,
  "99th_percentile_frame_rasterizer_time_millis": 17.724,
  "worst_frame_rasterizer_time_millis": 43.328,
  "missed_frame_rasterizer_budget_count": 21,
  "frame_count": 126,
  "frame_rasterizer_count": 126,
  "frame_build_times": [
    893,
    447,
    584,
    648,
    541,
    804,
    784,
    1152,
    1065,
    281,
    297,
    347,
    410,
    465,
    468,
    474,
    420,
    450,
    413,
    447,
    380,
    446,
    7156,
    2056,
    1416,
    1602,
    1455,
    1156,
    1456,
    1356,
    1453,
    1412,
    1490,
    1421,
    1521,
    1403,
    777,
    972,
    926,
    932,
    1067,
    949,
    1013,
    1014,
    1071,
    989,
    992,
    4234,
    6196,
    1700,
    832,
    574,
    312,
    369,
    491,
    914,
    893,
    1026,
    1167,
    1202,
    1673,
    766,
    783,
    1009,
    1073,
    1053,
    753,
    986,
    969,
    1022,
    1007,
    1005,
    3475,
    7102,
    1981,
    1510,
    1426,
    1340,
    1403,
    1437,
    1336,
    1438,
    1424,
    1409,
    1392,
    1368,
    1334,
    1016,
    954,
    924,
    974,
    969,
    969,
    986,
    1048,
    956,
    947,
    960,
    4372,
    735,
    8379,
    2180,
    935,
    1098,
    1566,
    1488,
    1445,
    1427,
    1506,
    1685,
    1524,
    1439,
    1504,
    1062,
    1021,
    1093,
    1150,
    1045,
    1028,
    1103,
    1094,
    1041,
    1131,
    997,
    1051,
    4776
  ],
  "frame_rasterizer_times": [
    16571,
    16323,
    16453,
    16542,
    16689,
    16414,
    17108,
    15942,
    16670,
    16327,
    16876,
    17345,
    16281,
    16507,
    16463,
    17724,
    15507,
    16586,
    16556,
    16609,
    16562,
    16771,
    1627,
    2273,
    2713,
    2533,
    3599,
    1488,
    2535,
    2384,
    2046,
    2267,
    2023,
    2236,
    2186,
    2167,
    1775,
    2259,
    2190,
    2342,
    2281,
    2253,
    2234,
    2403,
    2277,
    2204,
    2166,
    1434,
    1617,
    43328,
    739,
    495,
    483,
    759,
    728,
    1378,
    1393,
    1647,
    1706,
    1839,
    2753,
    1934,
    1704,
    3320,
    2603,
    2301,
    1751,
    2229,
    2077,
    2340,
    2245,
    2192,
    2151,
    1598,
    2344,
    2518,
    2395,
    2919,
    2182,
    2312,
    2380,
    2243,
    2360,
    2398,
    2368,
    2217,
    1886,
    2203,
    2193,
    2171,
    2323,
    2166,
    2197,
    2285,
    2325,
    2218,
    2159,
    2461,
    1645,
    1326,
    1418,
    1766,
    1348,
    1548,
    1852,
    2039,
    2113,
    1958,
    2087,
    2353,
    2023,
    2142,
    2095,
    1949,
    2025,
    1879,
    2002,
    1953,
    1949,
    2069,
    1988,
    1996,
    1875,
    1544,
    1983,
    1818
  ],
  "frame_begin_times": [
    0,
    16663,
    33388,
    50040,
    66708,
    83364,
    100021,
    116742,
    133393,
    150450,
    166878,
    183648,
    200716,
    217150,
    233726,
    250449,
    267576,
    283730,
    300559,
    317064,
    333708,
    350510,
    416838,
    433774,
    450473,
    467089,
    483734,
    500410,
    517152,
    533670,
    550494,
    567099,
    583962,
    600401,
    617047,
    633808,
    650346,
    667041,
    683706,
    700399,
    717113,
    733752,
    750514,
    767171,
    783718,
    800448,
    817156,
    833911,
    866846,
    883754,
    900128,
    933395,
    949973,
    966645,
    983376,
    1000288,
    1016871,
    1033631,
    1050253,
    1066953,
    1083758,
    1100156,
    1116924,
    1133671,
    1150790,
    1167013,
    1183563,
    1200312,
    1217260,
    1233726,
    1250355,
    1266974,
    1283649,
    1316748,
    1333766,
    1350423,
    1367097,
    1383707,
    1400410,
    1417116,
    1433547,
    1450325,
    1467447,
    1483672,
    1500453,
    1517053,
    1533866,
    1550322,
    1567090,
    1583704,
    1600418,
    1617061,
    1633703,
    1650369,
    1667208,
    1683698,
    1700326,
    1717194,
    1733745,
    1766895,
    1783863,
    1800247,
    1816919,
    1833560,
    1850464,
    1867071,
    1883698,
    1900184,
    1917079,
    1933805,
    1950387,
    1966968,
    1983700,
    2000366,
    2016928,
    2033736,
    2050320,
    2066987,
    2083686,
    2100492,
    2117035,
    2133566,
    2150345,
    2167213,
    2183747,
    2200317
  ],
  "frame_rasterizer_begin_times": [
    0,
    16667,
    33145,
    49845,
    66454,
    83302,
    99969,
    117204,
    133636,
    150352,
    166757,
    183686,
    201127,
    217485,
    234116,
    250649,
    268459,
    284044,
    300717,
    317401,
    334074,
    350721,
    422848,
    434932,
    451055,
    467831,
    484348,
    500606,
    517740,
    534163,
    551084,
    567680,
    584593,
    600964,
    617683,
    634366,
    650183,
    667155,
    683729,
    700492,
    717329,
    733840,
    750669,
    767243,
    783929,
    800581,
    817276,
    837143,
    871903,
    884602,
    928027,
    933043,
    949356,
    966117,
    983002,
    1000293,
    1016852,
    1033766,
    1050545,
    1067196,
    1084526,
    1100047,
    1116797,
    1133852,
    1151004,
    1167193,
    1183463,
    1200421,
    1217376,
    1233891,
    1250479,
    1267120,
    1285784,
    1322790,
    1334931,
    1351057,
    1367665,
    1384191,
    1400959,
    1417693,
    1434019,
    1450903,
    1468048,
    1484235,
    1501006,
    1517567,
    1534209,
    1550444,
    1567164,
    1583799,
    1600524,
    1617200,
    1633814,
    1650466,
    1667253,
    1683784,
    1700441,
    1717301,
    1737224,
    1766684,
    1791103,
    1801512,
    1816954,
    1833756,
    1851154,
    1867611,
    1884308,
    1900745,
    1917721,
    1934582,
    1950979,
    1967551,
    1984348,
    2000596,
    2017062,
    2033976,
    2050641,
    2067160,
    2083857,
    2100728,
    2117274,
    2133748,
    2150579,
    2167313,
    2183945,
    2203802
  ],
  "average_vsync_transitions_missed": 1.04,
  "90th_percentile_vsync_transitions_missed": 1.0,
  "99th_percentile_vsync_transitions_missed": 2.0
}