{
  "average_frame_build_time_millis": 1.2228809523809525,
  "90th_percentile_frame_build_time_millis": 1.551,
  "99th_percentile_frame_build_time_millis": 7.055,
  "worst_frame_build_time_millis": 9.409,
  "missed_frame_build_budget_count": 0,
  "average_frame_rasterizer_time_millis": 2.3010320000000006,
  "90th_percentile_frame_rasterizer_time_millis": 2.516,
  "99th_percentile_frame_rasterizer_time_millis": 3.47,
  "worst_frame_rasterizer_time_millis": 43.226,
  "missed_frame_rasterizer_budget_count": 1,
  "frame_count": 126,
  "frame_rasterizer_count": 125,
  "frame_build_times": [
    438,
    470,
    456,
    469,
    470,
    455,
    457,
    346,
    446,
    7055,
    2034,
    1551,
    1434,
    1484,
    1441,
    1460,
    1396,
    1424,
    1449,
    1446,
    1438,
    1398,
    1406,
    949,
    941,
    942,
    1006,
    937,
    944,
    956,
    983,
    937,
    959,
    965,
    3889,
    3426,
    610,
    378,
    237,
    143,
    147,
    200,
    374,
    387,
    505,
    491,
    620,
    660,
    3843,
    1495,
    1289,
    1370,
    1363,
    1268,
    1308,
    1404,
    1391,
    1260,
    1315,
    1390,
    1276,
    1292,
    957,
    965,
    915,
    914,
    928,
    1012,
    916,
    919,
    1028,
    972,
    890,
    3871,
    6933,
    2007,
    1336,
    1307,
    1408,
    1330,
    1340,
    1418,
    1303,
    1377,
    1343,
    1419,
    1326,
    1386,
    964,
    989,
    921,
    920,
    987,
    968,
    931,
    913,
    1284,
    924,
    4099,
    707,
    9409,
    1798,
    599,
    579,
    548,
    791,
    575,
    626,
    559,
    579,
    593,
    603,
    556,
    426,
    595,
    538,
    443,
    492,
    621,
    509,
    554,
    476,
    530,
    472,
    594,
    1618
  ],
  "frame_rasterizer_times": [
    1896,
    2045,
    1925,
    1932,
    1888,
    1940,
    1538,
    1977,
    1746,
    2721,
    2479,
    2433,
    3470,
    2584,
    2355,
    2342,
    2053,
    2546,
    2312,
    2350,
    2317,
    1941,
    2256,
    2308,
    2319,
    2273,
    2265,
    2289,
    2419,
    2344,
    2280,
    2285,
    2458,
    1649,
    1584,
    43226,
    566,
    1627,
    1250,
    1793,
    1833,
    2128,
    1130,
    2381,
    1443,
    1792,
    1787,
    2365,
    3445,
    3152,
    2537,
    2389,
    2422,
    2423,
    2788,
    2481,
    2445,
    2554,
    2510,
    2423,
    2444,
    2412,
    2417,
    2302,
    2364,
    2516,
    2439,
    2303,
    2315,
    2567,
    2362,
    2333,
    2150,
    1603,
    1988,
    2371,
    1923,
    2821,
    2300,
    2197,
    2331,
    2294,
    2309,
    2319,
    2366,
    2295,
    2265,
    2309,
    2307,
    2240,
    2180,
    2492,
    2328,
    2266,
    2218,
    2384,
    2379,
    1662,
    1682,
    1350,
    1720,
    989,
    975,
    1045,
    1209,
    915,
    915,
    830,
    894,
    889,
    852,
    849,
    876,
    1190,
    878,
    801,
    859,
    1192,
    903,
    1105,
    1060,
    1102,
    994,
    1153,
    922
  ],
  "frame_begin_times": [
    0,
    16752,
    33573,
    50003,
    66803,
    83323,
    100225,
    116604,
    133349,
    199818,
    216729,
    233345,
    250027,
    266836,
    283291,
    300071,
    316879,
    333416,
    350194,
    366797,
    383336,
    400053,
    417016,
    433351,
    449985,
    466749,
    483471,
    500006,
    516695,
    533322,
    549964,
    566696,
    583366,
    600114,
    616744,
    633202,
    649975,
    666438,
    699619,
    716305,
    732996,
    749639,
    766575,
    783138,
    799911,
    816697,
    833467,
    849966,
    866654,
    883270,
    899993,
    916772,
    933290,
    950031,
    966588,
    983550,
    999973,
    1016546,
    1033306,
    1050200,
    1066602,
    1083272,
    1099987,
    1116630,
    1133297,
    1149977,
    1166834,
    1183278,
    1199984,
    1216559,
    1233597,
    1249932,
    1266661,
    1283260,
    1316502,
    1333254,
    1349923,
    1366845,
    1383367,
    1400022,
    1416612,
    1433435,
    1449938,
    1466643,
    1483261,
    1499900,
    1516560,
    1533258,
    1550097,
    1566595,
    1583326,
    1600013,
    1616810,
    1633495,
    1649895,
    1666565,
    1683586,
    1699934,
    1716590,
    1749955,
    1766601,
    1784781,
    1799754,
    1816323,
    1833032,
    1849774,
    1866182,
    1882951,
    1899553,
    1916319,
    1932911,
    1949583,
    1966230,
    1982964,
    1999700,
    2016228,
    2032918,
    2049586,
    2066485,
    2082931,
    2099651,
    2116300,
    2133035,
    2149685,
    2166363,
    2182984
  ],
  "frame_rasterizer_begin_times": [
    0,
    16838,
    33369,
    50143,
    66647,
    83521,
    99778,
    116648,
    189361,
    201732,
    217773,
    234336,
    251060,
    267534,
    284408,
    301079,
    317689,
    334470,
    351123,
    367654,
    384327,
    401236,
    417161,
    433813,
    450596,
    467368,
    483824,
    500529,
    517089,
    533820,
    550495,
    567202,
    583890,
    603474,
    619464,
    633463,
    676800,
    682656,
    699252,
    715955,
    732641,
    749780,
    766304,
    783249,
    800115,
    816959,
    833483,
    852956,
    867645,
    884155,
    900976,
    917481,
    934084,
    950667,
    967792,
    984240,
    1000682,
    1017371,
    1034532,
    1050756,
    1067339,
    1083821,
    1100466,
    1117087,
    1133793,
    1150585,
    1167166,
    1183862,
    1200355,
    1217418,
    1233785,
    1250428,
    1269531,
    1306083,
    1318035,
    1334134,
    1350994,
    1367570,
    1384228,
    1400832,
    1417727,
    1434072,
    1450895,
    1467478,
    1484220,
    1500746,
    1517474,
    1533873,
    1550461,
    1567128,
    1583728,
    1600601,
    1617387,
    1633623,
    1650338,
    1667456,
    1683645,
    1703531,
    1733663,
    1758533,
    1769333,
    1783227,
    1799783,
    1816458,
    1833414,
    1849623,
    1866458,
    1882994,
    1899779,
    1916402,
    1933061,
    1949683,
    1966268,
    1983101,
    1999645,
    2016172,
    2032879,
    2049944,
    2066316,
    2083034,
    2099657,
    2116402,
    2133038,
    2149789,
    2167258
  ],
  "average_vsync_transitions_missed": 1.5,
  "90th_percentile_vsync_transitions_missed": 2.0,
  "99th_percentile_vsync_transitions_missed": 2.0
}