{
  "average_frame_build_time_millis": 1.3179520000000002,
  "90th_percentile_frame_build_time_millis": 1.632,
  "99th_percentile_frame_build_time_millis": 5.857,
  "worst_frame_build_time_millis": 7.246,
  "missed_frame_build_budget_count": 0,
  "average_frame_rasterizer_time_millis": 4.896349206349205,
  "90th_percentile_frame_rasterizer_time_millis": 16.576,
  "99th_percentile_frame_rasterizer_time_millis": 16.983,
  "worst_frame_rasterizer_time_millis": 36.859,
  "missed_frame_rasterizer_budget_count": 22,
  "frame_count": 125,
  "frame_rasterizer_count": 126,
  "frame_build_times": [
    910,
    448,
    614,
    724,
    534,
    759,
    799,
    1119,
    991,
    276,
    314,
    353,
    449,
    532,
    405,
    583,
    424,
    415,
    457,
    452,
    416,
    433,
    7246,
    2053,
    1407,
    1159,
    1453,
    1362,
    1382,
    1429,
    1391,
    1360,
    1416,
    1433,
    1389,
    1407,
    1014,
    1054,
    949,
    927,
    1076,
    927,
    950,
    953,
    963,
    938,
    951,
    3979,
    5857,
    1114,
    435,
    557,
    346,
    434,
    425,
    979,
    998,
    1236,
    1542,
    1533,
    1578,
    1044,
    1013,
    1011,
    1060,
    1040,
    1004,
    1012,
    1218,
    1045,
    1007,
    1048,
    4526,
    5427,
    1295,
    957,
    1105,
    1421,
    1428,
    1202,
    1467,
    1397,
    1536,
    1505,
    1469,
    1632,
    1666,
    981,
    955,
    928,
    1001,
    1012,
    950,
    939,
    971,
    928,
    948,
    947,
    3330,
    5464,
    1812,
    1132,
    1613,
    1441,
    1494,
    1646,
    1457,
    1451,
    1587,
    1505,
    1095,
    1464,
    1524,
    1054,
    1116,
    1047,
    827,
    1062,
    1044,
    1052,
    1146,
    1030,
    1055,
    1133,
    5059
  ],
  "frame_rasterizer_times": [
    1056,
    16563,
    16315,
    16675,
    16497,
    16788,
    16377,
    16576,
    15962,
    16751,
    16469,
    16743,
    16927,
    16924,
    16333,
    16698,
    16983,
    16193,
    16629,
    16413,
    16912,
    16271,
    16638,
    1735,
    2830,
    2415,
    1935,
    3328,
    2271,
    2339,
    2329,
    2208,
    2243,
    2446,
    2271,
    2249,
    2175,
    2383,
    2284,
    2172,
    2183,
    1748,
    2162,
    2342,
    2229,
    2325,
    2240,
    2201,
    1775,
    1717,
    36859,
    750,
    518,
    495,
    651,
    714,
    1494,
    1579,
    1876,
    2107,
    2565,
    2535,
    2221,
    2318,
    3335,
    2428,
    2374,
    2336,
    2259,
    2567,
    2381,
    2266,
    2254,
    2168,
    1424,
    1825,
    1628,
    1802,
    3026,
    2532,
    2401,
    2286,
    2298,
    2534,
    2377,
    2272,
    2017,
    2698,
    2247,
    2246,
    2839,
    2861,
    2437,
    2288,
    2236,
    2378,
    2235,
    2448,
    2231,
    1374,
    1140,
    1709,
    1595,
    1910,
    2367,
    2194,
    2034,
    2025,
    2141,
    2271,
    1988,
    1515,
    2026,
    2057,
    1931,
    1964,
    1918,
    2046,
    1952,
    1861,
    2131,
    2027,
    1935,
    1972,
    2152,
    1861
  ],
  "frame_begin_times": [
    0,
    16687,
    33382,
    50090,
    66768,
    83430,
    100085,
    116824,
    133457,
    150505,
    166950,
    183683,
    200543,
    217619,
    233784,
    250496,
    267455,
    283942,
    300651,
    317121,
    334111,
    350543,
    416971,
    433805,
    450541,
    467056,
    483830,
    500491,
    517297,
    533785,
    550448,
    567127,
    583919,
    600497,
    617233,
    633866,
    650616,
    667066,
    683820,
    700490,
    717285,
    733789,
    750414,
    767062,
    783888,
    800477,
    817231,
    833765,
    866871,
    883600,
    900025,
    933417,
    950027,
    966743,
    983411,
    1000389,
    1016914,
    1033737,
    1050481,
    1067166,
    1083789,
    1100378,
    1117113,
    1133776,
    1150471,
    1167081,
    1183733,
    1200403,
    1217314,
    1233786,
    1250478,
    1267063,
    1284003,
    1316763,
    1333526,
    1350327,
    1366939,
    1383786,
    1400472,
    1417042,
    1433601,
    1450358,
    1467034,
    1483844,
    1500431,
    1517275,
    1534146,
    1550334,
    1567041,
    1583854,
    1600817,
    1617046,
    1633772,
    1650451,
    1667752,
    1683781,
    1700456,
    1717053,
    1733638,
    1767317,
    1783546,
    1800325,
    1817044,
    1833711,
    1850529,
    1867061,
    1883654,
    1900385,
    1917205,
    1933713,
    1950229,
    1966961,
    1984259,
    2000435,
    2017005,
    2033743,
    2050302,
    2067032,
    2083781,
    2100353,
    2117122,
    2133708,
    2150391,
    2167154,
    2183665
  ],
  "frame_rasterizer_begin_times": [
    0,
    4898,
    21554,
    37957,
    54859,
    71420,
    88258,
    104937,
    121998,
    138497,
    155282,
    171794,
    188588,
    205592,
    222588,
    239041,
    255786,
    272872,
    289147,
    305853,
    322352,
    339348,
    355704,
    427902,
    439816,
    455983,
    472160,
    489319,
    505885,
    522631,
    539269,
    555902,
    572552,
    589355,
    605963,
    622644,
    639342,
    655587,
    672161,
    688829,
    705454,
    722404,
    738665,
    755397,
    772031,
    788888,
    805451,
    822212,
    841752,
    876447,
    888658,
    925632,
    937970,
    954333,
    971226,
    987852,
    1005364,
    1021936,
    1038944,
    1056062,
    1072734,
    1089422,
    1105433,
    1122160,
    1138793,
    1155462,
    1172121,
    1188793,
    1205408,
    1222453,
    1238862,
    1255515,
    1272175,
    1292034,
    1326020,
    1338803,
    1355288,
    1372046,
    1389243,
    1405936,
    1422255,
    1438971,
    1455774,
    1472702,
    1489392,
    1505829,
    1522965,
    1539822,
    1555347,
    1572044,
    1588818,
    1605886,
    1622189,
    1638760,
    1655454,
    1672761,
    1688761,
    1705436,
    1722078,
    1740963,
    1776626,
    1789338,
    1805411,
    1822694,
    1839180,
    1856047,
    1872723,
    1889106,
    1905843,
    1922881,
    1939241,
    1955354,
    1972484,
    1989789,
    2005534,
    2022160,
    2038835,
    2055177,
    2072161,
    2088824,
    2105449,
    2122228,
    2138738,
    2155484,
    2172337,
    2192243
  ],
  "average_vsync_transitions_missed": 1.04,
  "90th_percentile_vsync_transitions_missed": 1.0,
  "99th_percentile_vsync_transitions_missed": 2.0
}