{
  "average_frame_build_time_millis": 1.3166201550387595,
  "90th_percentile_frame_build_time_millis": 1.573,
  "99th_percentile_frame_build_time_millis": 6.801,
  "worst_frame_build_time_millis": 8.774,
  "missed_frame_build_budget_count": 0,
  "average_frame_rasterizer_time_millis": 2.370728682170543,
  "90th_percentile_frame_rasterizer_time_millis": 2.45,
  "99th_percentile_frame_rasterizer_time_millis": 3.422,
  "worst_frame_rasterizer_time_millis": 38.425,
  "missed_frame_rasterizer_budget_count": 1,
  "frame_count": 129,
  "frame_rasterizer_count": 129,
  "frame_build_times": [
    268,
    301,
    343,
    296,
    331,
    464,
    454,
    438,
    447,
    361,
    459,
    6801,
    2046,
    1052,
    1462,
    1381,
    1375,
    1425,
    1465,
    1425,
    1354,
    1457,
    1360,
    1361,
    1390,
    953,
    933,
    935,
    942,
    943,
    936,
    921,
    950,
    964,
    931,
    920,
    3984,
    3263,
    413,
    160,
    242,
    137,
    195,
    181,
    393,
    375,
    443,
    482,
    610,
    626,
    3159,
    1421,
    1235,
    1288,
    1370,
    1344,
    1279,
    1242,
    1394,
    1281,
    1231,
    1211,
    1339,
    1264,
    899,
    943,
    928,
    893,
    880,
    908,
    962,
    911,
    897,
    945,
    958,
    3736,
    5957,
    1387,
    1383,
    1320,
    1197,
    1331,
    1284,
    1304,
    1380,
    1391,
    1296,
    1203,
    1385,
    1344,
    936,
    1079,
    942,
    937,
    911,
    948,
    954,
    915,
    868,
    963,
    913,
    4350,
    760,
    8774,
    2056,
    1209,
    1525,
    1367,
    1519,
    1573,
    1575,
    1499,
    1393,
    1765,
    1470,
    1455,
    1234,
    1098,
    1043,
    1095,
    1109,
    1097,
    1051,
    1039,
    1109,
    1100,
    1058,
    1024,
    5703
  ],
  "frame_rasterizer_times": [
    1076,
    1484,
    1347,
    1228,
    1458,
    2062,
    1792,
    1740,
    1779,
    1490,
    1988,
    1633,
    2506,
    2017,
    2553,
    3422,
    2182,
    2471,
    2259,
    2198,
    2246,
    1989,
    2231,
    2268,
    2171,
    2118,
    2190,
    2140,
    2168,
    2418,
    2244,
    2198,
    2396,
    2314,
    2540,
    2272,
    1944,
    1563,
    38425,
    632,
    1729,
    1313,
    1836,
    1858,
    2234,
    991,
    2361,
    1382,
    1659,
    1909,
    2126,
    2902,
    2467,
    2234,
    2419,
    2304,
    2387,
    2383,
    2182,
    2616,
    2391,
    2401,
    2452,
    2329,
    2373,
    2436,
    2389,
    2344,
    2154,
    2450,
    2384,
    2202,
    2222,
    2417,
    2298,
    1591,
    1595,
    1882,
    2377,
    2347,
    2992,
    2215,
    2172,
    2275,
    2274,
    2194,
    2167,
    1889,
    1980,
    2272,
    2186,
    2392,
    2238,
    2138,
    2114,
    1941,
    2142,
    2210,
    2188,
    2285,
    1829,
    1678,
    1577,
    1593,
    1871,
    1847,
    1972,
    2425,
    2050,
    2245,
    2061,
    1962,
    2201,
    1643,
    2009,
    2061,
    2084,
    1885,
    3023,
    1946,
    2003,
    2310,
    1968,
    1787,
    2587,
    2043,
    1891,
    1785,
    1746
  ],
  "frame_begin_times": [
    0,
    16705,
    33384,
    49980,
    66635,
    83608,
    100198,
    116776,
    133426,
    150447,
    166777,
    233205,
    250096,
    266683,
    283408,
    300143,
    316783,
    333535,
    350008,
    366807,
    383426,
    400294,
    416736,
    433414,
    450084,
    467122,
    483392,
    500072,
    516822,
    533448,
    550082,
    566742,
    583315,
    600146,
    616771,
    633403,
    650229,
    666730,
    683258,
    699721,
    733003,
    749632,
    766419,
    783059,
    800056,
    816538,
    833176,
    850015,
    866773,
    883430,
    900446,
    916637,
    933435,
    950118,
    966884,
    983444,
    1000057,
    1016782,
    1033609,
    1050077,
    1066689,
    1083397,
    1100276,
    1116742,
    1133415,
    1150080,
    1166611,
    1183354,
    1200028,
    1216843,
    1233385,
    1250102,
    1266692,
    1283503,
    1300063,
    1316693,
    1349918,
    1366585,
    1383377,
    1400087,
    1416615,
    1433408,
    1450024,
    1466747,
    1483409,
    1500138,
    1516834,
    1533286,
    1550082,
    1566732,
    1583435,
    1600205,
    1616681,
    1633341,
    1649973,
    1666851,
    1683387,
    1700088,
    1716700,
    1733391,
    1750017,
    1766708,
    1799806,
    1816637,
    1833208,
    1850101,
    1866781,
    1883415,
    1900120,
    1917227,
    1933374,
    1950093,
    1966696,
    1983786,
    1999951,
    2016720,
    2033355,
    2050069,
    2066643,
    2083404,
    2100084,
    2116722,
    2133352,
    2150014,
    2167192,
    2183373,
    2200052,
    2216734,
    2234085
  ],
  "frame_rasterizer_begin_times": [
    0,
    16751,
    33472,
    50014,
    66702,
    83854,
    100428,
    116991,
    133640,
    150546,
    166978,
    239526,
    251869,
    267473,
    284636,
    301320,
    317963,
    334750,
    351249,
    367889,
    384560,
    401515,
    417879,
    434541,
    451250,
    467853,
    484131,
    500783,
    517560,
    534162,
    550817,
    567429,
    584050,
    600918,
    617497,
    634109,
    653964,
    669823,
    683411,
    721970,
    733033,
    749508,
    766365,
    782968,
    800199,
    816644,
    833375,
    850237,
    867100,
    883821,
    903073,
    917839,
    934369,
    951180,
    967919,
    984588,
    1001050,
    1017727,
    1034667,
    1051059,
    1067623,
    1084342,
    1101391,
    1117699,
    1134094,
    1150804,
    1167319,
    1184014,
    1200690,
    1217537,
    1234211,
    1250807,
    1267358,
    1284192,
    1300776,
    1319871,
    1355358,
    1367711,
    1384500,
    1401189,
    1417556,
    1434518,
    1451003,
    1467778,
    1484472,
    1501259,
    1517932,
    1534161,
    1551250,
    1567841,
    1584148,
    1601044,
    1617400,
    1634005,
    1650648,
    1667580,
    1684078,
    1700779,
    1717361,
    1734030,
    1750713,
    1770818,
    1800233,
    1824895,
    1834970,
    1851057,
    1868092,
    1884547,
    1901428,
    1918681,
    1934696,
    1951349,
    1967868,
    1985350,
    2001092,
    2017937,
    2034292,
    2050955,
    2067458,
    2084274,
    2100958,
    2117568,
    2134170,
    2150840,
    2168327,
    2184306,
    2200786,
    2217537,
    2239079
  ],
  "average_vsync_transitions_missed": 1.5,
  "90th_percentile_vsync_transitions_missed": 2.0,
  "99th_percentile_vsync_transitions_missed": 2.0
}