{
  "average_frame_build_time_millis": 1.1593770491803277,
  "90th_percentile_frame_build_time_millis": 1.466,
  "99th_percentile_frame_build_time_millis": 6.673,
  "worst_frame_build_time_millis": 7.427,
  "missed_frame_build_budget_count": 0,
  "average_frame_rasterizer_time_millis": 2.094447154471545,
  "90th_percentile_frame_rasterizer_time_millis": 2.421,
  "99th_percentile_frame_rasterizer_time_millis": 3.658,
  "worst_frame_rasterizer_time_millis": 42.802,
  "missed_frame_rasterizer_budget_count": 1,
  "frame_count": 122,
  "frame_rasterizer_count": 123,
  "frame_build_times": [
    547,
    777,
    761,
    703,
    1041,
    120,
    301,
    296,
    335,
    440,
    442,
    444,
    440,
    437,
    418,
    439,
    436,
    355,
    7427,
    1558,
    1037,
    1429,
    1406,
    1396,
    1359,
    1303,
    1443,
    1386,
    1395,
    1338,
    1104,
    1385,
    899,
    939,
    1004,
    968,
    947,
    1119,
    1027,
    1019,
    949,
    1043,
    994,
    4223,
    5330,
    1254,
    746,
    555,
    301,
    427,
    499,
    879,
    922,
    934,
    1147,
    1621,
    1563,
    970,
    1031,
    1011,
    988,
    985,
    999,
    986,
    982,
    953,
    778,
    988,
    4394,
    6673,
    1972,
    1453,
    1464,
    1505,
    1435,
    1393,
    1416,
    1455,
    1441,
    1370,
    1352,
    1416,
    1466,
    985,
    769,
    957,
    982,
    928,
    963,
    986,
    992,
    966,
    1072,
    952,
    4406,
    734,
    4333,
    1071,
    583,
    588,
    460,
    576,
    594,
    566,
    493,
    556,
    530,
    568,
    823,
    494,
    722,
    541,
    618,
    539,
    556,
    480,
    577,
    451,
    672,
    449,
    565,
    1464
  ],
  "frame_rasterizer_times": [
    603,
    574,
    440,
    684,
    418,
    611,
    518,
    1411,
    1260,
    1381,
    1765,
    2062,
    1906,
    1766,
    1793,
    1572,
    1798,
    1744,
    1467,
    1797,
    2298,
    1827,
    2418,
    3658,
    2289,
    2213,
    2205,
    2202,
    2190,
    2250,
    2255,
    1781,
    2215,
    2190,
    2307,
    2470,
    2180,
    2143,
    2343,
    2273,
    2215,
    2239,
    2329,
    2225,
    1636,
    1727,
    42802,
    848,
    471,
    483,
    700,
    790,
    1452,
    1596,
    1540,
    2145,
    2444,
    2421,
    2370,
    2639,
    3304,
    2395,
    2295,
    3111,
    2062,
    2314,
    2329,
    1802,
    2232,
    2118,
    1589,
    1997,
    2421,
    2602,
    3047,
    2306,
    2223,
    2498,
    2257,
    2263,
    2214,
    2005,
    2274,
    2217,
    2181,
    1751,
    2208,
    2201,
    2449,
    2331,
    2205,
    2199,
    2440,
    2271,
    2242,
    1644,
    1648,
    1025,
    1346,
    1794,
    1033,
    1578,
    954,
    1181,
    915,
    948,
    851,
    1204,
    895,
    1025,
    965,
    1107,
    1000,
    968,
    956,
    1070,
    874,
    918,
    937,
    1003,
    1161,
    1064,
    851
  ],
  "frame_begin_times": [
    0,
    16707,
    33363,
    50009,
    66672,
    83375,
    100388,
    116943,
    133655,
    150384,
    167269,
    183752,
    200438,
    217109,
    234040,
    250426,
    267058,
    283635,
    350166,
    366997,
    383616,
    400521,
    417205,
    433772,
    450451,
    466957,
    483918,
    500430,
    517050,
    533725,
    550671,
    567095,
    583704,
    600552,
    617041,
    633697,
    650387,
    667069,
    683705,
    700389,
    717073,
    733808,
    750391,
    767020,
    800534,
    816924,
    833445,
    866680,
    883279,
    900018,
    916662,
    933599,
    950188,
    966861,
    983596,
    1000349,
    1017074,
    1033684,
    1050772,
    1067025,
    1083696,
    1100320,
    1117173,
    1133642,
    1150333,
    1166981,
    1183653,
    1200386,
    1217038,
    1250131,
    1267098,
    1283688,
    1300405,
    1317132,
    1333689,
    1350366,
    1367201,
    1383681,
    1400378,
    1417001,
    1433824,
    1450384,
    1467004,
    1483617,
    1500278,
    1517013,
    1533643,
    1550271,
    1566985,
    1583640,
    1600369,
    1617085,
    1633695,
    1650326,
    1667020,
    1700004,
    1716775,
    1733323,
    1750125,
    1766678,
    1783357,
    1800064,
    1816753,
    1833379,
    1850041,
    1866789,
    1883387,
    1900026,
    1916720,
    1933395,
    1950225,
    1966792,
    1983545,
    2000060,
    2016872,
    2033335,
    2050138,
    2066748,
    2083386,
    2100043,
    2116775,
    2133418
  ],
  "frame_rasterizer_begin_times": [
    0,
    16639,
    33561,
    50243,
    66834,
    83818,
    99618,
    116781,
    133343,
    150090,
    166959,
    183851,
    200324,
    217026,
    233680,
    250597,
    266997,
    283612,
    300107,
    373409,
    384661,
    400751,
    418090,
    434759,
    451276,
    467946,
    484298,
    501459,
    517999,
    534534,
    551225,
    567845,
    584597,
    600768,
    617543,
    634183,
    650737,
    667496,
    684274,
    700813,
    717512,
    734219,
    750973,
    767526,
    787344,
    821678,
    834329,
    877238,
    883333,
    899701,
    916572,
    933287,
    950568,
    967216,
    983883,
    1000856,
    1018022,
    1034818,
    1050785,
    1067959,
    1084262,
    1100809,
    1117411,
    1134341,
    1150767,
    1167428,
    1184093,
    1200526,
    1217463,
    1237013,
    1272688,
    1285168,
    1301245,
    1317959,
    1334747,
    1351211,
    1367880,
    1384766,
    1401184,
    1417957,
    1434465,
    1451297,
    1467961,
    1484563,
    1500743,
    1517166,
    1534119,
    1550707,
    1567338,
    1584073,
    1600722,
    1617482,
    1634207,
    1650946,
    1667412,
    1687519,
    1716757,
    1737024,
    1750487,
    1766861,
    1783336,
    1799963,
    1816786,
    1833498,
    1850088,
    1866691,
    1883508,
    1900124,
    1916746,
    1933594,
    1949958,
    1966957,
    1983507,
    2000261,
    2016668,
    2033518,
    2049885,
    2066818,
    2083350,
    2100165,
    2116646,
    2133435,
    2150869
  ],
  "average_vsync_transitions_missed": 1.5,
  "90th_percentile_vsync_transitions_missed": 2.0,
  "99th_percentile_vsync_transitions_missed": 2.0
}