{
  "average_frame_build_time_millis": 1.3669761904761897,
  "90th_percentile_frame_build_time_millis": 1.689,
  "99th_percentile_frame_build_time_millis": 6.978,
  "worst_frame_build_time_millis": 7.287,
  "missed_frame_build_budget_count": 0,
  "average_frame_rasterizer_time_millis": 4.906555555555557,
  "90th_percentile_frame_rasterizer_time_millis": 16.586,
  "99th_percentile_frame_rasterizer_time_millis": 17.937,
  "worst_frame_rasterizer_time_millis": 43.234,
  "missed_frame_rasterizer_budget_count": 20,
  "frame_count": 126,
  "frame_rasterizer_count": 126,
  "frame_build_times": [
    1395,
    910,
    439,
    590,
    554,
    676,
    802,
    774,
    880,
    923,
    269,
    272,
    334,
    414,
    454,
    429,
    470,
    436,
    456,
    506,
    447,
    435,
    450,
    7287,
    2072,
    1453,
    1520,
    1438,
    1432,
    1421,
    1161,
    1449,
    1364,
    1388,
    1145,
    1457,
    1455,
    970,
    1036,
    974,
    1055,
    1016,
    1013,
    954,
    977,
    1023,
    996,
    943,
    4113,
    6390,
    1689,
    788,
    511,
    308,
    421,
    1035,
    943,
    1170,
    2330,
    1660,
    1677,
    1792,
    1581,
    1073,
    1020,
    1102,
    1656,
    1043,
    1032,
    1108,
    1182,
    1142,
    754,
    4521,
    5738,
    1307,
    1097,
    1231,
    1449,
    1379,
    1513,
    1394,
    1386,
    1374,
    1621,
    1572,
    1393,
    1434,
    752,
    978,
    939,
    933,
    970,
    955,
    916,
    1020,
    994,
    987,
    4606,
    688,
    6978,
    2122,
    1158,
    1454,
    1422,
    1457,
    1391,
    1419,
    1487,
    1612,
    1536,
    1458,
    1457,
    1199,
    1094,
    1069,
    1099,
    1093,
    1117,
    1059,
    1039,
    812,
    1083,
    1075,
    1042,
    3526
  ],
  "frame_rasterizer_times": [
    1135,
    16492,
    1177,
    394,
    646,
    724,
    402,
    740,
    548,
    560,
    1412,
    1119,
    1411,
    1668,
    1740,
    1818,
    1865,
    1889,
    1930,
    1798,
    1738,
    1749,
    2014,
    1615,
    2549,
    2341,
    2672,
    3604,
    1898,
    2259,
    1952,
    2231,
    2225,
    2333,
    2227,
    2348,
    2198,
    2199,
    2263,
    2176,
    2271,
    2405,
    2274,
    2200,
    2153,
    2395,
    2239,
    2181,
    1640,
    1750,
    43234,
    761,
    16596,
    16727,
    17233,
    16248,
    16837,
    17432,
    15611,
    16271,
    16427,
    17059,
    15958,
    16213,
    17232,
    17937,
    14468,
    16586,
    16590,
    16668,
    16520,
    16675,
    16539,
    13959,
    1413,
    1618,
    2094,
    1881,
    3123,
    2338,
    2508,
    2468,
    2316,
    2448,
    1833,
    2255,
    2355,
    2400,
    1646,
    2942,
    2350,
    2433,
    2309,
    2371,
    2249,
    2596,
    2272,
    2328,
    1559,
    1258,
    1296,
    1568,
    1606,
    2052,
    2304,
    1982,
    2112,
    2004,
    2058,
    2187,
    2118,
    1992,
    1578,
    2133,
    2012,
    1949,
    1964,
    1956,
    1908,
    1964,
    1962,
    1556,
    1898,
    1917,
    1925,
    1514
  ],
  "frame_begin_times": [
    0,
    49781,
    66444,
    83162,
    99888,
    116531,
    133198,
    149848,
    166492,
    183219,
    200304,
    216747,
    233435,
    250300,
    267630,
    283600,
    300379,
    316985,
    333581,
    350201,
    366872,
    383569,
    400354,
    466640,
    483551,
    500216,
    517134,
    533464,
    550183,
    566949,
    583731,
    600240,
    616856,
    633514,
    650147,
    666838,
    683601,
    700184,
    716948,
    733582,
    750194,
    767047,
    783676,
    800208,
    816933,
    833684,
    850274,
    866836,
    883558,
    916740,
    933522,
    949960,
    983116,
    999861,
    1016482,
    1033549,
    1050005,
    1066721,
    1083817,
    1100261,
    1116782,
    1133508,
    1150643,
    1166959,
    1183490,
    1200296,
    1217293,
    1233448,
    1250148,
    1266858,
    1283684,
    1300236,
    1316741,
    1333475,
    1366640,
    1383356,
    1400182,
    1416808,
    1433510,
    1450147,
    1467261,
    1483534,
    1500139,
    1516900,
    1533920,
    1550184,
    1566883,
    1583420,
    1600051,
    1616872,
    1633528,
    1650185,
    1667072,
    1683494,
    1700145,
    1717125,
    1733514,
    1750159,
    1766818,
    1800305,
    1816713,
    1833347,
    1850155,
    1866755,
    1883468,
    1900124,
    1916735,
    1933383,
    1950104,
    1966806,
    1983504,
    2000143,
    2016986,
    2033582,
    2050111,
    2066789,
    2083441,
    2100366,
    2116875,
    2133507,
    2150100,
    2167211,
    2183455,
    2200161,
    2216814,
    2233370
  ],
  "frame_rasterizer_begin_times": [
    0,
    3206,
    19747,
    36348,
    53025,
    69765,
    86614,
    103151,
    119986,
    136681,
    153119,
    169566,
    186323,
    203301,
    220624,
    236573,
    253403,
    270017,
    286625,
    303269,
    319915,
    336582,
    353376,
    426257,
    438216,
    454290,
    471288,
    487448,
    504211,
    520977,
    537449,
    554298,
    570813,
    587453,
    603799,
    620866,
    637625,
    653749,
    670577,
    687149,
    703795,
    720684,
    737250,
    753781,
    770500,
    787304,
    803842,
    820358,
    840225,
    875414,
    887849,
    931200,
    936178,
    952856,
    969680,
    987140,
    1003439,
    1020451,
    1038534,
    1054486,
    1071016,
    1087959,
    1105080,
    1121120,
    1137428,
    1154737,
    1172819,
    1187397,
    1204062,
    1220724,
    1237495,
    1254091,
    1270822,
    1290139,
    1324736,
    1337219,
    1353883,
    1370581,
    1387468,
    1404126,
    1421333,
    1437528,
    1454040,
    1470877,
    1488114,
    1504132,
    1520834,
    1537341,
    1553355,
    1570446,
    1587064,
    1603713,
    1620649,
    1637030,
    1653601,
    1670781,
    1687130,
    1703747,
    1723985,
    1753554,
    1776054,
    1788007,
    1803873,
    1820803,
    1837454,
    1854173,
    1870725,
    1887309,
    1904133,
    1920989,
    1937577,
    1954214,
    1971057,
    1987295,
    2003770,
    2020472,
    2037085,
    2054032,
    2070601,
    2087152,
    2103722,
    2120593,
    2137135,
    2153809,
    2170415,
    2189171
  ],
  "average_vsync_transitions_missed": 1.1111111111111112,
  "90th_percentile_vsync_transitions_missed": 1.0,
  "99th_percentile_vsync_transitions_missed": 3.0
}