{
  "average_frame_build_time_millis": 1.3368333333333338,
  "90th_percentile_frame_build_time_millis": 1.559,
  "99th_percentile_frame_build_time_millis": 7.083,
  "worst_frame_build_time_millis": 8.6,
  "missed_frame_build_budget_count": 0,
  "average_frame_rasterizer_time_millis": 2.3445079365079367,
  "90th_percentile_frame_rasterizer_time_millis": 2.456,
  "99th_percentile_frame_rasterizer_time_millis": 15.877,
  "worst_frame_rasterizer_time_millis": 40.702,
  "missed_frame_rasterizer_budget_count": 1,
  "frame_count": 126,
  "frame_rasterizer_count": 126,
  "frame_build_times": [
    1408,
    477,
    526,
    613,
    516,
    736,
    720,
    793,
    932,
    317,
    326,
    310,
    289,
    357,
    446,
    462,
    436,
    443,
    341,
    433,
    425,
    447,
    6353,
    1587,
    1448,
    1454,
    1461,
    1460,
    1406,
    1374,
    1441,
    1369,
    1385,
    1371,
    1077,
    1466,
    936,
    938,
    983,
    928,
    944,
    951,
    980,
    945,
    967,
    980,
    981,
    3709,
    5728,
    1399,
    754,
    528,
    290,
    476,
    420,
    997,
    1031,
    1071,
    1294,
    1188,
    1583,
    1045,
    1054,
    1142,
    1015,
    1068,
    1089,
    1116,
    1037,
    1128,
    829,
    1059,
    4357,
    7083,
    1271,
    1049,
    1208,
    1586,
    1448,
    1436,
    1473,
    1507,
    1419,
    1444,
    1325,
    1450,
    1430,
    1020,
    995,
    951,
    954,
    944,
    1002,
    955,
    988,
    996,
    973,
    940,
    4291,
    901,
    8600,
    2132,
    1102,
    1458,
    1441,
    1478,
    1483,
    1449,
    1453,
    1559,
    1503,
    1441,
    1497,
    1078,
    1086,
    1072,
    1185,
    857,
    1077,
    828,
    1061,
    1155,
    1055,
    1062,
    1107,
    4838
  ],
  "frame_rasterizer_times": [
    15877,
    1156,
    420,
    612,
    576,
    415,
    681,
    410,
    562,
    1224,
    1279,
    1205,
    1270,
    1382,
    2034,
    1775,
    1782,
    1677,
    1586,
    1737,
    1749,
    1868,
    1879,
    2217,
    2143,
    2471,
    3717,
    2240,
    2283,
    2274,
    2554,
    2287,
    2238,
    2234,
    1771,
    2502,
    2177,
    2351,
    2380,
    2215,
    2148,
    2445,
    2235,
    2232,
    2279,
    2415,
    2282,
    1308,
    1710,
    40702,
    717,
    475,
    471,
    916,
    662,
    1550,
    1633,
    1643,
    2160,
    1948,
    2445,
    2502,
    2730,
    3497,
    2472,
    2397,
    2040,
    2330,
    2297,
    2316,
    1915,
    2318,
    2112,
    1556,
    1776,
    1726,
    2104,
    2947,
    2208,
    2236,
    2496,
    2330,
    2301,
    2265,
    2100,
    2256,
    2283,
    2169,
    2305,
    2232,
    2262,
    2354,
    2337,
    2163,
    2247,
    2397,
    2326,
    2185,
    1721,
    1351,
    1370,
    1746,
    1643,
    2091,
    2374,
    2042,
    1550,
    1999,
    2007,
    2167,
    2064,
    2070,
    1917,
    2149,
    2006,
    1980,
    2047,
    2456,
    1991,
    1571,
    1907,
    1538,
    1926,
    1986,
    1906,
    1760
  ],
  "frame_begin_times": [
    0,
    16549,
    33275,
    49945,
    66592,
    83248,
    99915,
    116613,
    133314,
    150250,
    166910,
    183586,
    200140,
    216832,
    233869,
    250310,
    267011,
    283650,
    300289,
    316976,
    333665,
    350339,
    416685,
    433601,
    450281,
    467103,
    483766,
    500319,
    517063,
    533644,
    550461,
    567165,
    583659,
    600344,
    616971,
    633664,
    650321,
    667047,
    683643,
    700327,
    717023,
    733749,
    750325,
    767032,
    783603,
    800446,
    817021,
    833624,
    866850,
    883517,
    900020,
    933212,
    949859,
    966574,
    983253,
    1000293,
    1016764,
    1033429,
    1050459,
    1066934,
    1083745,
    1100287,
    1117581,
    1133780,
    1150256,
    1166932,
    1184051,
    1200325,
    1216948,
    1233594,
    1250208,
    1266843,
    1283638,
    1316819,
    1333320,
    1350055,
    1366867,
    1383626,
    1400346,
    1416912,
    1433829,
    1450241,
    1466922,
    1483611,
    1500603,
    1516973,
    1533544,
    1550243,
    1566912,
    1583613,
    1600241,
    1616927,
    1633592,
    1650200,
    1666900,
    1683594,
    1700252,
    1716936,
    1733662,
    1766735,
    1783525,
    1800072,
    1816825,
    1833566,
    1850128,
    1866868,
    1883772,
    1900239,
    1916914,
    1933554,
    1950246,
    1966874,
    1983524,
    2000349,
    2016899,
    2033527,
    2050208,
    2066916,
    2083459,
    2100119,
    2116887,
    2133975,
    2150194,
    2167004,
    2183499,
    2200297
  ],
  "frame_rasterizer_begin_times": [
    0,
    15934,
    32395,
    49144,
    65709,
    82594,
    99305,
    115981,
    132865,
    149156,
    165836,
    182479,
    199025,
    215795,
    232941,
    249393,
    266078,
    282737,
    299230,
    316061,
    332737,
    349391,
    421297,
    433770,
    450350,
    467182,
    483853,
    500358,
    517099,
    533631,
    550527,
    567063,
    583646,
    600333,
    616612,
    633753,
    649892,
    666635,
    683217,
    699904,
    716609,
    733341,
    749940,
    766628,
    783178,
    800077,
    816638,
    835919,
    870918,
    883565,
    924406,
    932284,
    948802,
    965696,
    982330,
    999881,
    1016386,
    1033180,
    1050227,
    1066693,
    1083922,
    1099906,
    1117290,
    1133586,
    1149923,
    1166597,
    1183733,
    1200038,
    1216595,
    1233353,
    1249621,
    1266495,
    1286093,
    1322227,
    1333173,
    1349711,
    1366635,
    1383839,
    1400387,
    1416992,
    1433932,
    1450282,
    1466992,
    1483675,
    1500444,
    1517048,
    1533604,
    1549743,
    1566547,
    1583198,
    1599807,
    1616478,
    1633217,
    1649774,
    1666439,
    1683215,
    1699844,
    1716462,
    1736559,
    1766208,
    1790535,
    1800767,
    1816533,
    1833637,
    1850171,
    1866996,
    1883799,
    1900313,
    1917004,
    1933690,
    1950402,
    1966906,
    1983661,
    2000091,
    2016603,
    2033189,
    2049994,
    2066381,
    2083174,
    2099532,
    2116570,
    2133711,
    2149886,
    2166707,
    2183243,
    2203262
  ],
  "average_vsync_transitions_missed": 1.75,
  "90th_percentile_vsync_transitions_missed": 3.0,
  "99th_percentile_vsync_transitions_missed": 3.0
}