{
  "average_frame_build_time_millis": 1.2769761904761905,
  "90th_percentile_frame_build_time_millis": 1.663,
  "99th_percentile_frame_build_time_millis": 6.028,
  "worst_frame_build_time_millis": 6.181,
  "missed_frame_build_budget_count": 0,
  "average_frame_rasterizer_time_millis": 5.004198412698414,
  "90th_percentile_frame_rasterizer_time_millis": 16.529,
  "99th_percentile_frame_rasterizer_time_millis": 17.82,
  "worst_frame_rasterizer_time_millis": 43.814,
  "missed_frame_rasterizer_budget_count": 22,
  "frame_count": 126,
  "frame_rasterizer_count": 126,
  "frame_build_times": [
    460,
    589,
    733,
    786,
    727,
    721,
    1067,
    1021,
    284,
    326,
    323,
    468,
    566,
    493,
    451,
    431,
    493,
    472,
    487,
    338,
    467,
    2069,
    508,
    379,
    421,
    1138,
    916,
    994,
    999,
    1140,
    1514,
    1457,
    1586,
    1457,
    1496,
    1406,
    1043,
    981,
    1070,
    1055,
    1107,
    1014,
    1040,
    1628,
    856,
    1014,
    4205,
    5610,
    1676,
    852,
    504,
    321,
    396,
    392,
    1201,
    1036,
    1844,
    1746,
    1518,
    1606,
    1663,
    1005,
    980,
    1226,
    1033,
    996,
    1212,
    963,
    1092,
    1115,
    995,
    5034,
    6181,
    1548,
    1653,
    1494,
    1383,
    1485,
    1497,
    1362,
    1389,
    1490,
    1125,
    1450,
    1444,
    1398,
    1043,
    1393,
    767,
    1120,
    971,
    967,
    1006,
    1089,
    966,
    996,
    991,
    3332,
    737,
    574,
    6028,
    1722,
    1085,
    1504,
    1479,
    1483,
    1493,
    1557,
    1472,
    1438,
    1430,
    1541,
    1085,
    1042,
    1045,
    834,
    1046,
    1029,
    1080,
    1064,
    1049,
    1031,
    1066,
    1092,
    1093,
    4048
  ],
  "frame_rasterizer_times": [
    16444,
    16521,
    664,
    758,
    452,
    701,
    623,
    596,
    1088,
    1359,
    1208,
    1763,
    1792,
    1875,
    1832,
    1836,
    1745,
    1867,
    2141,
    1435,
    2027,
    856,
    1017,
    665,
    644,
    1449,
    1901,
    1505,
    1427,
    1711,
    1829,
    2906,
    2301,
    2403,
    2356,
    2704,
    2437,
    2354,
    2402,
    2804,
    1819,
    2253,
    2515,
    2075,
    1728,
    2933,
    1528,
    1638,
    43814,
    766,
    16536,
    16630,
    16688,
    17363,
    16182,
    17820,
    16078,
    16395,
    16486,
    17150,
    15824,
    16529,
    17732,
    15664,
    16253,
    16709,
    16471,
    16979,
    16213,
    16601,
    17110,
    13068,
    1516,
    1944,
    2527,
    2562,
    2779,
    2329,
    1836,
    2293,
    2288,
    2428,
    2423,
    2883,
    2331,
    2462,
    2272,
    2727,
    1755,
    2479,
    3130,
    2327,
    2238,
    2325,
    2241,
    2335,
    2360,
    1292,
    1220,
    1128,
    1243,
    1546,
    1556,
    2153,
    2483,
    2054,
    1992,
    2299,
    2069,
    2029,
    2079,
    1904,
    2010,
    1938,
    1948,
    1532,
    1938,
    1904,
    1950,
    2146,
    1903,
    1956,
    2117,
    2101,
    1922,
    1379
  ],
  "frame_begin_times": [
    0,
    16673,
    33324,
    49963,
    66701,
    83311,
    100008,
    116684,
    133565,
    150290,
    166960,
    183659,
    200390,
    217193,
    233892,
    250437,
    267114,
    283818,
    300456,
    317000,
    333852,
    427055,
    443703,
    460412,
    466585,
    483605,
    500223,
    516828,
    533436,
    550234,
    566878,
    583719,
    600470,
    617035,
    633711,
    650773,
    667147,
    683730,
    700386,
    717530,
    734150,
    750353,
    767023,
    784083,
    800312,
    817042,
    833685,
    866988,
    883647,
    900113,
    933361,
    949895,
    966584,
    983323,
    1000277,
    1016787,
    1033862,
    1050264,
    1066985,
    1083650,
    1100739,
    1116938,
    1133641,
    1150313,
    1167035,
    1183613,
    1200311,
    1216934,
    1233677,
    1250265,
    1266954,
    1283954,
    1316925,
    1333498,
    1350789,
    1367163,
    1383667,
    1400334,
    1417325,
    1433623,
    1450326,
    1467012,
    1483580,
    1500332,
    1516971,
    1533666,
    1550399,
    1567207,
    1583476,
    1600601,
    1617099,
    1633734,
    1650344,
    1667459,
    1683710,
    1700185,
    1717243,
    1734202,
    1766982,
    1783615,
    1800198,
    1816760,
    1833499,
    1850312,
    1867154,
    1883668,
    1900283,
    1916965,
    1933643,
    1950378,
    1966967,
    1983809,
    2000238,
    2016980,
    2033521,
    2050812,
    2067015,
    2083665,
    2100423,
    2117049,
    2133639,
    2150377,
    2166932,
    2183663,
    2200404,
    2217043
  ],
  "frame_rasterizer_begin_times": [
    0,
    16499,
    33352,
    50007,
    66675,
    83343,
    100319,
    116930,
    133079,
    149873,
    166520,
    183392,
    200201,
    216967,
    233584,
    250165,
    266884,
    283574,
    300173,
    316609,
    333584,
    428250,
    443472,
    460100,
    466288,
    483943,
    500414,
    517079,
    533682,
    550656,
    567673,
    584459,
    601335,
    617771,
    634487,
    651068,
    667488,
    683992,
    700745,
    717874,
    734462,
    750663,
    767249,
    784917,
    800434,
    817250,
    837137,
    871609,
    884621,
    928550,
    933116,
    949747,
    966438,
    983204,
    1000783,
    1017015,
    1034913,
    1051294,
    1067813,
    1084493,
    1101716,
    1117639,
    1134258,
    1152085,
    1167824,
    1184139,
    1200936,
    1217469,
    1234564,
    1250840,
    1267499,
    1287786,
    1322166,
    1334219,
    1351747,
    1367938,
    1384331,
    1401109,
    1418020,
    1434267,
    1450996,
    1467779,
    1484007,
    1501062,
    1517608,
    1534344,
    1550725,
    1567727,
    1583506,
    1601006,
    1617352,
    1633982,
    1650631,
    1667856,
    1683951,
    1700449,
    1717516,
    1736781,
    1766984,
    1783438,
    1805299,
    1817698,
    1833805,
    1851101,
    1867929,
    1884401,
    1901060,
    1917661,
    1934380,
    1951082,
    1967697,
    1984642,
    2000606,
    2017245,
    2033830,
    2050914,
    2067341,
    2083990,
    2100787,
    2117395,
    2133997,
    2150727,
    2167223,
    2184033,
    2200773,
    2219968
  ],
  "average_vsync_transitions_missed": 1.037037037037037,
  "90th_percentile_vsync_transitions_missed": 1.0,
  "99th_percentile_vsync_transitions_missed": 2.0
}