{
  "average_frame_build_time_millis": 1.2811953125,
  "90th_percentile_frame_build_time_millis": 1.526,
  "99th_percentile_frame_build_time_millis": 6.956,
  "worst_frame_build_time_millis": 7.322,
  "missed_frame_build_budget_count": 0,
  "average_frame_rasterizer_time_millis": 2.3969609375000003,
  "90th_percentile_frame_rasterizer_time_millis": 2.428,
  "99th_percentile_frame_rasterizer_time_millis": 3.493,
  "worst_frame_rasterizer_time_millis": 44.587,
  "missed_frame_rasterizer_budget_count": 1,
  "frame_count": 128,
  "frame_rasterizer_count": 128,
  "frame_build_times": [
    297,
    328,
    422,
    474,
    436,
    452,
    438,
    437,
    437,
    446,
    6956,
    1917,
    1369,
    1443,
    1315,
    1331,
    1195,
    1310,
    1322,
    970,
    1330,
    1246,
    1272,
    1353,
    948,
    909,
    873,
    981,
    964,
    873,
    868,
    964,
    920,
    871,
    885,
    3618,
    3094,
    633,
    321,
    202,
    157,
    193,
    149,
    334,
    413,
    470,
    485,
    611,
    625,
    3890,
    1526,
    1244,
    1295,
    1298,
    1271,
    1267,
    921,
    1298,
    1234,
    1239,
    1205,
    1310,
    1313,
    886,
    915,
    952,
    899,
    883,
    1047,
    961,
    892,
    890,
    952,
    931,
    4086,
    5839,
    1978,
    1313,
    1343,
    1390,
    945,
    1289,
    1379,
    1389,
    1303,
    1326,
    1449,
    1368,
    1459,
    877,
    830,
    935,
    886,
    665,
    996,
    898,
    897,
    945,
    956,
    919,
    4352,
    642,
    7322,
    2175,
    1589,
    1077,
    1401,
    1426,
    1159,
    1443,
    1425,
    1440,
    1435,
    1413,
    1459,
    1127,
    1113,
    1105,
    687,
    837,
    1148,
    1043,
    1040,
    1115,
    1068,
    1061,
    1081,
    3774
  ],
  "frame_rasterizer_times": [
    1339,
    1388,
    1715,
    1790,
    1886,
    1970,
    1826,
    1769,
    1928,
    2040,
    1618,
    2443,
    2271,
    2473,
    3493,
    2403,
    1986,
    2262,
    2192,
    1663,
    2312,
    2243,
    2288,
    2239,
    2402,
    2145,
    2264,
    2403,
    2349,
    2295,
    2379,
    2387,
    2256,
    2273,
    2264,
    1710,
    1283,
    44587,
    519,
    1677,
    1334,
    1886,
    1845,
    1841,
    1121,
    2295,
    1337,
    1690,
    1676,
    2092,
    3446,
    3159,
    2211,
    1756,
    2293,
    2395,
    1774,
    2532,
    2386,
    2361,
    2571,
    2797,
    2428,
    2316,
    2529,
    2377,
    2309,
    2275,
    2435,
    2294,
    2257,
    2239,
    1809,
    2294,
    2068,
    1600,
    1941,
    2320,
    2499,
    2996,
    1691,
    2156,
    2399,
    2294,
    2199,
    2163,
    2136,
    2225,
    2310,
    2169,
    1726,
    2134,
    2184,
    1636,
    2248,
    2185,
    2200,
    2331,
    2361,
    2182,
    1628,
    1332,
    1269,
    1752,
    1664,
    1544,
    2404,
    2027,
    1582,
    2004,
    1973,
    1948,
    2074,
    1963,
    1908,
    2076,
    2020,
    1973,
    1292,
    1788,
    1731,
    1895,
    1985,
    2324,
    1916,
    1930,
    1883,
    1483
  ],
  "frame_begin_times": [
    0,
    16591,
    33382,
    49990,
    66795,
    83581,
    100074,
    116759,
    133389,
    150059,
    216461,
    233409,
    250342,
    266838,
    283351,
    300060,
    317027,
    333354,
    350061,
    366572,
    383468,
    400011,
    416822,
    433399,
    450102,
    466710,
    483429,
    500088,
    516731,
    533402,
    550005,
    566790,
    583360,
    600040,
    616683,
    633485,
    649841,
    666851,
    683099,
    716247,
    732919,
    749657,
    766287,
    783197,
    799867,
    816776,
    833240,
    850045,
    866704,
    883870,
    900049,
    916687,
    933380,
    950268,
    966622,
    983494,
    999923,
    1016754,
    1033349,
    1050016,
    1066624,
    1083370,
    1100008,
    1116713,
    1133552,
    1150020,
    1166720,
    1183414,
    1200291,
    1216651,
    1233405,
    1249976,
    1266950,
    1283348,
    1299997,
    1333185,
    1349967,
    1366724,
    1383293,
    1400068,
    1416501,
    1433328,
    1450059,
    1466613,
    1483370,
    1500012,
    1516862,
    1533358,
    1549995,
    1566653,
    1583340,
    1600034,
    1616648,
    1633161,
    1649950,
    1666653,
    1683313,
    1700038,
    1716659,
    1733289,
    1749997,
    1782952,
    1800007,
    1816501,
    1833286,
    1849809,
    1866460,
    1883243,
    1900167,
    1916615,
    1933303,
    1949968,
    1966502,
    1983268,
    1999892,
    2016615,
    2033254,
    2050004,
    2066434,
    2083291,
    2099959,
    2116581,
    2133303,
    2150162,
    2166576,
    2183309,
    2199948,
    2216846
  ],
  "frame_rasterizer_begin_times": [
    0,
    16641,
    33575,
    50124,
    66971,
    83724,
    100253,
    116944,
    133562,
    150212,
    222846,
    235071,
    251457,
    267996,
    284354,
    301052,
    317953,
    334403,
    351126,
    367176,
    384547,
    400918,
    417835,
    434389,
    450791,
    467349,
    484032,
    500729,
    517434,
    534010,
    550587,
    567513,
    584023,
    600651,
    617325,
    636741,
    652643,
    667247,
    711900,
    716163,
    732731,
    749529,
    766229,
    783233,
    800047,
    816920,
    833427,
    850417,
    867055,
    887051,
    901297,
    917669,
    934439,
    951205,
    967659,
    984495,
    1000542,
    1017694,
    1034240,
    1050943,
    1067533,
    1084409,
    1101124,
    1117339,
    1134208,
    1150715,
    1167361,
    1183951,
    1201160,
    1217368,
    1234055,
    1250636,
    1267627,
    1283988,
    1303351,
    1338559,
    1351653,
    1367741,
    1384347,
    1401201,
    1417144,
    1434350,
    1451098,
    1467738,
    1484328,
    1501077,
    1518030,
    1534381,
    1551143,
    1567268,
    1583870,
    1600701,
    1617264,
    1633526,
    1650580,
    1667316,
    1683978,
    1700726,
    1717356,
    1733940,
    1754048,
    1783260,
    1806816,
    1818315,
    1834596,
    1850601,
    1867610,
    1884443,
    1900978,
    1917799,
    1934498,
    1951149,
    1967695,
    1984344,
    2001092,
    2017465,
    2034094,
    2050823,
    2066819,
    2083855,
    2100800,
    2117327,
    2134081,
    2150987,
    2167340,
    2184080,
    2200754,
    2219923
  ],
  "average_vsync_transitions_missed": 1.5,
  "90th_percentile_vsync_transitions_missed": 2.0,
  "99th_percentile_vsync_transitions_missed": 2.0
}