{
  "average_frame_build_time_millis": 1.3377063492063492,
  "90th_percentile_frame_build_time_millis": 1.618,
  "99th_percentile_frame_build_time_millis": 6.629,
  "worst_frame_build_time_millis": 7.372,
  "missed_frame_build_budget_count": 0,
  "average_frame_rasterizer_time_millis": 4.923448818897638,
  "90th_percentile_frame_rasterizer_time_millis": 16.598,
  "99th_percentile_frame_rasterizer_time_millis": 17.479,
  "worst_frame_rasterizer_time_millis": 40.129,
  "missed_frame_rasterizer_budget_count": 21,
  "frame_count": 126,
  "frame_rasterizer_count": 127,
  "frame_build_times": [
    626,
    750,
    659,
    739,
    564,
    843,
    844,
    1094,
    1059,
    299,
    282,
    385,
    475,
    490,
    422,
    352,
    475,
    435,
    551,
    421,
    499,
    482,
    7372,
    1566,
    1067,
    1448,
    1481,
    1500,
    1435,
    1448,
    1575,
    1392,
    1420,
    1362,
    1624,
    1450,
    925,
    953,
    966,
    957,
    953,
    937,
    961,
    934,
    931,
    984,
    976,
    4083,
    6629,
    1282,
    714,
    536,
    303,
    445,
    425,
    943,
    1028,
    1139,
    1637,
    1591,
    1595,
    972,
    1523,
    1011,
    979,
    984,
    1022,
    1297,
    986,
    977,
    923,
    964,
    4732,
    4725,
    1499,
    1020,
    1629,
    1544,
    1403,
    1377,
    1618,
    1469,
    1408,
    1487,
    1472,
    1082,
    1415,
    955,
    782,
    955,
    960,
    947,
    981,
    951,
    937,
    967,
    979,
    964,
    3299,
    719,
    6420,
    1853,
    1092,
    1493,
    1525,
    1477,
    1489,
    1095,
    1459,
    1505,
    1478,
    1547,
    1517,
    1217,
    1208,
    1148,
    1218,
    1116,
    1198,
    1162,
    1098,
    1070,
    1157,
    1156,
    1116,
    5110
  ],
  "frame_rasterizer_times": [
    711,
    17376,
    15852,
    16689,
    16699,
    16476,
    16265,
    16750,
    16136,
    16533,
    17479,
    16102,
    16711,
    16623,
    16967,
    15870,
    16824,
    16598,
    17133,
    16151,
    16671,
    16459,
    16746,
    2033,
    2615,
    1907,
    2392,
    3838,
    2321,
    2315,
    2188,
    2564,
    2321,
    2250,
    2288,
    2328,
    2217,
    2293,
    2102,
    2339,
    2211,
    2219,
    2576,
    2390,
    2239,
    2266,
    2481,
    2221,
    1699,
    1794,
    40129,
    762,
    474,
    463,
    678,
    657,
    1588,
    1690,
    1916,
    2994,
    2563,
    2634,
    2486,
    2791,
    4066,
    2327,
    2505,
    2370,
    2477,
    2458,
    2123,
    1938,
    2376,
    2170,
    1362,
    1891,
    2310,
    2596,
    3028,
    2316,
    2298,
    2529,
    2378,
    2300,
    2234,
    2397,
    1825,
    2318,
    2266,
    1806,
    2221,
    2440,
    2179,
    2237,
    2256,
    2226,
    2374,
    2363,
    2260,
    1338,
    1384,
    1209,
    1749,
    1562,
    2483,
    2383,
    2068,
    2117,
    1691,
    2103,
    2028,
    2092,
    2167,
    1992,
    2008,
    2197,
    2024,
    1966,
    1900,
    2108,
    1993,
    2033,
    1940,
    1761,
    1918,
    1988,
    1803
  ],
  "frame_begin_times": [
    0,
    16714,
    33359,
    50032,
    66774,
    83352,
    100029,
    116769,
    133433,
    150334,
    167158,
    183689,
    200445,
    217091,
    234090,
    250357,
    267055,
    283840,
    300847,
    317164,
    333833,
    350470,
    416814,
    433731,
    450372,
    467078,
    483821,
    500458,
    517064,
    533615,
    550861,
    567106,
    583720,
    600550,
    617179,
    633745,
    650348,
    667083,
    683745,
    700479,
    717056,
    733759,
    750402,
    767094,
    783762,
    800521,
    817100,
    833724,
    867205,
    883649,
    900127,
    933405,
    950037,
    966685,
    983345,
    1000332,
    1016960,
    1033594,
    1050461,
    1067226,
    1083694,
    1100622,
    1117542,
    1133743,
    1150408,
    1167093,
    1184207,
    1200383,
    1217067,
    1233698,
    1250998,
    1267041,
    1283825,
    1316844,
    1333604,
    1350247,
    1367008,
    1383798,
    1400417,
    1417042,
    1433735,
    1450425,
    1467035,
    1483655,
    1500522,
    1516975,
    1533761,
    1550310,
    1567186,
    1583690,
    1600378,
    1617069,
    1633749,
    1650337,
    1666991,
    1683750,
    1700459,
    1717003,
    1733601,
    1750478,
    1766829,
    1783535,
    1800233,
    1817202,
    1833741,
    1850331,
    1867034,
    1884005,
    1900268,
    1917010,
    1933670,
    1950350,
    1967002,
    1983716,
    2000389,
    2017067,
    2033676,
    2050369,
    2067153,
    2083711,
    2100309,
    2116980,
    2133963,
    2150328,
    2167022,
    2183610
  ],
  "frame_rasterizer_begin_times": [
    0,
    4043,
    21485,
    37411,
    54170,
    70935,
    87677,
    104355,
    121342,
    137974,
    154535,
    172072,
    188234,
    205042,
    221756,
    238853,
    254761,
    271658,
    288325,
    305514,
    321786,
    338532,
    355088,
    427125,
    438750,
    454868,
    471992,
    488691,
    505421,
    521980,
    538484,
    555910,
    571969,
    588602,
    605396,
    622217,
    638626,
    654752,
    671422,
    688186,
    704860,
    721490,
    738162,
    754829,
    771515,
    788156,
    804975,
    821563,
    841232,
    876977,
    888422,
    928704,
    937427,
    953822,
    970632,
    987165,
    1004713,
    1021358,
    1038164,
    1055514,
    1072275,
    1088875,
    1105087,
    1122397,
    1138210,
    1154856,
    1171543,
    1188729,
    1205140,
    1221487,
    1238151,
    1255421,
    1271497,
    1291538,
    1324852,
    1338554,
    1354718,
    1372015,
    1388809,
    1405288,
    1421886,
    1438797,
    1455327,
    1471926,
    1488609,
    1505473,
    1521477,
    1538614,
    1554732,
    1571411,
    1588096,
    1604788,
    1621515,
    1638213,
    1654733,
    1671379,
    1688211,
    1704877,
    1721436,
    1740326,
    1754657,
    1776398,
    1788796,
    1804763,
    1822076,
    1838734,
    1855192,
    1871910,
    1888523,
    1905198,
    1921940,
    1938580,
    1955303,
    1971879,
    1988375,
    2004969,
    2021627,
    2038275,
    2054963,
    2071773,
    2088261,
    2104863,
    2121543,
    2138524,
    2154924,
    2171610,
    2191714
  ],
  "average_vsync_transitions_missed": 1.1153846153846154,
  "90th_percentile_vsync_transitions_missed": 1.0,
  "99th_percentile_vsync_transitions_missed": 3.0
}