{
  "average_frame_build_time_millis": 1.3133920000000001,
  "90th_percentile_frame_build_time_millis": 1.72,
  "99th_percentile_frame_build_time_millis": 6.431,
  "worst_frame_build_time_millis": 6.733,
  "missed_frame_build_budget_count": 0,
  "average_frame_rasterizer_time_millis": 7.417999999999999,
  "90th_percentile_frame_rasterizer_time_millis": 16.778,
  "99th_percentile_frame_rasterizer_time_millis": 17.736,
  "worst_frame_rasterizer_time_millis": 44.155,
  "missed_frame_rasterizer_budget_count": 39,
  "frame_count": 125,
  "frame_rasterizer_count": 125,
  "frame_build_times": [
    917,
    545,
    591,
    825,
    899,
    815,
    1114,
    928,
    295,
    290,
    446,
    479,
    438,
    526,
    400,
    458,
    323,
    444,
    403,
    422,
    454,
    4154,
    1253,
    1196,
    1432,
    1363,
    1031,
    1045,
    1405,
    1326,
    1385,
    1398,
    1383,
    1383,
    1383,
    962,
    941,
    930,
    988,
    994,
    948,
    929,
    968,
    953,
    929,
    935,
    3053,
    5970,
    1709,
    784,
    377,
    307,
    406,
    361,
    1001,
    1379,
    1476,
    1604,
    1552,
    2081,
    970,
    1155,
    1022,
    787,
    969,
    974,
    977,
    991,
    971,
    999,
    938,
    4777,
    6733,
    2108,
    1389,
    1416,
    1473,
    1125,
    1382,
    1376,
    1386,
    1065,
    1344,
    1383,
    1477,
    1500,
    748,
    938,
    1036,
    960,
    932,
    1017,
    1113,
    953,
    934,
    935,
    896,
    4382,
    673,
    6431,
    1856,
    1103,
    1460,
    1493,
    1435,
    1493,
    1784,
    1486,
    1489,
    1454,
    1720,
    1496,
    1037,
    1028,
    1188,
    1039,
    1015,
    1219,
    804,
    1235,
    1052,
    1068,
    1071,
    1080,
    4748
  ],
  "frame_rasterizer_times": [
    16447,
    16231,
    17460,
    15801,
    16172,
    16753,
    16289,
    16741,
    16435,
    16999,
    17736,
    15669,
    16659,
    16471,
    16754,
    16460,
    16487,
    16709,
    16933,
    16154,
    16784,
    1710,
    1913,
    1900,
    1949,
    3472,
    1699,
    1790,
    2243,
    2207,
    2209,
    2337,
    2272,
    2238,
    2350,
    2317,
    2149,
    2170,
    2413,
    2067,
    2143,
    2276,
    2291,
    2212,
    2419,
    2230,
    1704,
    1741,
    44155,
    728,
    16764,
    16606,
    16598,
    17241,
    17219,
    16000,
    16611,
    16486,
    17061,
    15504,
    17312,
    16022,
    16838,
    16124,
    16531,
    16648,
    16778,
    16365,
    16764,
    17112,
    16086,
    13637,
    1472,
    2725,
    2262,
    2511,
    3593,
    1940,
    2279,
    2249,
    2309,
    1757,
    2287,
    2453,
    2676,
    2525,
    1827,
    2073,
    2524,
    2270,
    2217,
    2282,
    2869,
    2246,
    2225,
    2281,
    2555,
    1621,
    906,
    1166,
    1581,
    1557,
    2064,
    2449,
    2026,
    2146,
    2418,
    2005,
    2041,
    2091,
    2990,
    1523,
    1937,
    1986,
    3086,
    1980,
    2047,
    2383,
    1518,
    2040,
    2031,
    2369,
    1857,
    1924,
    1346
  ],
  "frame_begin_times": [
    0,
    16592,
    33268,
    49949,
    66609,
    83252,
    99985,
    116658,
    133595,
    150143,
    166954,
    184670,
    200394,
    216996,
    233839,
    250468,
    267283,
    283677,
    300507,
    317259,
    333664,
    404092,
    416795,
    433676,
    450195,
    467088,
    483551,
    500341,
    516952,
    533673,
    550362,
    567153,
    583648,
    600305,
    617050,
    633714,
    650322,
    667022,
    683801,
    700448,
    717037,
    733648,
    750503,
    767106,
    783678,
    800434,
    817246,
    850078,
    867013,
    883375,
    916552,
    933245,
    949892,
    966563,
    983551,
    1000601,
    1016844,
    1033602,
    1050311,
    1067334,
    1083609,
    1100453,
    1117090,
    1133739,
    1150250,
    1166931,
    1183637,
    1200356,
    1216941,
    1233611,
    1250255,
    1267046,
    1300222,
    1317352,
    1333661,
    1350201,
    1367121,
    1383831,
    1400328,
    1416928,
    1433653,
    1450340,
    1466867,
    1483590,
    1500600,
    1517082,
    1533703,
    1550256,
    1567268,
    1583692,
    1600255,
    1616945,
    1634111,
    1650387,
    1666987,
    1683598,
    1700896,
    1716995,
    1750102,
    1766814,
    1783388,
    1800108,
    1816792,
    1833687,
    1850234,
    1867019,
    1884211,
    1900299,
    1916929,
    1933492,
    1950676,
    1966972,
    1983664,
    2000232,
    2017297,
    2033548,
    2050277,
    2067146,
    2083560,
    2100788,
    2116905,
    2133539,
    2150300,
    2166849,
    2183784
  ],
  "frame_rasterizer_begin_times": [
    0,
    16541,
    32999,
    50534,
    66653,
    83211,
    100231,
    116715,
    133517,
    149995,
    167058,
    184871,
    200612,
    217349,
    233964,
    250787,
    267298,
    283857,
    300644,
    317653,
    333886,
    407176,
    417136,
    433917,
    450755,
    467600,
    483669,
    500488,
    517436,
    534153,
    550866,
    567675,
    584161,
    600819,
    617564,
    633800,
    650410,
    667080,
    683875,
    700592,
    717101,
    733677,
    750618,
    767213,
    783740,
    800482,
    819345,
    854941,
    867765,
    912046,
    916057,
    932943,
    949612,
    966325,
    983636,
    1000943,
    1017411,
    1034291,
    1050862,
    1068494,
    1084110,
    1101511,
    1117594,
    1134484,
    1150680,
    1167274,
    1184009,
    1200864,
    1217317,
    1234154,
    1251357,
    1270484,
    1305788,
    1318607,
    1334178,
    1350778,
    1367738,
    1384108,
    1400837,
    1417397,
    1434160,
    1450530,
    1467260,
    1484086,
    1501156,
    1517661,
    1533493,
    1550323,
    1567421,
    1583801,
    1600277,
    1617090,
    1634145,
    1650473,
    1667051,
    1683657,
    1700831,
    1720471,
    1749871,
    1772150,
    1784203,
    1800306,
    1817268,
    1834359,
    1850803,
    1867648,
    1885156,
    1900920,
    1917511,
    1934133,
    1951651,
    1967582,
    1983815,
    2000375,
    2017521,
    2033719,
    2050417,
    2067470,
    2083451,
    2101062,
    2117093,
    2133681,
    2150525,
    2167032,
    2187326
  ],
  "average_vsync_transitions_missed": 1.0217391304347827,
  "90th_percentile_vsync_transitions_missed": 1.0,
  "99th_percentile_vsync_transitions_missed": 2.0
}