{
  "average_frame_build_time_millis": 1.3735119999999998,
  "90th_percentile_frame_build_time_millis": 1.639,
  "99th_percentile_frame_build_time_millis": 7.323,
  "worst_frame_build_time_millis": 8.257,
  "missed_frame_build_budget_count": 0,
  "average_frame_rasterizer_time_millis": 4.924190476190478,
  "90th_percentile_frame_rasterizer_time_millis": 16.547,
  "99th_percentile_frame_rasterizer_time_millis": 17.628,
  "worst_frame_rasterizer_time_millis": 43.585,
  "missed_frame_rasterizer_budget_count": 21,
  "frame_count": 125,
  "frame_rasterizer_count": 126,
  "frame_build_times": [
    469,
    517,
    536,
    788,
    809,
    778,
    1091,
    978,
    303,
    284,
    311,
    336,
    462,
    450,
    470,
    473,
    492,
    464,
    548,
    499,
    481,
    7323,
    1281,
    937,
    1082,
    1460,
    1416,
    1486,
    1472,
    1426,
    1601,
    1162,
    1380,
    1437,
    1590,
    1053,
    1048,
    997,
    790,
    1002,
    1004,
    996,
    998,
    921,
    940,
    929,
    4184,
    6029,
    1686,
    810,
    363,
    276,
    389,
    409,
    1143,
    1003,
    1220,
    1513,
    1757,
    1542,
    999,
    968,
    1592,
    1135,
    999,
    991,
    1158,
    1113,
    985,
    967,
    991,
    4417,
    6484,
    1593,
    1401,
    1445,
    1398,
    1660,
    1376,
    1052,
    1494,
    1465,
    1373,
    1420,
    1492,
    1425,
    915,
    1037,
    1025,
    1022,
    983,
    960,
    1028,
    1006,
    958,
    955,
    1028,
    4742,
    940,
    8257,
    2125,
    1084,
    1498,
    1496,
    1529,
    1448,
    1639,
    1469,
    1578,
    1439,
    1149,
    1539,
    1045,
    1053,
    1117,
    1064,
    832,
    1263,
    1090,
    1064,
    1125,
    1070,
    1114,
    1075,
    4941
  ],
  "frame_rasterizer_times": [
    16329,
    942,
    343,
    602,
    688,
    431,
    755,
    581,
    518,
    1302,
    1123,
    1182,
    1514,
    1788,
    1759,
    1992,
    1886,
    1731,
    1766,
    1962,
    1756,
    1892,
    1634,
    2113,
    1681,
    1812,
    3042,
    2382,
    2345,
    2217,
    2305,
    2401,
    1761,
    2165,
    2210,
    1856,
    2237,
    2184,
    2418,
    1755,
    2099,
    2211,
    2139,
    2286,
    2311,
    2116,
    2374,
    1650,
    1648,
    43585,
    785,
    16999,
    16547,
    16581,
    17625,
    16014,
    16712,
    17045,
    16667,
    16477,
    16184,
    16628,
    16534,
    17628,
    15635,
    16211,
    17063,
    16193,
    16565,
    16511,
    17230,
    15994,
    13829,
    1528,
    1976,
    2553,
    2620,
    3089,
    2457,
    2412,
    1720,
    2674,
    2341,
    2391,
    2236,
    2711,
    2546,
    2186,
    2258,
    2215,
    2351,
    2249,
    2331,
    2252,
    2392,
    2327,
    2483,
    2269,
    1516,
    2062,
    1426,
    1776,
    1556,
    2270,
    2424,
    1988,
    2007,
    2063,
    2032,
    2004,
    2011,
    1711,
    1940,
    1931,
    1951,
    2019,
    2173,
    1623,
    2108,
    2029,
    1896,
    2035,
    2171,
    1939,
    1963,
    1821
  ],
  "frame_begin_times": [
    0,
    16680,
    33423,
    50061,
    66696,
    83374,
    100084,
    116796,
    133934,
    150291,
    166944,
    183707,
    200497,
    217119,
    233870,
    250461,
    267155,
    283838,
    300652,
    317250,
    333731,
    400206,
    416976,
    433642,
    450389,
    467153,
    483756,
    500499,
    517307,
    533876,
    550538,
    567000,
    583735,
    600415,
    617350,
    633809,
    650388,
    667131,
    684119,
    700403,
    717170,
    733745,
    750496,
    767102,
    783763,
    800382,
    817153,
    850222,
    867204,
    883486,
    916622,
    933392,
    950003,
    966735,
    984017,
    1000226,
    1016895,
    1033743,
    1050346,
    1067212,
    1083711,
    1100358,
    1117025,
    1133953,
    1150343,
    1167048,
    1184024,
    1200507,
    1217027,
    1233716,
    1250906,
    1267154,
    1300299,
    1316986,
    1333715,
    1350345,
    1367074,
    1384020,
    1400399,
    1416856,
    1433883,
    1450469,
    1467030,
    1483758,
    1500784,
    1517147,
    1533752,
    1550343,
    1567516,
    1583831,
    1600414,
    1617418,
    1633802,
    1650684,
    1667053,
    1683838,
    1700436,
    1717124,
    1750426,
    1767027,
    1783587,
    1800258,
    1817189,
    1833656,
    1850303,
    1867002,
    1883846,
    1900390,
    1917060,
    1933716,
    1950293,
    1967044,
    1983583,
    2000303,
    2017089,
    2033700,
    2050198,
    2067071,
    2083742,
    2100351,
    2116981,
    2133834,
    2150419,
    2167030,
    2183841
  ],
  "frame_rasterizer_begin_times": [
    0,
    16371,
    32983,
    49748,
    66595,
    83278,
    99936,
    116997,
    133586,
    150007,
    166332,
    183021,
    199806,
    216764,
    233399,
    250119,
    266743,
    283455,
    300121,
    317003,
    333528,
    350000,
    423049,
    434035,
    450352,
    467238,
    484423,
    501012,
    517762,
    534531,
    551111,
    567842,
    583883,
    600909,
    617640,
    634760,
    650618,
    667239,
    683935,
    700676,
    717226,
    733970,
    750521,
    767296,
    783829,
    800514,
    817121,
    837104,
    871694,
    884710,
    928414,
    932719,
    949772,
    966422,
    983065,
    1000930,
    1016984,
    1033795,
    1050976,
    1067897,
    1084597,
    1100884,
    1117589,
    1134386,
    1152101,
    1167816,
    1184205,
    1201335,
    1217581,
    1234227,
    1250814,
    1268183,
    1286882,
    1322363,
    1334366,
    1350929,
    1367525,
    1384285,
    1401388,
    1417585,
    1433676,
    1451147,
    1467747,
    1484224,
    1500990,
    1518129,
    1534386,
    1550464,
    1567187,
    1584386,
    1600647,
    1617173,
    1634186,
    1650552,
    1667529,
    1683829,
    1700618,
    1717184,
    1737589,
    1767212,
    1790827,
    1801387,
    1817089,
    1834479,
    1850968,
    1867641,
    1884276,
    1901198,
    1917670,
    1934427,
    1950964,
    1967232,
    1984378,
    2000426,
    2017174,
    2033984,
    2050587,
    2066820,
    2083906,
    2100635,
    2117226,
    2133776,
    2150718,
    2167329,
    2183912,
    2204108
  ],
  "average_vsync_transitions_missed": 1.0384615384615385,
  "90th_percentile_vsync_transitions_missed": 1.0,
  "99th_percentile_vsync_transitions_missed": 2.0
}