{
  "average_frame_build_time_millis": 1.3312319999999997,
  "90th_percentile_frame_build_time_millis": 1.582,
  "99th_percentile_frame_build_time_millis": 7.012,
  "worst_frame_build_time_millis": 7.143,
  "missed_frame_build_budget_count": 0,
  "average_frame_rasterizer_time_millis": 2.359072000000001,
  "90th_percentile_frame_rasterizer_time_millis": 2.423,
  "99th_percentile_frame_rasterizer_time_millis": 16.864,
  "worst_frame_rasterizer_time_millis": 42.335,
  "missed_frame_rasterizer_budget_count": 2,
  "frame_count": 125,
  "frame_rasterizer_count": 125,
  "frame_build_times": [
    1253,
    770,
    457,
    596,
    556,
    565,
    797,
    732,
    1040,
    1045,
    108,
    279,
    300,
    343,
    427,
    436,
    442,
    430,
    442,
    422,
    464,
    429,
    445,
    7143,
    1530,
    1098,
    1434,
    1374,
    1582,
    1482,
    1343,
    1382,
    1499,
    1443,
    1393,
    1394,
    1342,
    923,
    920,
    952,
    960,
    953,
    964,
    962,
    971,
    931,
    913,
    969,
    4177,
    5790,
    1808,
    808,
    548,
    354,
    443,
    490,
    898,
    1043,
    957,
    1164,
    1592,
    1677,
    1005,
    1015,
    1166,
    1030,
    996,
    1065,
    1478,
    1308,
    1028,
    981,
    805,
    4175,
    7012,
    1352,
    874,
    1114,
    1187,
    1461,
    1097,
    1474,
    1485,
    1470,
    1478,
    1423,
    1546,
    1103,
    955,
    962,
    776,
    948,
    947,
    973,
    969,
    962,
    989,
    967,
    4418,
    6169,
    2308,
    1158,
    1423,
    1436,
    1141,
    1490,
    1514,
    1481,
    1099,
    1499,
    1459,
    1451,
    1510,
    1122,
    1054,
    1098,
    1097,
    1081,
    1038,
    1088,
    1075,
    1055,
    1081,
    1099,
    5000
  ],
  "frame_rasterizer_times": [
    1259,
    16864,
    1217,
    395,
    618,
    533,
    465,
    746,
    548,
    646,
    529,
    1327,
    1418,
    1403,
    1831,
    1783,
    2106,
    1842,
    1755,
    1886,
    1487,
    1882,
    1873,
    1676,
    2399,
    1972,
    2361,
    3609,
    2410,
    2299,
    2197,
    2363,
    2238,
    2261,
    2159,
    2210,
    1714,
    2159,
    2101,
    2190,
    2281,
    2152,
    2158,
    2377,
    2308,
    2180,
    2185,
    2421,
    1552,
    1639,
    42335,
    695,
    501,
    473,
    730,
    783,
    1393,
    1577,
    1570,
    1925,
    2630,
    2464,
    2320,
    2267,
    3497,
    2423,
    2272,
    2382,
    1889,
    2281,
    2240,
    2280,
    1892,
    2089,
    3157,
    1698,
    1555,
    2091,
    2385,
    1885,
    1675,
    2263,
    2435,
    2283,
    2202,
    2268,
    2541,
    2161,
    2252,
    2169,
    1742,
    2169,
    2285,
    2214,
    2325,
    2185,
    2210,
    2454,
    1661,
    1197,
    2113,
    3102,
    1542,
    2423,
    1637,
    1919,
    1948,
    1981,
    1629,
    1999,
    1996,
    2116,
    2011,
    1949,
    1890,
    2158,
    2028,
    1830,
    1973,
    2149,
    2000,
    1956,
    1912,
    2470,
    1799
  ],
  "frame_begin_times": [
    0,
    50067,
    66570,
    83404,
    99955,
    116621,
    133290,
    149944,
    166636,
    183362,
    199971,
    216999,
    233665,
    250231,
    266987,
    283693,
    300546,
    317072,
    333731,
    350373,
    367090,
    383737,
    400313,
    466772,
    483650,
    500256,
    517027,
    533723,
    550479,
    567029,
    583695,
    600327,
    617209,
    633737,
    650420,
    667003,
    683864,
    700312,
    716984,
    733635,
    750372,
    767060,
    783691,
    800342,
    817124,
    833620,
    850384,
    867127,
    883655,
    916816,
    933729,
    950148,
    983206,
    999872,
    1016624,
    1033311,
    1050226,
    1066856,
    1083503,
    1100196,
    1117002,
    1133634,
    1150291,
    1167020,
    1183758,
    1200319,
    1216976,
    1233938,
    1250530,
    1267018,
    1283679,
    1300344,
    1317077,
    1333677,
    1366765,
    1383420,
    1400154,
    1416843,
    1433485,
    1450166,
    1466826,
    1483619,
    1500496,
    1516967,
    1533599,
    1550260,
    1567146,
    1583653,
    1600264,
    1616955,
    1633582,
    1650261,
    1666892,
    1683575,
    1700356,
    1716943,
    1733584,
    1750339,
    1766946,
    1799957,
    1817145,
    1833546,
    1850291,
    1866958,
    1883733,
    1900276,
    1916912,
    1933615,
    1950227,
    1966966,
    1983610,
    2000233,
    2016944,
    2033610,
    2050253,
    2066965,
    2083602,
    2100201,
    2116925,
    2133824,
    2150255,
    2166924,
    2183593,
    2200499,
    2216921
  ],
  "frame_rasterizer_begin_times": [
    0,
    3261,
    20167,
    36450,
    52955,
    69627,
    86517,
    103117,
    120131,
    136837,
    152631,
    169709,
    186401,
    203002,
    219877,
    236554,
    253463,
    269966,
    286644,
    303278,
    319991,
    336630,
    353208,
    426102,
    437611,
    453785,
    470935,
    487555,
    504413,
    520995,
    537495,
    554186,
    571193,
    587703,
    604289,
    620897,
    637639,
    653671,
    670378,
    687069,
    703818,
    720509,
    737077,
    753653,
    770570,
    787021,
    803748,
    820575,
    840282,
    874769,
    887980,
    930429,
    936180,
    952673,
    969504,
    986206,
    1003543,
    1020320,
    1036925,
    1053811,
    1070973,
    1087736,
    1103767,
    1120475,
    1137438,
    1153802,
    1170455,
    1187431,
    1204348,
    1220614,
    1237192,
    1253794,
    1270344,
    1289802,
    1325939,
    1337121,
    1353455,
    1370384,
    1387014,
    1404094,
    1420373,
    1437588,
    1454422,
    1470924,
    1487545,
    1504137,
    1521168,
    1537209,
    1553692,
    1570374,
    1586824,
    1603658,
    1620309,
    1636930,
    1653785,
    1670403,
    1687020,
    1703779,
    1723815,
    1758439,
    1771873,
    1787122,
    1804090,
    1820867,
    1837297,
    1854238,
    1870900,
    1887596,
    1903777,
    1920884,
    1937524,
    1954151,
    1970928,
    1987091,
    2003806,
    2020539,
    2037172,
    2053738,
    2070417,
    2087367,
    2103817,
    2120436,
    2137145,
    2154017,
    2173943
  ],
  "average_vsync_transitions_missed": 1.6,
  "90th_percentile_vsync_transitions_missed": 3.0,
  "99th_percentile_vsync_transitions_missed": 3.0
}