{
  "average_frame_build_time_millis": 1.3390239999999998,
  "90th_percentile_frame_build_time_millis": 1.555,
  "99th_percentile_frame_build_time_millis": 7.359,
  "worst_frame_build_time_millis": 8.234,
  "missed_frame_build_budget_count": 0,
  "average_frame_rasterizer_time_millis": 4.878149606299215,
  "90th_percentile_frame_rasterizer_time_millis": 16.622,
  "99th_percentile_frame_rasterizer_time_millis": 17.638,
  "worst_frame_rasterizer_time_millis": 39.755,
  "missed_frame_rasterizer_budget_count": 21,
  "frame_count": 125,
  "frame_rasterizer_count": 127,
  "frame_build_times": [
    548,
    577,
    613,
    529,
    814,
    789,
    1130,
    1005,
    267,
    397,
    356,
    441,
    412,
    468,
    443,
    527,
    418,
    292,
    433,
    415,
    431,
    7359,
    1320,
    1050,
    1459,
    1457,
    1441,
    1385,
    1376,
    1234,
    1396,
    1419,
    1406,
    1075,
    1449,
    946,
    1000,
    971,
    922,
    918,
    960,
    958,
    986,
    934,
    1090,
    1009,
    4256,
    5613,
    1370,
    722,
    556,
    353,
    452,
    427,
    1486,
    1036,
    1148,
    1626,
    1200,
    1231,
    1009,
    1183,
    990,
    1032,
    1078,
    1169,
    1033,
    1040,
    993,
    1038,
    1201,
    3081,
    5177,
    1527,
    1413,
    1476,
    1416,
    1381,
    1440,
    1555,
    1446,
    1631,
    1446,
    1407,
    1433,
    1398,
    946,
    1039,
    966,
    953,
    977,
    987,
    953,
    1002,
    980,
    969,
    994,
    4439,
    875,
    8234,
    2176,
    1555,
    1553,
    1448,
    1508,
    1114,
    1434,
    1625,
    1469,
    1500,
    1495,
    1444,
    1104,
    1073,
    1067,
    1052,
    1087,
    1070,
    1036,
    1145,
    813,
    1084,
    1069,
    1038,
    4811
  ],
  "frame_rasterizer_times": [
    674,
    16891,
    16386,
    16549,
    16725,
    16689,
    16313,
    16785,
    16017,
    16659,
    17638,
    15593,
    16935,
    16927,
    16768,
    15985,
    16534,
    16760,
    16006,
    16943,
    16785,
    16495,
    16622,
    1690,
    1971,
    1809,
    2471,
    3868,
    2212,
    2305,
    2275,
    1883,
    2212,
    2233,
    2219,
    1784,
    2244,
    1876,
    2363,
    2286,
    2213,
    2169,
    2444,
    2303,
    2221,
    2134,
    2374,
    2187,
    1642,
    1617,
    39755,
    891,
    507,
    479,
    689,
    739,
    1546,
    1571,
    1830,
    2441,
    2019,
    1830,
    2308,
    2698,
    3396,
    2364,
    2297,
    2756,
    2371,
    2239,
    2274,
    2370,
    2285,
    1743,
    1634,
    1932,
    2440,
    2631,
    3001,
    2272,
    2201,
    2825,
    2281,
    2319,
    2274,
    1802,
    2234,
    2224,
    2191,
    2311,
    2170,
    2287,
    2318,
    2282,
    2247,
    2262,
    2468,
    2306,
    2270,
    1742,
    1254,
    1358,
    1754,
    2120,
    2215,
    2346,
    2022,
    1794,
    2133,
    1806,
    2346,
    2066,
    1999,
    1960,
    2300,
    2040,
    1936,
    1946,
    2177,
    1926,
    1928,
    1899,
    1610,
    1909,
    1903,
    1946,
    1826
  ],
  "frame_begin_times": [
    0,
    16680,
    33338,
    50076,
    66758,
    83394,
    100072,
    116744,
    133700,
    150764,
    166991,
    183775,
    200457,
    217528,
    233733,
    250388,
    267314,
    283765,
    300394,
    317159,
    333862,
    400279,
    416917,
    433642,
    450466,
    467266,
    483855,
    500403,
    516877,
    533869,
    550521,
    567051,
    583724,
    600327,
    617071,
    633804,
    650385,
    667057,
    683714,
    700362,
    717168,
    733797,
    750387,
    767044,
    783875,
    800418,
    817158,
    850272,
    866939,
    883454,
    916717,
    933317,
    950038,
    966674,
    983591,
    1000255,
    1016941,
    1033803,
    1050285,
    1066959,
    1083830,
    1100562,
    1117104,
    1133719,
    1150403,
    1167256,
    1183657,
    1200386,
    1217025,
    1233731,
    1250376,
    1266957,
    1300059,
    1316935,
    1333614,
    1350491,
    1367046,
    1383711,
    1400396,
    1417237,
    1433662,
    1450327,
    1467053,
    1483862,
    1500416,
    1517047,
    1533631,
    1550429,
    1567027,
    1583690,
    1600364,
    1617082,
    1633768,
    1650320,
    1667169,
    1683684,
    1700341,
    1716989,
    1750159,
    1766962,
    1783577,
    1800637,
    1817033,
    1833649,
    1850416,
    1866937,
    1883550,
    1900329,
    1917084,
    1933723,
    1950330,
    1967008,
    1983746,
    2000408,
    2017021,
    2033657,
    2050523,
    2067025,
    2083636,
    2100274,
    2116910,
    2133766,
    2150404,
    2166960,
    2183572
  ],
  "frame_rasterizer_begin_times": [
    0,
    2882,
    19866,
    36350,
    52937,
    69733,
    86655,
    103223,
    120273,
    136838,
    153537,
    171311,
    186954,
    203980,
    220971,
    237906,
    253956,
    270564,
    287403,
    303574,
    320595,
    337447,
    354043,
    426376,
    437260,
    453731,
    470992,
    487754,
    504363,
    520883,
    537235,
    554117,
    570999,
    587538,
    604213,
    620428,
    637591,
    653820,
    670464,
    687091,
    703726,
    720318,
    737196,
    753822,
    770429,
    787044,
    804015,
    820481,
    840448,
    874637,
    887346,
    927194,
    936298,
    952700,
    969494,
    986110,
    1004109,
    1020298,
    1037101,
    1054461,
    1070509,
    1087222,
    1103904,
    1120680,
    1137155,
    1153799,
    1170522,
    1187366,
    1203739,
    1220456,
    1237072,
    1253809,
    1270617,
    1288741,
    1324065,
    1337488,
    1354117,
    1371063,
    1387541,
    1404146,
    1420918,
    1437747,
    1454176,
    1471011,
    1487520,
    1504315,
    1520903,
    1537513,
    1553646,
    1570444,
    1587051,
    1603699,
    1620334,
    1637155,
    1653778,
    1670412,
    1687237,
    1703721,
    1720374,
    1740455,
    1770046,
    1794029,
    1804764,
    1821270,
    1837669,
    1854147,
    1870982,
    1887064,
    1904031,
    1921008,
    1937622,
    1954291,
    1970897,
    1987528,
    2003902,
    2020561,
    2037102,
    2053790,
    2070724,
    2087179,
    2103742,
    2120491,
    2136768,
    2153924,
    2170509,
    2187051,
    2207014
  ],
  "average_vsync_transitions_missed": 1.1153846153846154,
  "90th_percentile_vsync_transitions_missed": 1.0,
  "99th_percentile_vsync_transitions_missed": 3.0
}