{
  "average_frame_build_time_millis": 1.3332239999999997,
  "90th_percentile_frame_build_time_millis": 1.591,
  "99th_percentile_frame_build_time_millis": 7.154,
  "worst_frame_build_time_millis": 8.109,
  "missed_frame_build_budget_count": 0,
  "average_frame_rasterizer_time_millis": 2.3272380952380964,
  "90th_percentile_frame_rasterizer_time_millis": 2.428,
  "99th_percentile_frame_rasterizer_time_millis": 16.337,
  "worst_frame_rasterizer_time_millis": 38.873,
  "missed_frame_rasterizer_budget_count": 2,
  "frame_count": 125,
  "frame_rasterizer_count": 126,
  "frame_build_times": [
    1263,
    438,
    588,
    561,
    554,
    703,
    720,
    787,
    1061,
    114,
    283,
    286,
    373,
    429,
    434,
    441,
    438,
    431,
    431,
    413,
    431,
    349,
    6645,
    1979,
    1454,
    1429,
    1372,
    1399,
    1368,
    1356,
    1343,
    1369,
    1377,
    1344,
    1360,
    1569,
    962,
    962,
    920,
    952,
    956,
    925,
    916,
    975,
    920,
    914,
    3981,
    5084,
    1015,
    423,
    541,
    307,
    391,
    448,
    916,
    893,
    1368,
    1191,
    1181,
    1591,
    1083,
    1021,
    1007,
    990,
    814,
    1001,
    1022,
    765,
    1061,
    1019,
    1010,
    4095,
    7154,
    1987,
    1594,
    1475,
    1474,
    1413,
    1509,
    1500,
    1405,
    1384,
    1484,
    1374,
    1419,
    1436,
    953,
    942,
    983,
    947,
    1108,
    969,
    981,
    979,
    995,
    1079,
    954,
    4024,
    869,
    8109,
    2295,
    1089,
    1491,
    1076,
    1497,
    1498,
    1463,
    1473,
    1539,
    1460,
    1446,
    1515,
    1113,
    1055,
    1046,
    1303,
    1056,
    1055,
    1069,
    1062,
    1062,
    1071,
    1027,
    1070,
    4810
  ],
  "frame_rasterizer_times": [
    1172,
    16337,
    1309,
    381,
    595,
    509,
    411,
    705,
    423,
    619,
    524,
    1254,
    1171,
    1580,
    1859,
    1766,
    1780,
    1929,
    1728,
    1745,
    1877,
    2180,
    1475,
    1588,
    2260,
    2455,
    2423,
    3568,
    2318,
    1764,
    2219,
    2317,
    1955,
    2281,
    2313,
    2212,
    2323,
    2333,
    2148,
    2171,
    2406,
    2283,
    2236,
    2223,
    2840,
    2101,
    2183,
    1681,
    1669,
    38873,
    737,
    526,
    468,
    685,
    714,
    1420,
    1406,
    1769,
    1787,
    1874,
    2404,
    2130,
    2347,
    3285,
    2337,
    1818,
    2303,
    2308,
    1783,
    2382,
    2287,
    2323,
    2280,
    1606,
    2487,
    2601,
    2442,
    2998,
    2191,
    2293,
    2200,
    2293,
    2268,
    2376,
    2282,
    2260,
    2177,
    2338,
    2242,
    2238,
    2428,
    2784,
    2299,
    2311,
    2464,
    2333,
    2257,
    2201,
    1327,
    1251,
    1466,
    1848,
    1583,
    2050,
    1835,
    1722,
    2014,
    2017,
    2200,
    2158,
    2013,
    1973,
    2216,
    1942,
    1949,
    1922,
    1872,
    1950,
    1979,
    1903,
    2038,
    1954,
    1952,
    1899,
    2062,
    1923
  ],
  "frame_begin_times": [
    0,
    16571,
    33218,
    49885,
    66639,
    83324,
    99948,
    116615,
    133294,
    150012,
    166926,
    183527,
    200371,
    216980,
    233679,
    250382,
    267082,
    283639,
    300385,
    316994,
    333745,
    350203,
    416779,
    433608,
    450614,
    466993,
    483711,
    500294,
    517154,
    533745,
    550343,
    566961,
    583689,
    600281,
    617091,
    633639,
    650348,
    667001,
    683607,
    700414,
    717046,
    733653,
    750307,
    767335,
    783646,
    800288,
    816994,
    850251,
    866758,
    883233,
    916549,
    933268,
    949938,
    966627,
    983409,
    1000086,
    1017035,
    1033557,
    1050181,
    1066989,
    1083939,
    1100326,
    1116925,
    1133687,
    1150508,
    1166952,
    1183693,
    1200162,
    1217017,
    1233587,
    1250336,
    1266904,
    1299990,
    1316936,
    1333729,
    1350328,
    1366938,
    1383655,
    1400484,
    1416863,
    1433603,
    1450340,
    1467201,
    1483605,
    1500313,
    1516937,
    1533654,
    1550281,
    1566953,
    1583584,
    1600406,
    1617044,
    1633542,
    1650513,
    1666994,
    1683571,
    1700322,
    1717183,
    1750106,
    1766895,
    1783475,
    1800172,
    1816933,
    1833407,
    1850463,
    1866904,
    1883588,
    1900374,
    1916926,
    1933618,
    1950240,
    1967017,
    1983625,
    2000207,
    2016903,
    2033732,
    2050209,
    2066829,
    2083604,
    2100317,
    2116872,
    2133578,
    2150221,
    2166982,
    2183527
  ],
  "frame_rasterizer_begin_times": [
    0,
    2663,
    19050,
    35161,
    51787,
    68497,
    85334,
    102012,
    118742,
    135793,
    151485,
    168549,
    185149,
    202092,
    218782,
    235509,
    252167,
    268896,
    285459,
    302208,
    318806,
    335507,
    351904,
    424505,
    436962,
    453453,
    469803,
    486441,
    503088,
    519905,
    536495,
    553081,
    569707,
    586428,
    603026,
    619827,
    636571,
    652715,
    669367,
    685909,
    702773,
    719380,
    735867,
    752586,
    769702,
    785944,
    802579,
    822312,
    856432,
    869104,
    908081,
    918387,
    934958,
    951677,
    968423,
    985653,
    1002306,
    1019684,
    1036038,
    1052705,
    1069942,
    1086401,
    1102705,
    1119312,
    1136049,
    1152668,
    1169333,
    1186064,
    1202279,
    1219455,
    1235977,
    1252704,
    1271879,
    1308234,
    1320301,
    1336696,
    1353184,
    1369603,
    1386439,
    1403329,
    1419737,
    1436386,
    1453099,
    1470022,
    1486277,
    1503072,
    1519719,
    1535986,
    1552601,
    1569269,
    1585932,
    1602885,
    1619392,
    1635902,
    1652829,
    1669368,
    1685939,
    1702657,
    1722551,
    1752448,
    1776080,
    1787085,
    1802601,
    1819803,
    1835841,
    1853340,
    1869747,
    1886396,
    1903206,
    1919828,
    1936460,
    1953019,
    1969901,
    1986143,
    2002625,
    2019349,
    2036351,
    2052587,
    2069287,
    2086058,
    2102792,
    2119315,
    2136072,
    2152614,
    2169424,
    2189274
  ],
  "average_vsync_transitions_missed": 1.6,
  "90th_percentile_vsync_transitions_missed": 3.0,
  "99th_percentile_vsync_transitions_missed": 3.0
}