{
  "average_frame_build_time_millis": 1.3139687500000006,
  "90th_percentile_frame_build_time_millis": 1.516,
  "99th_percentile_frame_build_time_millis": 6.75,
  "worst_frame_build_time_millis": 8.599,
  "missed_frame_build_budget_count": 0,
  "average_frame_rasterizer_time_millis": 2.421203125000001,
  "90th_percentile_frame_rasterizer_time_millis": 2.399,
  "99th_percentile_frame_rasterizer_time_millis": 3.534,
  "worst_frame_rasterizer_time_millis": 44.779,
  "missed_frame_rasterizer_budget_count": 1,
  "frame_count": 128,
  "frame_rasterizer_count": 128,
  "frame_build_times": [
    448,
    426,
    429,
    439,
    440,
    519,
    426,
    454,
    439,
    444,
    4533,
    1610,
    1076,
    1441,
    1411,
    1384,
    1472,
    1456,
    1516,
    1449,
    1516,
    1455,
    1445,
    1210,
    792,
    983,
    1055,
    861,
    987,
    973,
    987,
    1028,
    1061,
    974,
    997,
    3967,
    2490,
    636,
    360,
    212,
    140,
    200,
    191,
    501,
    401,
    500,
    541,
    575,
    685,
    4202,
    1594,
    1330,
    1466,
    1427,
    1332,
    1357,
    1388,
    1422,
    1340,
    1313,
    1119,
    845,
    1003,
    971,
    898,
    971,
    929,
    991,
    744,
    985,
    924,
    950,
    990,
    967,
    4244,
    6750,
    1881,
    1314,
    1485,
    1402,
    1350,
    1367,
    1129,
    1296,
    1424,
    1374,
    1373,
    1313,
    1382,
    886,
    959,
    858,
    896,
    1002,
    952,
    895,
    922,
    785,
    902,
    878,
    4357,
    978,
    8599,
    2023,
    1074,
    1370,
    1375,
    1443,
    1483,
    1413,
    1410,
    1425,
    1467,
    1361,
    1367,
    1031,
    1042,
    985,
    970,
    1049,
    1011,
    1016,
    1199,
    1029,
    1005,
    966,
    1003,
    4725
  ],
  "frame_rasterizer_times": [
    1739,
    1800,
    1836,
    2025,
    1947,
    1749,
    1755,
    2057,
    1870,
    1882,
    1459,
    2133,
    1950,
    2411,
    3534,
    2322,
    2330,
    2207,
    2286,
    2481,
    2284,
    2218,
    2192,
    2099,
    1629,
    2188,
    2223,
    1909,
    2180,
    2158,
    2216,
    2300,
    2165,
    2234,
    2234,
    1779,
    1328,
    44779,
    595,
    1664,
    1384,
    1795,
    1824,
    2379,
    1876,
    1382,
    1299,
    1363,
    1669,
    2032,
    3161,
    3140,
    2344,
    2387,
    2201,
    2360,
    2631,
    2502,
    2428,
    2356,
    2182,
    1737,
    1749,
    2007,
    1811,
    2312,
    2267,
    2356,
    2284,
    2193,
    2421,
    2625,
    2373,
    2252,
    2038,
    1567,
    2086,
    2425,
    2228,
    3015,
    2200,
    2176,
    1751,
    2202,
    2253,
    2261,
    2269,
    2256,
    2263,
    2299,
    2329,
    2169,
    2143,
    2315,
    2399,
    2138,
    2312,
    1996,
    1837,
    2140,
    1718,
    1288,
    1363,
    1788,
    1680,
    2103,
    2326,
    2180,
    2173,
    1897,
    2013,
    2178,
    2056,
    2145,
    1952,
    2136,
    1944,
    1956,
    1923,
    2034,
    1919,
    1996,
    2327,
    2069,
    1899,
    2044,
    2132,
    2379
  ],
  "frame_begin_times": [
    0,
    16606,
    33268,
    50000,
    66626,
    83329,
    99941,
    116774,
    133277,
    149929,
    216282,
    233124,
    249869,
    266601,
    283243,
    299933,
    316654,
    333335,
    349944,
    366681,
    383277,
    399893,
    416631,
    433398,
    449791,
    466576,
    483209,
    500203,
    516657,
    533317,
    549951,
    566627,
    583230,
    599911,
    616613,
    633208,
    649734,
    666580,
    683088,
    716191,
    732853,
    749514,
    766214,
    783320,
    799717,
    816489,
    833170,
    850025,
    866620,
    883353,
    899977,
    916603,
    933259,
    950034,
    966614,
    983232,
    1000062,
    1016622,
    1033359,
    1049965,
    1066606,
    1083048,
    1099858,
    1116519,
    1133339,
    1149927,
    1166557,
    1183159,
    1199830,
    1216530,
    1233261,
    1249911,
    1266552,
    1283215,
    1299901,
    1333402,
    1349844,
    1366531,
    1383707,
    1399928,
    1416458,
    1433272,
    1450048,
    1466549,
    1483337,
    1499890,
    1516539,
    1533288,
    1549834,
    1566482,
    1583320,
    1599840,
    1616478,
    1633448,
    1649844,
    1666524,
    1683283,
    1699887,
    1716543,
    1733294,
    1749837,
    1783228,
    1799849,
    1816361,
    1833120,
    1849860,
    1866409,
    1883160,
    1899840,
    1916470,
    1933165,
    1949962,
    1966559,
    1983158,
    1999838,
    2016697,
    2033170,
    2049816,
    2066497,
    2083722,
    2099776,
    2116454,
    2133198,
    2149834,
    2166514,
    2183169,
    2199819,
    2216529
  ],
  "frame_rasterizer_begin_times": [
    0,
    16568,
    33253,
    49980,
    66633,
    83257,
    99907,
    116768,
    133276,
    149858,
    220112,
    234233,
    250543,
    267595,
    284194,
    300842,
    317682,
    334347,
    351019,
    367673,
    384329,
    400907,
    417580,
    434081,
    450071,
    467125,
    483686,
    500590,
    517147,
    533790,
    550478,
    567193,
    583836,
    600436,
    617114,
    636676,
    651672,
    666757,
    711640,
    715910,
    732478,
    749267,
    765931,
    783319,
    799606,
    816507,
    833163,
    850095,
    866799,
    886619,
    901110,
    917470,
    934182,
    950998,
    967481,
    984125,
    1000915,
    1017581,
    1034239,
    1050704,
    1067218,
    1083395,
    1100377,
    1116999,
    1133664,
    1150405,
    1167023,
    1183630,
    1200114,
    1217018,
    1233725,
    1250368,
    1267099,
    1283737,
    1303176,
    1339492,
    1351293,
    1367397,
    1384718,
    1400869,
    1417333,
    1434158,
    1450704,
    1467402,
    1484256,
    1500688,
    1517456,
    1534006,
    1550645,
    1566913,
    1583804,
    1600159,
    1616881,
    1633978,
    1650299,
    1666942,
    1683760,
    1700096,
    1716969,
    1733739,
    1753719,
    1783682,
    1807755,
    1817864,
    1833712,
    1850790,
    1867237,
    1884150,
    1900860,
    1917391,
    1934100,
    1950942,
    1967563,
    1984051,
    2000745,
    2017274,
    2033751,
    2050328,
    2066994,
    2084259,
    2100343,
    2117007,
    2133814,
    2150399,
    2167091,
    2183663,
    2200396,
    2220313
  ],
  "average_vsync_transitions_missed": 1.5,
  "90th_percentile_vsync_transitions_missed": 2.0,
  "99th_percentile_vsync_transitions_missed": 2.0
}