{
  "average_frame_build_time_millis": 1.3301349206349207,
  "90th_percentile_frame_build_time_millis": 1.512,
  "99th_percentile_frame_build_time_millis": 7.11,
  "worst_frame_build_time_millis": 8.542,
  "missed_frame_build_budget_count": 0,
  "average_frame_rasterizer_time_millis": 2.3600793650793648,
  "90th_percentile_frame_rasterizer_time_millis": 2.412,
  "99th_percentile_frame_rasterizer_time_millis": 16.383,
  "worst_frame_rasterizer_time_millis": 42.018,
  "missed_frame_rasterizer_budget_count": 2,
  "frame_count": 126,
  "frame_rasterizer_count": 126,
  "frame_build_times": [
    984,
    429,
    564,
    555,
    685,
    777,
    716,
    1015,
    919,
    303,
    287,
    340,
    437,
    347,
    500,
    424,
    536,
    360,
    432,
    442,
    492,
    436,
    5196,
    1568,
    1437,
    1447,
    1381,
    1402,
    1432,
    1442,
    1365,
    1416,
    1471,
    1379,
    1351,
    1145,
    987,
    981,
    947,
    963,
    962,
    936,
    964,
    748,
    983,
    944,
    1055,
    3910,
    5395,
    1323,
    844,
    528,
    318,
    429,
    465,
    977,
    1023,
    1239,
    1176,
    1228,
    1626,
    1033,
    1048,
    1022,
    1105,
    1042,
    992,
    1036,
    1035,
    1011,
    1078,
    855,
    4221,
    7110,
    2215,
    1434,
    1460,
    1468,
    1140,
    1468,
    1446,
    1451,
    1493,
    1413,
    1411,
    1453,
    1512,
    987,
    1010,
    1042,
    1025,
    978,
    983,
    1022,
    748,
    757,
    746,
    1020,
    4518,
    877,
    8542,
    2240,
    1111,
    1455,
    1498,
    1452,
    1494,
    1179,
    1508,
    1481,
    1432,
    1272,
    1465,
    1096,
    1058,
    848,
    1050,
    1061,
    1036,
    1089,
    1063,
    1033,
    1074,
    1076,
    1082,
    4874
  ],
  "frame_rasterizer_times": [
    16383,
    1283,
    359,
    560,
    663,
    432,
    705,
    577,
    529,
    1048,
    1213,
    1411,
    1889,
    1717,
    1766,
    1838,
    2030,
    1472,
    1850,
    2074,
    1877,
    1984,
    1554,
    2271,
    2453,
    2368,
    3517,
    2349,
    2324,
    2247,
    2324,
    2375,
    2388,
    2238,
    2225,
    1902,
    2013,
    2169,
    2192,
    2188,
    2208,
    2158,
    2213,
    1714,
    2202,
    2176,
    2202,
    1692,
    1812,
    42018,
    747,
    527,
    454,
    711,
    703,
    1521,
    1660,
    1857,
    1696,
    1819,
    2327,
    2383,
    2312,
    3310,
    2518,
    2258,
    2345,
    2427,
    2412,
    2287,
    2343,
    2048,
    2079,
    1514,
    2019,
    2012,
    2408,
    3012,
    2133,
    2279,
    2216,
    2256,
    2418,
    1993,
    2340,
    2442,
    2288,
    2188,
    2205,
    2412,
    2266,
    2237,
    2181,
    2231,
    2129,
    1602,
    2112,
    2320,
    1702,
    1820,
    1394,
    1755,
    1603,
    2256,
    2550,
    2022,
    2017,
    2051,
    2050,
    2021,
    2086,
    1874,
    1953,
    1958,
    1964,
    1546,
    1982,
    1917,
    1925,
    2364,
    1667,
    1897,
    2082,
    2054,
    1907,
    1844
  ],
  "frame_begin_times": [
    0,
    16662,
    33401,
    50065,
    66699,
    83405,
    100063,
    116795,
    133434,
    150373,
    166941,
    183642,
    200437,
    216987,
    233789,
    250418,
    267318,
    283644,
    300425,
    317196,
    333786,
    350439,
    417008,
    433675,
    450566,
    467101,
    483863,
    500465,
    517152,
    533839,
    550404,
    567064,
    583943,
    600419,
    617075,
    633851,
    650427,
    667149,
    683895,
    700652,
    717100,
    733859,
    750443,
    767372,
    783813,
    800397,
    817104,
    833859,
    866906,
    883675,
    900159,
    933305,
    949994,
    966715,
    983410,
    1000309,
    1016989,
    1033686,
    1050332,
    1066940,
    1083852,
    1100402,
    1117049,
    1133807,
    1150373,
    1167060,
    1183686,
    1200477,
    1217126,
    1233724,
    1250397,
    1267243,
    1283726,
    1316853,
    1334301,
    1350406,
    1367078,
    1383703,
    1400280,
    1417049,
    1433781,
    1450422,
    1467125,
    1483688,
    1500309,
    1517153,
    1533747,
    1550353,
    1567026,
    1583887,
    1600339,
    1616934,
    1633801,
    1650576,
    1666929,
    1683612,
    1700194,
    1717182,
    1733643,
    1766810,
    1783750,
    1800293,
    1816977,
    1833829,
    1850315,
    1867062,
    1883685,
    1900456,
    1917035,
    1933641,
    1950340,
    1967169,
    1983676,
    2000311,
    2017002,
    2033605,
    2050317,
    2066973,
    2083657,
    2100404,
    2117050,
    2133663,
    2150436,
    2167048,
    2183678,
    2200314
  ],
  "frame_rasterizer_begin_times": [
    0,
    16505,
    32948,
    49595,
    66419,
    83173,
    99762,
    116804,
    133293,
    149633,
    166195,
    182946,
    199861,
    216332,
    233169,
    249852,
    266735,
    282976,
    299860,
    316618,
    333234,
    349856,
    420907,
    434239,
    450992,
    467535,
    484232,
    500817,
    517553,
    534272,
    550787,
    567489,
    584419,
    600830,
    617440,
    633996,
    650436,
    667152,
    683861,
    700621,
    717077,
    733799,
    750410,
    767085,
    783805,
    800342,
    817117,
    836736,
    870980,
    883975,
    926122,
    932802,
    949338,
    966103,
    982872,
    1000252,
    1016977,
    1033858,
    1050467,
    1067074,
    1084484,
    1100352,
    1117056,
    1133817,
    1150449,
    1167113,
    1183671,
    1200503,
    1217167,
    1233694,
    1250475,
    1267068,
    1286418,
    1322737,
    1335468,
    1350863,
    1367562,
    1384160,
    1400384,
    1417488,
    1434250,
    1450905,
    1467581,
    1484066,
    1500674,
    1517571,
    1534267,
    1550346,
    1567028,
    1583936,
    1600368,
    1616920,
    1633818,
    1650575,
    1666668,
    1683343,
    1699903,
    1717203,
    1737121,
    1766693,
    1791058,
    1801403,
    1817078,
    1834296,
    1850820,
    1867464,
    1884196,
    1900654,
    1917513,
    1934143,
    1950746,
    1967431,
    1984160,
    2000333,
    2017052,
    2033428,
    2050324,
    2067039,
    2083741,
    2100488,
    2117135,
    2133699,
    2150544,
    2167131,
    2183751,
    2203726
  ],
  "average_vsync_transitions_missed": 1.25,
  "90th_percentile_vsync_transitions_missed": 2.0,
  "99th_percentile_vsync_transitions_missed": 2.0
}