{
  "average_frame_build_time_millis": 1.3382343750000003,
  "90th_percentile_frame_build_time_millis": 1.63,
  "99th_percentile_frame_build_time_millis": 6.941,
  "worst_frame_build_time_millis": 8.309,
  "missed_frame_build_budget_count": 0,
  "average_frame_rasterizer_time_millis": 2.4086124031007756,
  "90th_percentile_frame_rasterizer_time_millis": 2.433,
  "99th_percentile_frame_rasterizer_time_millis": 3.545,
  "worst_frame_rasterizer_time_millis": 44.851,
  "missed_frame_rasterizer_budget_count": 1,
  "frame_count": 128,
  "frame_rasterizer_count": 129,
  "frame_build_times": [
    335,
    433,
    340,
    448,
    529,
    432,
    431,
    468,
    435,
    435,
    345,
    6941,
    2062,
    1389,
    1353,
    1367,
    1392,
    1380,
    1055,
    1331,
    1026,
    1398,
    1456,
    1345,
    1396,
    988,
    967,
    941,
    954,
    981,
    966,
    976,
    941,
    1010,
    965,
    996,
    4011,
    3121,
    642,
    360,
    204,
    145,
    201,
    189,
    444,
    416,
    467,
    534,
    640,
    699,
    4014,
    1810,
    1492,
    1345,
    1337,
    1370,
    1363,
    1032,
    1317,
    1397,
    1339,
    1344,
    1370,
    1508,
    980,
    947,
    1052,
    968,
    906,
    953,
    760,
    1057,
    940,
    918,
    4837,
    5838,
    2050,
    1468,
    1391,
    1346,
    1455,
    1421,
    1390,
    1463,
    1405,
    1349,
    1361,
    1321,
    1474,
    936,
    982,
    921,
    1034,
    941,
    942,
    926,
    1015,
    936,
    979,
    962,
    4219,
    897,
    8309,
    2100,
    1003,
    1364,
    1123,
    1381,
    1366,
    1450,
    1453,
    1364,
    1465,
    1369,
    1630,
    1099,
    1021,
    1040,
    1092,
    752,
    986,
    1161,
    1022,
    995,
    1036,
    772,
    996,
    4887
  ],
  "frame_rasterizer_times": [
    1170,
    1413,
    1775,
    1681,
    1844,
    1781,
    1892,
    1856,
    1774,
    1771,
    2065,
    1504,
    1604,
    2581,
    2423,
    1905,
    3545,
    2224,
    2209,
    1791,
    2264,
    1704,
    2366,
    2307,
    2319,
    2208,
    2398,
    2240,
    2269,
    2205,
    2432,
    2202,
    2220,
    2245,
    2281,
    2148,
    2230,
    1626,
    1264,
    44851,
    602,
    1701,
    1299,
    1850,
    1771,
    2306,
    984,
    1969,
    1623,
    1748,
    1651,
    2329,
    3491,
    3096,
    2216,
    2162,
    2287,
    2433,
    1830,
    2524,
    2431,
    2375,
    2393,
    2531,
    2394,
    2262,
    2250,
    2815,
    2267,
    2200,
    2303,
    1799,
    2228,
    2232,
    2196,
    2199,
    1559,
    2684,
    2565,
    2367,
    2820,
    2481,
    2345,
    1955,
    2387,
    2132,
    1860,
    2216,
    2222,
    2294,
    2162,
    2179,
    2162,
    2312,
    2107,
    2225,
    2446,
    2254,
    2178,
    2219,
    2315,
    1714,
    1462,
    1338,
    1925,
    1492,
    1995,
    1900,
    2037,
    1959,
    2013,
    2253,
    2012,
    1957,
    2246,
    2010,
    1939,
    1870,
    2130,
    2024,
    1465,
    1966,
    2207,
    1890,
    1909,
    1865,
    1536,
    1947,
    1870
  ],
  "frame_begin_times": [
    0,
    16735,
    33401,
    50111,
    66724,
    83410,
    100243,
    116870,
    133496,
    150322,
    166661,
    233196,
    250163,
    266686,
    283594,
    300173,
    316758,
    333403,
    350071,
    366689,
    383293,
    400162,
    416764,
    433481,
    450152,
    466834,
    483484,
    500167,
    516815,
    533549,
    550101,
    566701,
    583447,
    600156,
    616662,
    633418,
    650034,
    666483,
    683466,
    699822,
    732981,
    749654,
    766376,
    783064,
    799949,
    816497,
    833317,
    850159,
    866719,
    883429,
    900026,
    917173,
    933620,
    950058,
    966886,
    983526,
    1000184,
    1016695,
    1033394,
    1050107,
    1066800,
    1083474,
    1100239,
    1116728,
    1133369,
    1150056,
    1167013,
    1183443,
    1200030,
    1216692,
    1233334,
    1250073,
    1266784,
    1283470,
    1300134,
    1333194,
    1350056,
    1366694,
    1383370,
    1399997,
    1416967,
    1433301,
    1449994,
    1466684,
    1483373,
    1500051,
    1516685,
    1533314,
    1550503,
    1566687,
    1583261,
    1600026,
    1616684,
    1633327,
    1650070,
    1666640,
    1683364,
    1699976,
    1716658,
    1733462,
    1750163,
    1783097,
    1800146,
    1816546,
    1833186,
    1850024,
    1866786,
    1883355,
    1899946,
    1916660,
    1933341,
    1950025,
    1966631,
    1983308,
    2000118,
    2016618,
    2033302,
    2050096,
    2066675,
    2083136,
    2099890,
    2116783,
    2133348,
    2149956,
    2166608,
    2183236,
    2199986,
    2216651
  ],
  "frame_rasterizer_begin_times": [
    0,
    16754,
    33590,
    50118,
    66978,
    83539,
    100260,
    117055,
    133775,
    150361,
    167199,
    183404,
    256336,
    268642,
    284518,
    301347,
    317960,
    334568,
    351216,
    367503,
    384442,
    400717,
    417981,
    434640,
    451270,
    467948,
    484250,
    500857,
    517541,
    534131,
    550942,
    567514,
    584081,
    600832,
    617530,
    634065,
    650722,
    670444,
    685994,
    700447,
    745401,
    749595,
    766127,
    782980,
    799601,
    816769,
    833309,
    850181,
    867054,
    883771,
    900523,
    920060,
    935371,
    951523,
    967849,
    984653,
    1001338,
    1017965,
    1034106,
    1051208,
    1067947,
    1084541,
    1101148,
    1118037,
    1134655,
    1150788,
    1167333,
    1184422,
    1200812,
    1217335,
    1234051,
    1250471,
    1267555,
    1284106,
    1300833,
    1320788,
    1355218,
    1368498,
    1384561,
    1401147,
    1417762,
    1434812,
    1451145,
    1467808,
    1484514,
    1501099,
    1517780,
    1534348,
    1551021,
    1568364,
    1584055,
    1600658,
    1617351,
    1634132,
    1650625,
    1667339,
    1683988,
    1700778,
    1717352,
    1734048,
    1750870,
    1770756,
    1800413,
    1824638,
    1834994,
    1850645,
    1867836,
    1884291,
    1901156,
    1917721,
    1934452,
    1951213,
    1967832,
    1984485,
    2001108,
    2018140,
    2034048,
    2050752,
    2067522,
    2084188,
    2100252,
    2117275,
    2134266,
    2150786,
    2167368,
    2184024,
    2200385,
    2217427,
    2237431
  ],
  "average_vsync_transitions_missed": 1.5,
  "90th_percentile_vsync_transitions_missed": 2.0,
  "99th_percentile_vsync_transitions_missed": 2.0
}