{
  "average_frame_build_time_millis": 1.3014126984126984,
  "90th_percentile_frame_build_time_millis": 1.512,
  "99th_percentile_frame_build_time_millis": 5.956,
  "worst_frame_build_time_millis": 7.134,
  "missed_frame_build_budget_count": 0,
  "average_frame_rasterizer_time_millis": 2.341539682539683,
  "90th_percentile_frame_rasterizer_time_millis": 2.457,
  "99th_percentile_frame_rasterizer_time_millis": 16.116,
  "worst_frame_rasterizer_time_millis": 40.243,
  "missed_frame_rasterizer_budget_count": 2,
  "frame_count": 126,
  "frame_rasterizer_count": 126,
  "frame_build_times": [
    1211,
    525,
    498,
    541,
    552,
    786,
    682,
    790,
    932,
    134,
    299,
    292,
    330,
    290,
    344,
    449,
    457,
    416,
    483,
    480,
    425,
    446,
    7134,
    2183,
    1438,
    1508,
    1390,
    1466,
    1362,
    1376,
    1368,
    1464,
    1368,
    1430,
    1447,
    1466,
    942,
    960,
    973,
    955,
    933,
    946,
    746,
    929,
    924,
    900,
    995,
    4025,
    4422,
    1355,
    861,
    550,
    291,
    441,
    431,
    1023,
    1103,
    1195,
    1175,
    1252,
    1558,
    1144,
    1045,
    842,
    999,
    1075,
    1197,
    1042,
    1013,
    987,
    1118,
    1090,
    4566,
    5956,
    1507,
    1048,
    1446,
    1057,
    1413,
    1387,
    1415,
    1455,
    1475,
    1047,
    1456,
    1432,
    1399,
    950,
    994,
    967,
    941,
    954,
    995,
    957,
    996,
    960,
    755,
    953,
    4297,
    663,
    5854,
    1773,
    1088,
    1471,
    1483,
    1448,
    1437,
    1489,
    1498,
    1480,
    1443,
    1634,
    1512,
    1039,
    1037,
    1084,
    1046,
    1116,
    1072,
    1069,
    1045,
    1078,
    1067,
    1108,
    1070,
    4897
  ],
  "frame_rasterizer_times": [
    16116,
    1237,
    346,
    593,
    541,
    444,
    698,
    400,
    557,
    548,
    1205,
    1276,
    1340,
    1319,
    1485,
    1866,
    1808,
    1760,
    2248,
    1824,
    1855,
    1853,
    1846,
    2496,
    2415,
    2403,
    3521,
    2395,
    2242,
    2344,
    2392,
    2324,
    2258,
    2238,
    2461,
    2274,
    2184,
    2241,
    2208,
    2185,
    2190,
    2232,
    1744,
    2183,
    2196,
    2198,
    2278,
    1583,
    1629,
    40243,
    741,
    472,
    447,
    659,
    850,
    1560,
    1779,
    1749,
    1963,
    1903,
    2260,
    2455,
    2398,
    3709,
    2473,
    2310,
    2769,
    2332,
    2434,
    2397,
    2501,
    2303,
    2013,
    1426,
    2054,
    1881,
    2415,
    2560,
    2313,
    2242,
    2294,
    2312,
    2259,
    1776,
    2170,
    2330,
    2296,
    2177,
    2509,
    2282,
    2168,
    2251,
    2106,
    2203,
    2168,
    2186,
    1704,
    2175,
    1633,
    1235,
    1177,
    1525,
    1539,
    1782,
    2474,
    2005,
    2022,
    2253,
    2121,
    2010,
    2023,
    2457,
    1977,
    1990,
    2040,
    2054,
    1960,
    1898,
    1992,
    2032,
    1910,
    2040,
    2108,
    2035,
    1934,
    1852
  ],
  "frame_begin_times": [
    0,
    16640,
    33281,
    49979,
    66636,
    83341,
    99967,
    116643,
    133351,
    150014,
    166973,
    183590,
    200337,
    216840,
    233552,
    250462,
    266987,
    283678,
    300709,
    317085,
    333732,
    350391,
    416840,
    433767,
    450255,
    466997,
    483705,
    500430,
    517069,
    533703,
    550418,
    567106,
    583667,
    600356,
    617261,
    633703,
    650322,
    667220,
    683914,
    700363,
    717128,
    733714,
    750563,
    767087,
    783683,
    800331,
    817150,
    833713,
    866776,
    883590,
    900031,
    933238,
    949971,
    966626,
    983237,
    1000840,
    1016825,
    1033416,
    1050240,
    1067075,
    1083764,
    1100327,
    1117104,
    1133609,
    1150259,
    1167129,
    1183756,
    1200426,
    1217360,
    1233593,
    1250676,
    1267002,
    1283624,
    1316990,
    1333499,
    1350153,
    1367020,
    1383786,
    1400275,
    1416967,
    1433599,
    1450303,
    1467006,
    1483459,
    1500218,
    1516984,
    1533621,
    1550285,
    1567121,
    1583644,
    1600244,
    1616966,
    1633780,
    1650295,
    1666914,
    1683623,
    1700220,
    1716945,
    1733644,
    1750087,
    1766801,
    1783421,
    1800130,
    1817052,
    1833635,
    1850144,
    1867009,
    1883753,
    1900340,
    1916889,
    1933553,
    1950470,
    1966935,
    1983592,
    2000290,
    2017021,
    2033606,
    2050257,
    2066903,
    2083619,
    2100284,
    2116924,
    2133667,
    2150252,
    2166916,
    2183571
  ],
  "frame_rasterizer_begin_times": [
    0,
    16158,
    32549,
    49306,
    65918,
    82857,
    99436,
    116113,
    133039,
    148830,
    166001,
    182601,
    199378,
    215837,
    232623,
    249657,
    266117,
    282845,
    299958,
    316287,
    332915,
    349570,
    422357,
    434702,
    450445,
    467205,
    483867,
    500661,
    517188,
    533827,
    550537,
    567298,
    583806,
    600455,
    617465,
    633920,
    650016,
    666924,
    683642,
    700070,
    716814,
    733414,
    750018,
    766756,
    783359,
    799899,
    816901,
    836451,
    869592,
    883654,
    923984,
    932462,
    948946,
    965751,
    982442,
    1000555,
    1016564,
    1033379,
    1050143,
    1067060,
    1084113,
    1100198,
    1116889,
    1133180,
    1150025,
    1166939,
    1183550,
    1200217,
    1217186,
    1233325,
    1250426,
    1266845,
    1286369,
    1321475,
    1333718,
    1349938,
    1367172,
    1383554,
    1400440,
    1417162,
    1433768,
    1450509,
    1467181,
    1483223,
    1500340,
    1517159,
    1533772,
    1549986,
    1566869,
    1583359,
    1599937,
    1616698,
    1633532,
    1650003,
    1666647,
    1683334,
    1699711,
    1716671,
    1736649,
    1749477,
    1771185,
    1783882,
    1799976,
    1817276,
    1833869,
    1850338,
    1867211,
    1883916,
    1900595,
    1917096,
    1933751,
    1950844,
    1967175,
    1983450,
    2000078,
    2016816,
    2033418,
    2050014,
    2066742,
    2083428,
    2100119,
    2116706,
    2133490,
    2150019,
    2166738,
    2186787
  ],
  "average_vsync_transitions_missed": 1.25,
  "90th_percentile_vsync_transitions_missed": 2.0,
  "99th_percentile_vsync_transitions_missed": 2.0
}