{
  "average_frame_build_time_millis": 1.1767007874015745,
  "90th_percentile_frame_build_time_millis": 1.504,
  "99th_percentile_frame_build_time_millis": 5.69,
  "worst_frame_build_time_millis": 7.134,
  "missed_frame_build_budget_count": 0,
  "average_frame_rasterizer_time_millis": 2.4193203125,
  "90th_percentile_frame_rasterizer_time_millis": 2.477,
  "99th_percentile_frame_rasterizer_time_millis": 16.966,
  "worst_frame_rasterizer_time_millis": 42.895,
  "missed_frame_rasterizer_budget_count": 2,
  "frame_count": 127,
  "frame_rasterizer_count": 128,
  "frame_build_times": [
    446,
    451,
    343,
    362,
    443,
    458,
    442,
    441,
    498,
    457,
    7134,
    1504,
    1410,
    1153,
    1069,
    1407,
    1543,
    1498,
    1376,
    1407,
    1530,
    1462,
    1376,
    1466,
    1070,
    1014,
    950,
    953,
    1039,
    938,
    958,
    950,
    961,
    940,
    966,
    4055,
    2465,
    617,
    427,
    197,
    161,
    164,
    213,
    503,
    310,
    351,
    361,
    375,
    640,
    3858,
    1277,
    913,
    883,
    1060,
    1036,
    1266,
    1317,
    1378,
    1300,
    1216,
    1212,
    1402,
    1282,
    925,
    893,
    786,
    735,
    488,
    423,
    535,
    480,
    453,
    496,
    601,
    1812,
    3232,
    1022,
    1298,
    1271,
    1436,
    1278,
    1246,
    1298,
    1323,
    1282,
    1267,
    1267,
    1044,
    1333,
    905,
    892,
    939,
    922,
    874,
    963,
    941,
    863,
    885,
    1011,
    898,
    3686,
    5690,
    1706,
    985,
    1330,
    1439,
    1385,
    1336,
    1443,
    1472,
    1417,
    1390,
    1558,
    1484,
    1391,
    990,
    1019,
    979,
    989,
    968,
    1052,
    980,
    736,
    736,
    858,
    727,
    2724
  ],
  "frame_rasterizer_times": [
    1327,
    1814,
    1995,
    1489,
    1493,
    2247,
    1928,
    1922,
    1897,
    2006,
    2026,
    1709,
    2264,
    2460,
    2019,
    2694,
    2341,
    2551,
    2371,
    2246,
    2477,
    2448,
    2296,
    2271,
    2234,
    2506,
    2507,
    2305,
    2309,
    2328,
    2276,
    2225,
    2247,
    2283,
    2333,
    2296,
    2219,
    1389,
    42895,
    564,
    1650,
    1259,
    1857,
    1776,
    2431,
    904,
    1576,
    994,
    1087,
    1717,
    2360,
    2562,
    2580,
    1426,
    1865,
    1801,
    2547,
    2851,
    2601,
    2410,
    2369,
    2374,
    2656,
    2416,
    2077,
    2285,
    1952,
    1822,
    1292,
    1152,
    1329,
    1233,
    16966,
    1494,
    1213,
    1198,
    1261,
    1436,
    2334,
    2326,
    3073,
    2210,
    2160,
    2176,
    2226,
    2147,
    2186,
    2280,
    1787,
    1919,
    2182,
    2331,
    2275,
    2168,
    2122,
    2322,
    2219,
    2148,
    2101,
    2024,
    2196,
    1314,
    1235,
    1528,
    1528,
    2014,
    2401,
    2001,
    1965,
    2224,
    2126,
    1980,
    1967,
    2164,
    1998,
    1939,
    1917,
    1684,
    1902,
    1897,
    1921,
    2020,
    1899,
    1473,
    1451,
    1650,
    1512,
    1065
  ],
  "frame_begin_times": [
    0,
    16762,
    33329,
    50034,
    66787,
    83590,
    99984,
    116712,
    133672,
    150255,
    216484,
    233205,
    249919,
    266601,
    283258,
    299952,
    316706,
    333351,
    349962,
    366789,
    383525,
    400097,
    416721,
    433370,
    450163,
    466702,
    483266,
    500072,
    517053,
    533287,
    550123,
    566777,
    583273,
    600070,
    616735,
    633378,
    649936,
    666754,
    683060,
    716280,
    732927,
    749599,
    766321,
    783277,
    799763,
    816485,
    833135,
    849843,
    866637,
    883245,
    899927,
    916596,
    933205,
    949852,
    966610,
    983323,
    1000061,
    1016838,
    1033367,
    1049967,
    1066634,
    1083721,
    1100144,
    1116609,
    1133348,
    1149862,
    1166571,
    1183129,
    1199753,
    1216489,
    1233083,
    1249740,
    1266439,
    1283070,
    1299718,
    1333038,
    1349698,
    1366589,
    1383324,
    1400111,
    1416506,
    1433258,
    1449871,
    1466568,
    1483196,
    1499850,
    1516589,
    1533108,
    1549865,
    1566536,
    1583284,
    1599836,
    1616541,
    1633194,
    1650113,
    1666636,
    1683192,
    1699872,
    1716714,
    1733227,
    1749840,
    1782890,
    1799799,
    1816405,
    1833220,
    1849913,
    1866452,
    1883124,
    1899900,
    1916660,
    1933186,
    1949927,
    1966792,
    1983178,
    2000026,
    2016496,
    2033631,
    2049785,
    2066571,
    2083220,
    2099960,
    2116572,
    2133098,
    2149794,
    2166527,
    2183123,
    2199720
  ],
  "frame_rasterizer_begin_times": [
    0,
    16960,
    33768,
    50238,
    66919,
    83699,
    100613,
    116946,
    133725,
    150669,
    167214,
    239831,
    251201,
    267802,
    284231,
    300826,
    317952,
    334802,
    351413,
    367836,
    384680,
    401558,
    418127,
    434665,
    451399,
    467752,
    484282,
    500793,
    517591,
    534577,
    550799,
    567649,
    584278,
    600796,
    617571,
    634218,
    653918,
    668889,
    683849,
    726813,
    733026,
    749618,
    766346,
    782978,
    800256,
    816578,
    833348,
    850003,
    866743,
    883817,
    903221,
    917670,
    933988,
    950622,
    967394,
    984219,
    1001044,
    1017832,
    1034669,
    1051230,
    1067693,
    1084330,
    1101562,
    1117991,
    1133982,
    1150814,
    1167170,
    1183771,
    1200128,
    1216681,
    1233517,
    1250073,
    1266703,
    1283704,
    1300257,
    1317845,
    1352693,
    1367241,
    1384354,
    1401064,
    1417981,
    1434346,
    1450964,
    1467607,
    1484442,
    1500886,
    1517706,
    1534420,
    1550684,
    1567760,
    1584021,
    1600652,
    1617357,
    1634015,
    1650626,
    1667561,
    1684086,
    1700616,
    1717303,
    1734212,
    1750604,
    1770067,
    1804919,
    1818005,
    1833937,
    1851118,
    1867926,
    1884267,
    1901013,
    1917896,
    1934697,
    1951170,
    1967797,
    1984836,
    2001144,
    2017969,
    2034029,
    2051131,
    2067342,
    2084092,
    2100768,
    2117547,
    2134105,
    2150380,
    2167073,
    2183870,
    2200342,
    2218698
  ],
  "average_vsync_transitions_missed": 1.3333333333333333,
  "90th_percentile_vsync_transitions_missed": 2.0,
  "99th_percentile_vsync_transitions_missed": 2.0
}