{
  "average_frame_build_time_millis": 1.3273968253968262,
  "90th_percentile_frame_build_time_millis": 1.539,
  "99th_percentile_frame_build_time_millis": 7.458,
  "worst_frame_build_time_millis": 8.601,
  "missed_frame_build_budget_count": 0,
  "average_frame_rasterizer_time_millis": 2.404317460317461,
  "90th_percentile_frame_rasterizer_time_millis": 2.463,
  "99th_percentile_frame_rasterizer_time_millis": 15.944,
  "worst_frame_rasterizer_time_millis": 42.52,
  "missed_frame_rasterizer_budget_count": 1,
  "frame_count": 126,
  "frame_rasterizer_count": 126,
  "frame_build_times": [
    1263,
    580,
    573,
    595,
    562,
    744,
    721,
    995,
    934,
    266,
    258,
    327,
    433,
    349,
    450,
    433,
    437,
    433,
    452,
    514,
    562,
    433,
    7458,
    1451,
    1025,
    1465,
    1363,
    1366,
    1407,
    1437,
    1370,
    1481,
    1481,
    1401,
    1381,
    1444,
    1014,
    998,
    919,
    959,
    959,
    961,
    928,
    926,
    971,
    927,
    917,
    4010,
    4655,
    1210,
    800,
    488,
    299,
    431,
    415,
    960,
    955,
    1173,
    1482,
    1150,
    1522,
    1015,
    993,
    1016,
    1041,
    986,
    979,
    999,
    1024,
    986,
    971,
    979,
    3095,
    5630,
    1519,
    1444,
    1489,
    1385,
    1449,
    1430,
    1367,
    1383,
    1553,
    1419,
    1382,
    1419,
    1515,
    962,
    944,
    952,
    986,
    928,
    965,
    953,
    996,
    940,
    963,
    964,
    4561,
    838,
    8601,
    2143,
    1139,
    1539,
    1423,
    1606,
    1449,
    1572,
    1494,
    1484,
    1464,
    1524,
    1529,
    1136,
    1062,
    1068,
    1073,
    1144,
    1067,
    1092,
    1125,
    1068,
    1069,
    1180,
    1059,
    4849
  ],
  "frame_rasterizer_times": [
    15944,
    898,
    369,
    656,
    502,
    397,
    708,
    540,
    549,
    1165,
    1054,
    1367,
    2103,
    1471,
    1819,
    1755,
    2126,
    1794,
    2358,
    1846,
    1479,
    1915,
    1679,
    2438,
    2006,
    2192,
    3527,
    2243,
    2454,
    2264,
    2203,
    2336,
    2444,
    2331,
    2226,
    2265,
    2094,
    2271,
    2208,
    2199,
    2338,
    2193,
    2137,
    2361,
    2338,
    2184,
    2232,
    1945,
    1547,
    42520,
    751,
    532,
    480,
    730,
    704,
    1558,
    1654,
    1937,
    1853,
    1918,
    2236,
    2469,
    2408,
    3278,
    2620,
    2398,
    2310,
    2345,
    2263,
    2262,
    2320,
    2296,
    1745,
    1517,
    1986,
    2578,
    2400,
    2988,
    3443,
    2768,
    2252,
    2261,
    2463,
    2355,
    1912,
    2217,
    2600,
    2198,
    2273,
    2232,
    2338,
    2332,
    2221,
    2321,
    2366,
    2234,
    2263,
    2491,
    1694,
    1591,
    1417,
    2072,
    1551,
    2068,
    2112,
    1982,
    2038,
    1972,
    2077,
    2047,
    2018,
    2036,
    2052,
    1962,
    1956,
    2165,
    2042,
    2059,
    1983,
    2181,
    1981,
    2036,
    2013,
    1910,
    1975,
    1888
  ],
  "frame_begin_times": [
    0,
    16592,
    33302,
    49996,
    66610,
    83290,
    99971,
    116679,
    133362,
    150389,
    166800,
    183514,
    200496,
    216911,
    233676,
    250367,
    267235,
    283683,
    300374,
    316976,
    333771,
    350357,
    416828,
    433465,
    450211,
    467143,
    483656,
    500331,
    517095,
    533715,
    550347,
    567021,
    583874,
    600378,
    617030,
    633644,
    650377,
    667034,
    683622,
    700251,
    716973,
    733605,
    750321,
    767047,
    783717,
    800389,
    816912,
    833741,
    866686,
    883511,
    900035,
    933251,
    949911,
    966613,
    983288,
    1000205,
    1016818,
    1033544,
    1050326,
    1066859,
    1083515,
    1100283,
    1117007,
    1133626,
    1150425,
    1167027,
    1183638,
    1200296,
    1217194,
    1233658,
    1250301,
    1266933,
    1283524,
    1316644,
    1333551,
    1350276,
    1367013,
    1383589,
    1400399,
    1416972,
    1433595,
    1450316,
    1467054,
    1483639,
    1500227,
    1516898,
    1533748,
    1550241,
    1566952,
    1583603,
    1600509,
    1616852,
    1633544,
    1650293,
    1666972,
    1683582,
    1700264,
    1717005,
    1733643,
    1766748,
    1783654,
    1800096,
    1816797,
    1833542,
    1850602,
    1866964,
    1883617,
    1900223,
    1917239,
    1933528,
    1950256,
    1966824,
    1983658,
    2000246,
    2016942,
    2033633,
    2050333,
    2066877,
    2083585,
    2100311,
    2116944,
    2133583,
    2150275,
    2167100,
    2183555,
    2200226
  ],
  "frame_rasterizer_begin_times": [
    0,
    15982,
    32565,
    49226,
    65807,
    82717,
    99434,
    116354,
    132953,
    149315,
    165714,
    182509,
    199654,
    215929,
    232782,
    249522,
    266388,
    282826,
    299577,
    316212,
    332954,
    349477,
    422626,
    433612,
    449973,
    467332,
    483752,
    500403,
    517220,
    533822,
    550424,
    567179,
    584040,
    600513,
    617090,
    633825,
    650128,
    666630,
    683275,
    699902,
    716644,
    733229,
    749938,
    766614,
    783405,
    800009,
    816514,
    836435,
    869779,
    883397,
    926047,
    932398,
    948850,
    965751,
    982401,
    999838,
    1016458,
    1033355,
    1050462,
    1066700,
    1083744,
    1100051,
    1116719,
    1133364,
    1150139,
    1166751,
    1183322,
    1200033,
    1216960,
    1233358,
    1249981,
    1266569,
    1284965,
    1320725,
    1333732,
    1350429,
    1367114,
    1383708,
    1400546,
    1417085,
    1433700,
    1450402,
    1467190,
    1483785,
    1500342,
    1517020,
    1533979,
    1549914,
    1566569,
    1583260,
    1600200,
    1616498,
    1633219,
    1649915,
    1666700,
    1683262,
    1699843,
    1716653,
    1736741,
    1766288,
    1790708,
    1800868,
    1816635,
    1833672,
    1850720,
    1867278,
    1883774,
    1900422,
    1917426,
    1933727,
    1950429,
    1967039,
    1983907,
    1999962,
    2016638,
    2033401,
    2050126,
    2066734,
    2083316,
    2100132,
    2116809,
    2133345,
    2150060,
    2166868,
    2183288,
    2203334
  ],
  "average_vsync_transitions_missed": 1.25,
  "90th_percentile_vsync_transitions_missed": 2.0,
  "99th_percentile_vsync_transitions_missed": 2.0
}