{
  "average_frame_build_time_millis": 1.35584126984127,
  "90th_percentile_frame_build_time_millis": 1.69,
  "99th_percentile_frame_build_time_millis": 6.375,
  "worst_frame_build_time_millis": 8.545,
  "missed_frame_build_budget_count": 0,
  "average_frame_rasterizer_time_millis": 4.913650793650793,
  "90th_percentile_frame_rasterizer_time_millis": 16.426,
  "99th_percentile_frame_rasterizer_time_millis": 17.494,
  "worst_frame_rasterizer_time_millis": 37.785,
  "missed_frame_rasterizer_budget_count": 22,
  "frame_count": 126,
  "frame_rasterizer_count": 126,
  "frame_build_times": [
    866,
    439,
    598,
    578,
    795,
    815,
    812,
    1063,
    1005,
    307,
    318,
    356,
    357,
    443,
    462,
    411,
    441,
    407,
    444,
    452,
    442,
    355,
    5753,
    1618,
    1094,
    1831,
    1487,
    1486,
    1690,
    1635,
    1431,
    1698,
    1417,
    2418,
    1541,
    1474,
    955,
    788,
    978,
    1012,
    1076,
    1077,
    975,
    947,
    1150,
    986,
    1121,
    3425,
    4770,
    995,
    391,
    551,
    368,
    387,
    454,
    1001,
    1052,
    1187,
    1026,
    1187,
    1528,
    1080,
    1162,
    1046,
    1019,
    1189,
    1036,
    1096,
    1188,
    1058,
    1036,
    1030,
    4023,
    6375,
    1496,
    1402,
    1527,
    1387,
    1412,
    1479,
    1384,
    1419,
    1408,
    1468,
    1415,
    1430,
    1433,
    746,
    1028,
    988,
    995,
    1030,
    975,
    979,
    991,
    1002,
    991,
    973,
    4296,
    1123,
    8545,
    2858,
    1449,
    1456,
    1454,
    1507,
    1527,
    1122,
    1449,
    1516,
    1484,
    1486,
    1512,
    1134,
    1029,
    1253,
    1230,
    1051,
    1116,
    1045,
    1090,
    1035,
    1130,
    1038,
    1074,
    5005
  ],
  "frame_rasterizer_times": [
    16359,
    16516,
    16565,
    16776,
    16426,
    16200,
    16652,
    16065,
    17266,
    15983,
    17103,
    16177,
    17494,
    16020,
    16363,
    16592,
    16972,
    16246,
    16728,
    16408,
    16303,
    17016,
    1474,
    2225,
    1888,
    2868,
    3540,
    2311,
    2350,
    2951,
    2323,
    2348,
    2287,
    2361,
    1934,
    2360,
    2246,
    1661,
    2734,
    2205,
    2512,
    2334,
    2193,
    2343,
    2535,
    2370,
    2331,
    1272,
    1741,
    37785,
    731,
    505,
    495,
    728,
    675,
    1568,
    1580,
    1924,
    1649,
    1824,
    1914,
    2586,
    2363,
    3304,
    2334,
    2395,
    2285,
    2292,
    2290,
    1830,
    2398,
    2054,
    2878,
    1730,
    1900,
    2234,
    2537,
    2966,
    2238,
    2468,
    2326,
    2228,
    2335,
    2124,
    2313,
    2274,
    2308,
    1771,
    2500,
    2193,
    2240,
    2282,
    2202,
    2259,
    2446,
    2322,
    2200,
    2196,
    1837,
    1315,
    1331,
    1697,
    1808,
    2281,
    2479,
    2146,
    2098,
    1516,
    2235,
    2112,
    2068,
    2140,
    2458,
    1960,
    1968,
    2910,
    2132,
    2087,
    2147,
    2002,
    1634,
    2143,
    1996,
    1835,
    2088,
    1791
  ],
  "frame_begin_times": [
    0,
    16668,
    33357,
    50033,
    66743,
    83411,
    100056,
    116749,
    133396,
    150635,
    166971,
    183648,
    200260,
    217523,
    233830,
    250510,
    267072,
    284092,
    300397,
    317163,
    333709,
    350313,
    417209,
    433511,
    450255,
    467411,
    483747,
    500431,
    517118,
    534048,
    550493,
    567279,
    583774,
    600781,
    617283,
    633745,
    650279,
    666969,
    683731,
    700453,
    717115,
    733830,
    750400,
    766997,
    784103,
    800411,
    817078,
    833837,
    866846,
    883460,
    900001,
    933351,
    949989,
    966691,
    983269,
    1000272,
    1016896,
    1033583,
    1050227,
    1067009,
    1083648,
    1100565,
    1117059,
    1133710,
    1150346,
    1167215,
    1183792,
    1200285,
    1217036,
    1233938,
    1250411,
    1267039,
    1283804,
    1316974,
    1333621,
    1350352,
    1367024,
    1383682,
    1400317,
    1417103,
    1433626,
    1450402,
    1466988,
    1484107,
    1500401,
    1517052,
    1533766,
    1550575,
    1567019,
    1583638,
    1600318,
    1616951,
    1633714,
    1650429,
    1667017,
    1683691,
    1700374,
    1717063,
    1733797,
    1766824,
    1783591,
    1800753,
    1817214,
    1833758,
    1850592,
    1867905,
    1883688,
    1900219,
    1917203,
    1933731,
    1950298,
    1967063,
    1983656,
    2000395,
    2017135,
    2033631,
    2050901,
    2067190,
    2083620,
    2100626,
    2117867,
    2133587,
    2150296,
    2167023,
    2184297,
    2200288
  ],
  "frame_rasterizer_begin_times": [
    0,
    16449,
    33083,
    49745,
    66664,
    83371,
    99986,
    116958,
    133548,
    150897,
    166922,
    184100,
    200329,
    218097,
    234220,
    250651,
    267315,
    284347,
    300669,
    317519,
    334032,
    350407,
    421847,
    434246,
    450445,
    468287,
    484365,
    501020,
    517918,
    534759,
    551060,
    568137,
    584307,
    602308,
    617859,
    634352,
    650338,
    666846,
    683835,
    700597,
    717216,
    733990,
    750505,
    767063,
    784353,
    800529,
    817185,
    836344,
    870491,
    883535,
    921402,
    932954,
    949414,
    966143,
    982786,
    1000361,
    1016996,
    1033847,
    1050351,
    1067279,
    1084337,
    1100790,
    1117331,
    1133871,
    1150492,
    1167510,
    1183962,
    1200533,
    1217214,
    1234088,
    1250597,
    1267165,
    1286446,
    1322249,
    1334201,
    1350880,
    1367652,
    1384210,
    1400858,
    1417721,
    1434158,
    1450940,
    1467533,
    1484708,
    1500852,
    1517577,
    1534325,
    1550355,
    1567182,
    1583764,
    1600432,
    1617060,
    1633764,
    1650457,
    1667123,
    1683808,
    1700470,
    1717166,
    1737192,
    1767212,
    1790965,
    1802638,
    1817793,
    1834323,
    1851183,
    1868474,
    1884227,
    1900443,
    1917803,
    1934382,
    1950909,
    1967731,
    1984249,
    2000670,
    2017242,
    2033990,
    2051101,
    2067398,
    2083858,
    2100831,
    2118042,
    2133759,
    2150384,
    2167178,
    2184454,
    2203965
  ],
  "average_vsync_transitions_missed": 1.04,
  "90th_percentile_vsync_transitions_missed": 1.0,
  "99th_percentile_vsync_transitions_missed": 2.0
}