{
  "average_frame_build_time_millis": 1.3248479999999994,
  "90th_percentile_frame_build_time_millis": 1.599,
  "99th_percentile_frame_build_time_millis": 5.624,
  "worst_frame_build_time_millis": 6.927,
  "missed_frame_build_budget_count": 0,
  "average_frame_rasterizer_time_millis": 2.3794399999999998,
  "90th_percentile_frame_rasterizer_time_millis": 2.477,
  "99th_percentile_frame_rasterizer_time_millis": 16.438,
  "worst_frame_rasterizer_time_millis": 42.704,
  "missed_frame_rasterizer_budget_count": 2,
  "frame_count": 125,
  "frame_rasterizer_count": 125,
  "frame_build_times": [
    897,
    450,
    614,
    558,
    650,
    790,
    728,
    764,
    1073,
    110,
    278,
    338,
    369,
    729,
    432,
    455,
    471,
    500,
    432,
    471,
    472,
    523,
    6927,
    1998,
    1418,
    1471,
    1137,
    1452,
    1372,
    1413,
    1399,
    1349,
    1388,
    1457,
    1352,
    1402,
    926,
    982,
    954,
    934,
    951,
    955,
    958,
    931,
    981,
    1011,
    934,
    4109,
    5624,
    1651,
    776,
    566,
    308,
    413,
    988,
    880,
    939,
    1181,
    1425,
    1472,
    1523,
    997,
    988,
    956,
    1013,
    773,
    1003,
    991,
    979,
    771,
    973,
    967,
    4092,
    5478,
    1513,
    1457,
    1460,
    1418,
    1401,
    1453,
    1416,
    1424,
    1398,
    1445,
    1405,
    1366,
    1408,
    976,
    949,
    999,
    1087,
    976,
    958,
    969,
    996,
    1065,
    1056,
    966,
    3979,
    5229,
    1782,
    1104,
    1461,
    1599,
    1105,
    1530,
    1496,
    1503,
    1684,
    1575,
    1503,
    1524,
    1569,
    1152,
    1110,
    1069,
    1165,
    1135,
    1145,
    1132,
    1113,
    1097,
    1126,
    1089,
    5077
  ],
  "frame_rasterizer_times": [
    16438,
    1240,
    367,
    636,
    733,
    405,
    726,
    508,
    907,
    528,
    1198,
    1147,
    1431,
    1916,
    1779,
    1754,
    1604,
    1886,
    1820,
    1762,
    1760,
    2042,
    1716,
    2512,
    2419,
    2767,
    2727,
    1766,
    2204,
    1780,
    2237,
    2222,
    2267,
    2327,
    2218,
    2172,
    2406,
    2375,
    2311,
    2216,
    2436,
    2327,
    2188,
    2157,
    2376,
    2237,
    2168,
    1656,
    1673,
    42704,
    768,
    509,
    491,
    736,
    1305,
    1498,
    1587,
    2067,
    2345,
    2443,
    2380,
    2499,
    2371,
    3301,
    2319,
    1791,
    2261,
    2308,
    2251,
    2178,
    2288,
    2272,
    2358,
    1559,
    1861,
    2577,
    2493,
    2917,
    2250,
    2813,
    2249,
    2231,
    2306,
    2433,
    2284,
    2279,
    1739,
    2134,
    2207,
    2188,
    2443,
    2305,
    2422,
    2168,
    2507,
    2266,
    2216,
    2182,
    1304,
    1082,
    1571,
    1656,
    2031,
    2477,
    1557,
    2021,
    1991,
    1985,
    2165,
    2080,
    2062,
    1676,
    2167,
    2038,
    1983,
    1914,
    1844,
    2016,
    1930,
    1910,
    2053,
    1897,
    1911,
    2159,
    1444
  ],
  "frame_begin_times": [
    0,
    16631,
    33325,
    50016,
    66685,
    83330,
    100020,
    116678,
    133345,
    150034,
    167096,
    183527,
    200260,
    217343,
    233697,
    250384,
    267141,
    283800,
    300396,
    317029,
    333719,
    350424,
    416832,
    433696,
    450433,
    467282,
    483587,
    500355,
    517061,
    533856,
    550560,
    567020,
    583729,
    600417,
    617049,
    633690,
    650362,
    667068,
    683797,
    700397,
    717154,
    733760,
    750408,
    767008,
    783907,
    800366,
    817076,
    833676,
    866776,
    883837,
    900137,
    933339,
    949896,
    966607,
    983584,
    1000224,
    1016853,
    1033686,
    1050246,
    1067038,
    1083665,
    1100593,
    1116985,
    1133666,
    1150380,
    1167226,
    1183767,
    1200399,
    1216964,
    1233561,
    1250376,
    1267074,
    1283727,
    1316878,
    1333561,
    1350547,
    1367084,
    1383672,
    1400327,
    1417207,
    1433489,
    1450310,
    1467037,
    1484217,
    1500302,
    1517034,
    1533658,
    1550498,
    1567028,
    1583654,
    1600290,
    1617125,
    1633647,
    1650377,
    1667081,
    1683643,
    1700343,
    1716937,
    1733802,
    1766612,
    1783458,
    1800256,
    1816986,
    1833610,
    1850179,
    1866973,
    1883635,
    1900389,
    1916982,
    1933684,
    1950512,
    1966992,
    1983771,
    2000329,
    2017013,
    2033603,
    2050601,
    2066962,
    2083643,
    2100360,
    2117300,
    2133633,
    2150386,
    2166896,
    2183609
  ],
  "frame_rasterizer_begin_times": [
    0,
    16493,
    33082,
    49706,
    66465,
    83288,
    99872,
    116563,
    133499,
    149327,
    166478,
    182965,
    199735,
    217091,
    233267,
    250014,
    266757,
    283399,
    299970,
    316646,
    333339,
    350078,
    422637,
    434840,
    450944,
    467848,
    483792,
    500920,
    517566,
    534333,
    551110,
    567531,
    584248,
    600969,
    617574,
    634240,
    650404,
    667212,
    683908,
    700513,
    717259,
    733781,
    750472,
    767093,
    784026,
    800503,
    817158,
    836893,
    871195,
    884632,
    927431,
    932980,
    949376,
    966100,
    983679,
    1000211,
    1016918,
    1034001,
    1050821,
    1067699,
    1084334,
    1100741,
    1117135,
    1133783,
    1150570,
    1167121,
    1183903,
    1200517,
    1217087,
    1233438,
    1250494,
    1267201,
    1286445,
    1321297,
    1334179,
    1351125,
    1367644,
    1384222,
    1400784,
    1417813,
    1434037,
    1450907,
    1467591,
    1484792,
    1500851,
    1517544,
    1534223,
    1550634,
    1567091,
    1583746,
    1600526,
    1617279,
    1633705,
    1650488,
    1667236,
    1683839,
    1700572,
    1717064,
    1736899,
    1770841,
    1784333,
    1800460,
    1817576,
    1834372,
    1850413,
    1867644,
    1884260,
    1901004,
    1917796,
    1934386,
    1951159,
    1967679,
    1984492,
    2000581,
    2017300,
    2033809,
    2050903,
    2067211,
    2083921,
    2100609,
    2117528,
    2133891,
    2150625,
    2167152,
    2187446
  ],
  "average_vsync_transitions_missed": 1.25,
  "90th_percentile_vsync_transitions_missed": 2.0,
  "99th_percentile_vsync_transitions_missed": 2.0
}