{
  "average_frame_build_time_millis": 1.329816,
  "90th_percentile_frame_build_time_millis": 1.594,
  "99th_percentile_frame_build_time_millis": 6.628,
  "worst_frame_build_time_millis": 6.641,
  "missed_frame_build_budget_count": 0,
  "average_frame_rasterizer_time_millis": 4.964119999999998,
  "90th_percentile_frame_rasterizer_time_millis": 16.532,
  "99th_percentile_frame_rasterizer_time_millis": 18.097,
  "worst_frame_rasterizer_time_millis": 42.513,
  "missed_frame_rasterizer_budget_count": 22,
  "frame_count": 125,
  "frame_rasterizer_count": 125,
  "frame_build_times": [
    904,
    476,
    572,
    606,
    799,
    798,
    753,
    1083,
    935,
    291,
    281,
    311,
    346,
    463,
    444,
    439,
    508,
    452,
    443,
    475,
    449,
    455,
    6628,
    1961,
    1450,
    1466,
    1359,
    1394,
    1431,
    1407,
    1393,
    1417,
    1496,
    1081,
    1382,
    1458,
    741,
    999,
    950,
    935,
    976,
    988,
    934,
    952,
    966,
    951,
    949,
    4028,
    5441,
    1304,
    816,
    540,
    307,
    457,
    443,
    1002,
    1011,
    1064,
    1182,
    927,
    1493,
    1050,
    997,
    1036,
    1025,
    1049,
    993,
    1182,
    1267,
    751,
    1007,
    1009,
    4228,
    6641,
    1481,
    1418,
    2238,
    1043,
    978,
    1452,
    1450,
    1405,
    1425,
    1412,
    1368,
    1360,
    1490,
    963,
    962,
    981,
    989,
    949,
    933,
    957,
    953,
    940,
    940,
    923,
    4436,
    6050,
    2144,
    1208,
    1434,
    1473,
    1674,
    1570,
    1475,
    1432,
    1594,
    1447,
    1423,
    1439,
    1592,
    1090,
    1075,
    1030,
    910,
    1084,
    1076,
    1040,
    1091,
    1053,
    1059,
    1117,
    5004
  ],
  "frame_rasterizer_times": [
    16343,
    16570,
    16646,
    16625,
    16495,
    16293,
    16796,
    16120,
    16773,
    16965,
    16085,
    18097,
    15981,
    16205,
    16532,
    17185,
    16106,
    16471,
    16766,
    16614,
    16408,
    16747,
    1633,
    2331,
    2415,
    2496,
    3467,
    2247,
    2458,
    2374,
    2229,
    2292,
    2645,
    1739,
    2157,
    2261,
    1770,
    2220,
    2188,
    2156,
    2288,
    2239,
    2153,
    2451,
    2338,
    2396,
    2047,
    2125,
    1650,
    42513,
    735,
    677,
    477,
    684,
    742,
    1528,
    1552,
    1617,
    1810,
    1752,
    2176,
    2469,
    2376,
    3325,
    2752,
    2291,
    2321,
    2347,
    3098,
    1649,
    2175,
    2279,
    2201,
    1655,
    2089,
    2465,
    2744,
    2308,
    1587,
    2439,
    2368,
    1809,
    2474,
    2320,
    2239,
    2244,
    2423,
    2289,
    2184,
    2198,
    2432,
    2265,
    2196,
    2281,
    2300,
    2270,
    2186,
    2169,
    1766,
    1194,
    1909,
    1616,
    2021,
    2420,
    2180,
    2020,
    2081,
    2008,
    2281,
    2165,
    1963,
    2006,
    2038,
    2007,
    1891,
    1991,
    2009,
    1911,
    2012,
    2119,
    2061,
    1960,
    1881,
    2151,
    1786
  ],
  "frame_begin_times": [
    0,
    16704,
    33390,
    50096,
    66740,
    83373,
    100078,
    116789,
    133444,
    150404,
    166973,
    183609,
    201331,
    217269,
    233790,
    250489,
    267900,
    283882,
    300521,
    317112,
    334161,
    350451,
    416918,
    433689,
    450597,
    467161,
    483810,
    500462,
    517417,
    533750,
    550473,
    567131,
    583939,
    600368,
    617192,
    633766,
    650506,
    667181,
    683762,
    700491,
    717279,
    733828,
    750493,
    767472,
    783772,
    800551,
    817208,
    833904,
    866903,
    883634,
    900164,
    933412,
    950028,
    966720,
    983366,
    1000368,
    1016936,
    1033655,
    1050377,
    1066884,
    1083722,
    1100468,
    1117158,
    1133713,
    1150530,
    1167139,
    1183756,
    1200350,
    1217842,
    1233664,
    1250368,
    1267036,
    1283831,
    1316864,
    1333578,
    1350437,
    1367186,
    1383600,
    1400273,
    1417123,
    1433594,
    1450350,
    1467192,
    1483701,
    1500421,
    1517085,
    1533946,
    1550566,
    1567056,
    1583668,
    1600564,
    1617068,
    1633727,
    1650309,
    1667109,
    1683747,
    1700340,
    1717148,
    1733804,
    1766770,
    1783632,
    1800221,
    1817115,
    1833687,
    1850499,
    1866973,
    1883629,
    1900382,
    1917206,
    1933718,
    1950389,
    1967089,
    1984183,
    2000318,
    2017083,
    2033729,
    2050312,
    2067066,
    2083734,
    2100329,
    2117057,
    2133649,
    2150351,
    2167123,
    2183672
  ],
  "frame_rasterizer_begin_times": [
    0,
    16406,
    33019,
    49847,
    66690,
    83287,
    99982,
    117016,
    133531,
    150365,
    167385,
    183513,
    201742,
    217809,
    234117,
    250730,
    267986,
    284158,
    300700,
    317539,
    334243,
    350736,
    422333,
    434745,
    451172,
    467753,
    484333,
    500992,
    517990,
    534286,
    551002,
    567654,
    584584,
    600565,
    617685,
    634325,
    650343,
    667345,
    683863,
    700563,
    717317,
    733977,
    750552,
    767564,
    783871,
    800665,
    817290,
    837033,
    871087,
    883962,
    926594,
    933021,
    949435,
    966320,
    982929,
    1000468,
    1017047,
    1033834,
    1050671,
    1066857,
    1084374,
    1100618,
    1117304,
    1133891,
    1150686,
    1167281,
    1183871,
    1200506,
    1218137,
    1233539,
    1250496,
    1267169,
    1286658,
    1322348,
    1334198,
    1350992,
    1368509,
    1383760,
    1400345,
    1417673,
    1434166,
    1450871,
    1467767,
    1484279,
    1500926,
    1517586,
    1534586,
    1550660,
    1567141,
    1583772,
    1600647,
    1617156,
    1633810,
    1650394,
    1667212,
    1683809,
    1700417,
    1717234,
    1737334,
    1771787,
    1784859,
    1800459,
    1817670,
    1834321,
    1851327,
    1867651,
    1884233,
    1900957,
    1917930,
    1934299,
    1950951,
    1967692,
    1984861,
    2000454,
    2017319,
    2033887,
    2050361,
    2067173,
    2083818,
    2100510,
    2117260,
    2133842,
    2150561,
    2167321,
    2187374
  ],
  "average_vsync_transitions_missed": 1.04,
  "90th_percentile_vsync_transitions_missed": 1.0,
  "99th_percentile_vsync_transitions_missed": 2.0
}