{
  "average_frame_build_time_millis": 1.3639840000000005,
  "90th_percentile_frame_build_time_millis": 1.702,
  "99th_percentile_frame_build_time_millis": 8.041,
  "worst_frame_build_time_millis": 8.118,
  "missed_frame_build_budget_count": 0,
  "average_frame_rasterizer_time_millis": 2.268619047619048,
  "90th_percentile_frame_rasterizer_time_millis": 2.466,
  "99th_percentile_frame_rasterizer_time_millis": 3.326,
  "worst_frame_rasterizer_time_millis": 42.752,
  "missed_frame_rasterizer_budget_count": 1,
  "frame_count": 125,
  "frame_rasterizer_count": 126,
  "frame_build_times": [
    508,
    518,
    535,
    576,
    683,
    715,
    1111,
    967,
    148,
    330,
    298,
    341,
    502,
    431,
    440,
    424,
    434,
    440,
    425,
    533,
    457,
    8118,
    1523,
    1060,
    1471,
    1767,
    1419,
    1469,
    1381,
    1127,
    1502,
    1404,
    1564,
    1717,
    1435,
    997,
    1224,
    1025,
    963,
    1157,
    1072,
    1093,
    970,
    966,
    957,
    1052,
    4159,
    5572,
    1297,
    817,
    572,
    331,
    506,
    442,
    883,
    964,
    987,
    1382,
    1537,
    1571,
    1012,
    1702,
    1031,
    1011,
    1042,
    797,
    1017,
    1052,
    768,
    1033,
    983,
    4130,
    6976,
    1462,
    1396,
    1579,
    1381,
    1381,
    1411,
    1736,
    1413,
    1341,
    1419,
    1083,
    1409,
    1468,
    961,
    1104,
    961,
    1041,
    972,
    967,
    951,
    929,
    990,
    966,
    979,
    4525,
    686,
    8041,
    2087,
    970,
    1090,
    1413,
    1509,
    1510,
    1424,
    1455,
    1477,
    1592,
    1449,
    1431,
    1083,
    1056,
    1066,
    1051,
    1055,
    1061,
    1056,
    1120,
    1080,
    1073,
    1057,
    1047,
    4911
  ],
  "frame_rasterizer_times": [
    592,
    446,
    383,
    567,
    491,
    392,
    695,
    765,
    541,
    494,
    1636,
    1470,
    1864,
    1964,
    2406,
    1968,
    2442,
    1871,
    1929,
    2236,
    1858,
    2610,
    1586,
    2028,
    1837,
    2453,
    2796,
    2271,
    2325,
    2319,
    1764,
    2273,
    2271,
    2636,
    2395,
    2417,
    2268,
    2466,
    2584,
    2279,
    2231,
    2604,
    2369,
    1880,
    2191,
    2111,
    2327,
    1575,
    1721,
    42752,
    780,
    521,
    486,
    731,
    659,
    1542,
    1431,
    1536,
    2225,
    1848,
    2395,
    2398,
    2408,
    3326,
    2338,
    2291,
    1895,
    2292,
    2428,
    2111,
    2374,
    2279,
    2135,
    1633,
    1993,
    2386,
    2465,
    2918,
    2032,
    2235,
    2403,
    2272,
    2229,
    2223,
    1981,
    2202,
    2201,
    2518,
    2919,
    2227,
    2313,
    2448,
    2392,
    2223,
    2172,
    2481,
    2199,
    2207,
    1639,
    1272,
    1361,
    1834,
    1376,
    1537,
    2435,
    2175,
    2145,
    1992,
    2013,
    2528,
    2078,
    2044,
    1929,
    2097,
    2012,
    1958,
    1930,
    1535,
    1987,
    1947,
    2028,
    2108,
    1969,
    1856,
    2146,
    1865
  ],
  "frame_begin_times": [
    0,
    16624,
    33290,
    50022,
    66646,
    83260,
    99949,
    116683,
    133369,
    150688,
    166864,
    183583,
    200271,
    217416,
    233708,
    250374,
    267021,
    283770,
    300573,
    317083,
    333957,
    400163,
    416770,
    433485,
    450368,
    467545,
    483627,
    500502,
    517025,
    533599,
    550249,
    567029,
    583714,
    600558,
    617090,
    633719,
    650564,
    667108,
    683661,
    700290,
    717515,
    733664,
    750302,
    767047,
    784076,
    800345,
    816985,
    850350,
    866893,
    883453,
    916559,
    933235,
    949935,
    966551,
    983569,
    1000113,
    1016866,
    1033746,
    1050384,
    1066991,
    1083669,
    1100702,
    1116966,
    1133709,
    1150346,
    1166891,
    1183652,
    1200439,
    1216818,
    1233720,
    1250280,
    1267003,
    1300106,
    1316890,
    1333598,
    1350778,
    1366988,
    1383626,
    1400324,
    1417143,
    1433611,
    1450362,
    1467015,
    1483540,
    1500397,
    1516933,
    1533636,
    1550392,
    1566935,
    1583583,
    1600480,
    1616989,
    1633601,
    1650304,
    1667149,
    1683700,
    1700306,
    1717038,
    1750149,
    1766971,
    1783497,
    1800142,
    1816786,
    1833465,
    1850291,
    1867111,
    1883561,
    1900273,
    1917097,
    1933644,
    1950269,
    1966922,
    1983747,
    2000404,
    2016900,
    2033555,
    2050385,
    2066925,
    2083632,
    2100256,
    2117015,
    2133588,
    2150292,
    2166903,
    2183618
  ],
  "frame_rasterizer_begin_times": [
    0,
    16182,
    32819,
    49520,
    66282,
    82971,
    99671,
    116797,
    133367,
    149114,
    166646,
    182806,
    199549,
    216437,
    233514,
    249767,
    266470,
    283121,
    299889,
    316677,
    333191,
    350066,
    423665,
    433937,
    450208,
    467515,
    484877,
    500713,
    517651,
    534058,
    550366,
    567371,
    584102,
    600954,
    617937,
    634197,
    650362,
    667376,
    683780,
    700286,
    717091,
    734284,
    750330,
    766943,
    783643,
    800642,
    817067,
    836700,
    871294,
    883769,
    926630,
    932769,
    949193,
    966057,
    982700,
    1000074,
    1016709,
    1033499,
    1050699,
    1067528,
    1084227,
    1100350,
    1118011,
    1133658,
    1150408,
    1167057,
    1183315,
    1200325,
    1217141,
    1233213,
    1250435,
    1266951,
    1286301,
    1322641,
    1333978,
    1350705,
    1367989,
    1384055,
    1400671,
    1417367,
    1434548,
    1450666,
    1467373,
    1484107,
    1500272,
    1517337,
    1534056,
    1550282,
    1567034,
    1583562,
    1600291,
    1617033,
    1633642,
    1650245,
    1666899,
    1683808,
    1700344,
    1716947,
    1737095,
    1766482,
    1790439,
    1801180,
    1816711,
    1833513,
    1850491,
    1867452,
    1884268,
    1900657,
    1917415,
    1934256,
    1950870,
    1967385,
    1984033,
    2000521,
    2017130,
    2033629,
    2050277,
    2067066,
    2083674,
    2100341,
    2116995,
    2133738,
    2150368,
    2167009,
    2183618,
    2203740
  ],
  "average_vsync_transitions_missed": 1.3333333333333333,
  "90th_percentile_vsync_transitions_missed": 2.0,
  "99th_percentile_vsync_transitions_missed": 2.0
}