{
  "average_frame_build_time_millis": 1.3317480314960632,
  "90th_percentile_frame_build_time_millis": 1.532,
  "99th_percentile_frame_build_time_millis": 7.678,
  "worst_frame_build_time_millis": 8.463,
  "missed_frame_build_budget_count": 0,
  "average_frame_rasterizer_time_millis": 2.4290390625,
  "90th_percentile_frame_rasterizer_time_millis": 2.38,
  "99th_percentile_frame_rasterizer_time_millis": 3.427,
  "worst_frame_rasterizer_time_millis": 47.722,
  "missed_frame_rasterizer_budget_count": 1,
  "frame_count": 127,
  "frame_rasterizer_count": 128,
  "frame_build_times": [
    535,
    453,
    456,
    448,
    438,
    449,
    433,
    489,
    447,
    437,
    5807,
    1621,
    1509,
    1443,
    1425,
    1507,
    1419,
    1513,
    1462,
    1489,
    1497,
    1407,
    1392,
    1137,
    983,
    948,
    929,
    1003,
    967,
    942,
    962,
    756,
    998,
    962,
    936,
    3898,
    3272,
    661,
    409,
    229,
    113,
    196,
    197,
    497,
    488,
    539,
    450,
    536,
    3112,
    1071,
    1350,
    1339,
    1384,
    1315,
    1427,
    1369,
    1375,
    1353,
    1353,
    1073,
    1358,
    1378,
    921,
    863,
    935,
    939,
    933,
    743,
    929,
    940,
    939,
    1007,
    915,
    4145,
    7678,
    1238,
    1020,
    1181,
    1404,
    1388,
    1353,
    2065,
    1359,
    1429,
    1349,
    1418,
    1342,
    1385,
    887,
    982,
    926,
    920,
    946,
    1022,
    920,
    968,
    1014,
    976,
    931,
    4313,
    941,
    8463,
    2071,
    1085,
    1370,
    1342,
    1532,
    1461,
    980,
    1366,
    1534,
    1485,
    1368,
    1382,
    1037,
    1045,
    1009,
    1015,
    907,
    993,
    987,
    756,
    1029,
    979,
    990,
    1002,
    5039
  ],
  "frame_rasterizer_times": [
    1382,
    2006,
    1841,
    1822,
    2191,
    1901,
    1748,
    1773,
    2021,
    1789,
    1860,
    1512,
    2168,
    2142,
    2445,
    3427,
    2235,
    2319,
    2296,
    2203,
    2405,
    3132,
    2173,
    2248,
    1863,
    2210,
    2227,
    2201,
    2029,
    2170,
    2143,
    2244,
    1876,
    2200,
    2171,
    2213,
    1713,
    1627,
    47722,
    582,
    2050,
    1311,
    1837,
    1868,
    2304,
    1210,
    2307,
    1164,
    1306,
    1876,
    2607,
    2864,
    2286,
    2289,
    2314,
    2354,
    2566,
    2493,
    2375,
    2380,
    2148,
    2346,
    2305,
    2311,
    2015,
    2230,
    2297,
    2252,
    1777,
    2336,
    2182,
    2253,
    2405,
    2210,
    2060,
    1633,
    1797,
    1826,
    2045,
    2829,
    2220,
    2137,
    2332,
    2203,
    2150,
    2152,
    2254,
    2147,
    2155,
    2459,
    2362,
    2124,
    2192,
    2474,
    2292,
    2179,
    2203,
    2342,
    2265,
    2107,
    1602,
    1280,
    1343,
    1791,
    1608,
    2016,
    2344,
    2158,
    2110,
    1571,
    1949,
    2176,
    2067,
    2067,
    1938,
    2271,
    1951,
    1958,
    1957,
    1597,
    1893,
    1920,
    1575,
    2099,
    1931,
    1920,
    2070,
    1758
  ],
  "frame_begin_times": [
    0,
    16630,
    33288,
    50016,
    66570,
    83289,
    99994,
    116705,
    133372,
    149939,
    216286,
    233172,
    249973,
    266593,
    283247,
    299891,
    316609,
    333080,
    349938,
    366682,
    383318,
    399930,
    416626,
    433250,
    449874,
    466584,
    483234,
    500088,
    516555,
    533253,
    549934,
    566473,
    583269,
    599876,
    616554,
    633227,
    666299,
    683204,
    699678,
    732923,
    749457,
    766196,
    782817,
    799792,
    816421,
    833110,
    849754,
    866516,
    883144,
    899753,
    916587,
    933207,
    949952,
    966622,
    983233,
    1000032,
    1016585,
    1033283,
    1049878,
    1066672,
    1083195,
    1099961,
    1116554,
    1133471,
    1149916,
    1166573,
    1183264,
    1199842,
    1216596,
    1233192,
    1249896,
    1266845,
    1283232,
    1299990,
    1333112,
    1349652,
    1366433,
    1383225,
    1399969,
    1416522,
    1433189,
    1450275,
    1466562,
    1483206,
    1499865,
    1516600,
    1533131,
    1549903,
    1566440,
    1583211,
    1599841,
    1616522,
    1633214,
    1649864,
    1666552,
    1683079,
    1700296,
    1716476,
    1733154,
    1749878,
    1782979,
    1799724,
    1816398,
    1833079,
    1849846,
    1866517,
    1883145,
    1899866,
    1916208,
    1933171,
    1949967,
    1966512,
    1983176,
    1999812,
    2016733,
    2033151,
    2049801,
    2066466,
    2083454,
    2099799,
    2116496,
    2133001,
    2149751,
    2166455,
    2183160,
    2199828,
    2216666
  ],
  "frame_rasterizer_begin_times": [
    0,
    16911,
    33514,
    50202,
    66942,
    83403,
    100213,
    116907,
    133672,
    150323,
    166835,
    238291,
    251250,
    267937,
    284552,
    301149,
    317840,
    334528,
    351059,
    367879,
    384658,
    401287,
    417890,
    434498,
    450846,
    467296,
    484008,
    500628,
    517545,
    534001,
    550658,
    567387,
    583663,
    600710,
    617312,
    633956,
    653561,
    686069,
    700359,
    748165,
    749665,
    765977,
    782802,
    799450,
    816687,
    833351,
    850095,
    866630,
    883485,
    902390,
    917292,
    934438,
    951020,
    967828,
    984428,
    1001109,
    1017870,
    1034444,
    1051123,
    1067734,
    1084235,
    1101045,
    1117816,
    1133949,
    1150729,
    1167341,
    1183952,
    1200668,
    1217039,
    1234017,
    1250586,
    1267315,
    1284330,
    1300523,
    1320059,
    1357016,
    1367328,
    1383899,
    1400905,
    1417873,
    1434301,
    1451042,
    1468821,
    1484366,
    1501110,
    1517711,
    1534467,
    1550972,
    1567783,
    1583792,
    1600671,
    1617242,
    1633946,
    1650653,
    1667333,
    1683949,
    1700503,
    1717783,
    1733931,
    1750551,
    1770636,
    1800408,
    1824446,
    1834876,
    1850676,
    1867677,
    1884338,
    1901128,
    1917803,
    1933654,
    1951008,
    1967958,
    1984494,
    2001013,
    2017684,
    2034247,
    2050689,
    2067302,
    2083951,
    2100803,
    2117272,
    2133959,
    2150258,
    2167248,
    2183908,
    2200627,
    2217301,
    2237702
  ],
  "average_vsync_transitions_missed": 1.5,
  "90th_percentile_vsync_transitions_missed": 2.0,
  "99th_percentile_vsync_transitions_missed": 2.0
}