{
  "average_frame_build_time_millis": 1.3367039999999997,
  "90th_percentile_frame_build_time_millis": 1.571,
  "99th_percentile_frame_build_time_millis": 6.387,
  "worst_frame_build_time_millis": 7.328,
  "missed_frame_build_budget_count": 0,
  "average_frame_rasterizer_time_millis": 2.264968,
  "90th_percentile_frame_rasterizer_time_millis": 2.486,
  "99th_percentile_frame_rasterizer_time_millis": 3.502,
  "worst_frame_rasterizer_time_millis": 42.468,
  "missed_frame_rasterizer_budget_count": 1,
  "frame_count": 125,
  "frame_rasterizer_count": 125,
  "frame_build_times": [
    1758,
    904,
    536,
    554,
    552,
    886,
    751,
    993,
    997,
    295,
    266,
    270,
    337,
    507,
    462,
    434,
    459,
    435,
    443,
    419,
    432,
    380,
    7328,
    2007,
    1399,
    1394,
    1447,
    1359,
    1362,
    1421,
    1483,
    1379,
    1456,
    1564,
    1384,
    1476,
    913,
    905,
    961,
    999,
    925,
    823,
    926,
    940,
    960,
    955,
    930,
    3994,
    4570,
    1252,
    764,
    566,
    309,
    439,
    457,
    949,
    962,
    963,
    960,
    1411,
    1529,
    973,
    1045,
    974,
    961,
    1021,
    1112,
    968,
    1067,
    1197,
    988,
    1026,
    4183,
    6227,
    1467,
    1364,
    1381,
    1382,
    1391,
    1404,
    1408,
    1399,
    1571,
    1716,
    1422,
    1392,
    1410,
    989,
    994,
    1090,
    1025,
    1000,
    985,
    934,
    794,
    1021,
    1039,
    1015,
    5243,
    6387,
    1566,
    982,
    1150,
    1527,
    1534,
    1658,
    1536,
    1548,
    1536,
    1159,
    1490,
    1513,
    1540,
    1138,
    1096,
    1064,
    1310,
    1159,
    1086,
    1089,
    1134,
    1074,
    1078,
    1066,
    4199
  ],
  "frame_rasterizer_times": [
    1138,
    684,
    381,
    625,
    574,
    711,
    839,
    572,
    555,
    1210,
    1184,
    1132,
    1379,
    1971,
    1888,
    1791,
    1766,
    2016,
    1811,
    1836,
    1810,
    1718,
    1745,
    2346,
    2330,
    2550,
    3502,
    2253,
    2273,
    2453,
    2294,
    2265,
    2203,
    2162,
    2313,
    2228,
    2178,
    1790,
    2205,
    2228,
    2216,
    1807,
    2190,
    2196,
    2262,
    2297,
    2156,
    1570,
    1704,
    42468,
    802,
    478,
    501,
    717,
    665,
    1533,
    1563,
    1527,
    1649,
    2077,
    2359,
    2486,
    2443,
    3352,
    2303,
    2594,
    2345,
    2288,
    2314,
    2585,
    2276,
    2291,
    2235,
    1620,
    1883,
    2394,
    2581,
    2920,
    2337,
    2476,
    2594,
    1997,
    2324,
    2927,
    2366,
    2299,
    2298,
    2990,
    2338,
    2890,
    2355,
    2390,
    2356,
    2296,
    1568,
    2204,
    2206,
    2393,
    1746,
    1247,
    1389,
    1696,
    1516,
    2143,
    2002,
    2289,
    1825,
    1964,
    1991,
    1575,
    1998,
    1969,
    2176,
    2056,
    1932,
    1950,
    2196,
    2004,
    2019,
    1899,
    2158,
    1980,
    1916,
    1909,
    1416
  ],
  "frame_begin_times": [
    0,
    66583,
    83356,
    99995,
    116637,
    133348,
    149972,
    166717,
    183348,
    200320,
    216917,
    233514,
    250308,
    267140,
    283748,
    300398,
    317112,
    333855,
    350397,
    367120,
    383712,
    400564,
    466893,
    483681,
    500419,
    517080,
    533799,
    550396,
    566980,
    583725,
    600386,
    617059,
    633734,
    650644,
    667135,
    683758,
    700307,
    717118,
    733682,
    750360,
    766981,
    783667,
    800319,
    816980,
    833669,
    850387,
    867057,
    883743,
    916696,
    933585,
    950060,
    983320,
    999919,
    1016656,
    1033303,
    1050253,
    1066877,
    1083539,
    1100209,
    1116834,
    1133670,
    1150368,
    1167044,
    1183657,
    1200390,
    1217098,
    1233727,
    1250337,
    1267074,
    1283883,
    1300411,
    1316973,
    1333681,
    1366908,
    1383416,
    1400468,
    1416924,
    1433702,
    1450318,
    1466993,
    1483673,
    1500468,
    1516995,
    1534085,
    1550404,
    1567101,
    1583645,
    1600754,
    1616988,
    1633603,
    1650349,
    1668047,
    1683633,
    1700319,
    1716860,
    1733745,
    1750325,
    1766958,
    1783601,
    1816735,
    1833305,
    1850270,
    1866888,
    1883587,
    1900255,
    1917271,
    1933525,
    1950231,
    1966984,
    1984023,
    2000352,
    2016903,
    2033612,
    2050266,
    2066926,
    2083580,
    2100297,
    2117066,
    2133576,
    2150229,
    2167221,
    2183644,
    2200319,
    2216924,
    2233848
  ],
  "frame_rasterizer_begin_times": [
    0,
    16944,
    33395,
    50000,
    66648,
    83717,
    100203,
    117198,
    133778,
    150067,
    166633,
    183232,
    200105,
    217072,
    233725,
    250281,
    267072,
    283773,
    300335,
    317062,
    333644,
    350417,
    423401,
    435203,
    451312,
    467970,
    484745,
    501255,
    517857,
    534644,
    551338,
    567951,
    584690,
    601683,
    618002,
    634709,
    650715,
    667409,
    684128,
    700839,
    717400,
    733950,
    750747,
    767378,
    784109,
    800859,
    817480,
    837194,
    870435,
    884244,
    926807,
    933401,
    949736,
    966574,
    983262,
    1000656,
    1017301,
    1033961,
    1050670,
    1067700,
    1084731,
    1100825,
    1117558,
    1134145,
    1150835,
    1167575,
    1184203,
    1200832,
    1217491,
    1234712,
    1250892,
    1267472,
    1286875,
    1322421,
    1334350,
    1351223,
    1367803,
    1384587,
    1401212,
    1417886,
    1434572,
    1451370,
    1468044,
    1485462,
    1501315,
    1517983,
    1534554,
    1551267,
    1567496,
    1584178,
    1601087,
    1618535,
    1634115,
    1650762,
    1667025,
    1684261,
    1700883,
    1717421,
    1738314,
    1772420,
    1784304,
    1800725,
    1817494,
    1834615,
    1851274,
    1868453,
    1884577,
    1901301,
    1918018,
    1934593,
    1951260,
    1967916,
    1984650,
    2000896,
    2017476,
    2034134,
    2050992,
    2067698,
    2084156,
    2100840,
    2117880,
    2134202,
    2150844,
    2167473,
    2187190
  ],
  "average_vsync_transitions_missed": 1.75,
  "90th_percentile_vsync_transitions_missed": 3.0,
  "99th_percentile_vsync_transitions_missed": 3.0
}