{
  "average_frame_build_time_millis": 1.2668174603174605,
  "90th_percentile_frame_build_time_millis": 1.541,
  "99th_percentile_frame_build_time_millis": 6.526,
  "worst_frame_build_time_millis": 7.898,
  "missed_frame_build_budget_count": 0,
  "average_frame_rasterizer_time_millis": 2.3021439999999997,
  "90th_percentile_frame_rasterizer_time_millis": 2.434,
  "99th_percentile_frame_rasterizer_time_millis": 16.421,
  "worst_frame_rasterizer_time_millis": 41.728,
  "missed_frame_rasterizer_budget_count": 2,
  "frame_count": 126,
  "frame_rasterizer_count": 125,
  "frame_build_times": [
    1341,
    929,
    475,
    580,
    630,
    802,
    819,
    780,
    807,
    1005,
    257,
    289,
    364,
    327,
    361,
    451,
    513,
    371,
    484,
    425,
    504,
    485,
    476,
    1914,
    588,
    378,
    417,
    910,
    934,
    995,
    1304,
    1462,
    1619,
    1474,
    1521,
    1580,
    1510,
    969,
    969,
    1140,
    978,
    1031,
    1120,
    1071,
    1018,
    990,
    1015,
    963,
    4262,
    5437,
    1417,
    840,
    525,
    302,
    407,
    406,
    962,
    1016,
    981,
    1111,
    1505,
    1529,
    964,
    990,
    800,
    988,
    959,
    993,
    1011,
    980,
    1028,
    1005,
    1021,
    4325,
    6526,
    1541,
    1404,
    1418,
    1096,
    1435,
    1401,
    1391,
    1057,
    1385,
    1564,
    1359,
    1422,
    1442,
    937,
    994,
    969,
    954,
    946,
    976,
    996,
    720,
    1047,
    872,
    4144,
    680,
    7898,
    2177,
    1444,
    1449,
    1515,
    1452,
    1480,
    1498,
    1502,
    1453,
    1477,
    1496,
    1490,
    1108,
    1087,
    931,
    1090,
    1061,
    1087,
    844,
    1050,
    1072,
    1108,
    1100,
    1072,
    4893
  ],
  "frame_rasterizer_times": [
    16421,
    1327,
    391,
    626,
    678,
    439,
    774,
    436,
    506,
    1187,
    1070,
    1319,
    1340,
    1420,
    1823,
    1992,
    1457,
    1778,
    1827,
    2017,
    1864,
    1892,
    786,
    969,
    712,
    961,
    1871,
    1684,
    1498,
    1828,
    2204,
    2394,
    2357,
    2385,
    2444,
    2307,
    2271,
    2342,
    2582,
    2331,
    2347,
    2263,
    2492,
    2303,
    2451,
    2300,
    1618,
    1234,
    1845,
    41728,
    737,
    485,
    473,
    710,
    714,
    1643,
    1619,
    1599,
    1870,
    2072,
    2389,
    2434,
    2356,
    2990,
    2420,
    2274,
    2487,
    2408,
    2316,
    2395,
    2381,
    2382,
    2076,
    1537,
    2013,
    2451,
    2395,
    2468,
    2274,
    2271,
    2306,
    2255,
    2281,
    2266,
    2395,
    2359,
    2295,
    2273,
    2453,
    2276,
    2304,
    2217,
    2428,
    2329,
    1761,
    2213,
    1925,
    1753,
    1295,
    1345,
    1767,
    1918,
    2098,
    2468,
    2033,
    2073,
    1826,
    2069,
    2052,
    2050,
    2038,
    1960,
    1980,
    1973,
    1711,
    1967,
    1924,
    1951,
    1545,
    2022,
    1921,
    2167,
    2025,
    1902,
    1869
  ],
  "frame_begin_times": [
    0,
    49956,
    66614,
    83259,
    99903,
    116657,
    133338,
    149980,
    166642,
    183324,
    200291,
    216951,
    233558,
    250205,
    266903,
    283702,
    300614,
    316970,
    333733,
    350405,
    367177,
    383793,
    400340,
    490468,
    507105,
    523814,
    533258,
    550263,
    566817,
    583487,
    600218,
    616874,
    633688,
    650316,
    667014,
    683879,
    700400,
    717013,
    733655,
    750732,
    767033,
    783696,
    800386,
    817448,
    833652,
    850226,
    867033,
    883841,
    900319,
    933541,
    950200,
    966769,
    999862,
    1016572,
    1033299,
    1049956,
    1067017,
    1083495,
    1100063,
    1116856,
    1134081,
    1150382,
    1167028,
    1183668,
    1200174,
    1216970,
    1233670,
    1250385,
    1267011,
    1283761,
    1300445,
    1317011,
    1333614,
    1350332,
    1383684,
    1400231,
    1416914,
    1433628,
    1450683,
    1467076,
    1483662,
    1500350,
    1516914,
    1533612,
    1550368,
    1566961,
    1583714,
    1600335,
    1616955,
    1633694,
    1650415,
    1666980,
    1683579,
    1700644,
    1716918,
    1733529,
    1750312,
    1767252,
    1783836,
    1816781,
    1833713,
    1850140,
    1866892,
    1883583,
    1900457,
    1917091,
    1933694,
    1950681,
    1967012,
    1983615,
    2000306,
    2017121,
    2033591,
    2050329,
    2066854,
    2083803,
    2100320,
    2116904,
    2133473,
    2150179,
    2166894,
    2183651,
    2200253,
    2216905,
    2233577,
    2250206
  ],
  "frame_rasterizer_begin_times": [
    0,
    16467,
    32929,
    49574,
    66591,
    83240,
    99856,
    116536,
    133475,
    149612,
    166302,
    183012,
    199611,
    216353,
    233274,
    250133,
    266412,
    283285,
    299925,
    316741,
    333371,
    349889,
    441351,
    456783,
    473298,
    482809,
    500254,
    516829,
    533572,
    550540,
    567523,
    584424,
    600890,
    617621,
    634582,
    651026,
    667081,
    683798,
    701021,
    717124,
    733837,
    750605,
    767656,
    783697,
    800358,
    817141,
    833886,
    853600,
    887769,
    900760,
    942705,
    949493,
    965948,
    982786,
    999520,
    1017074,
    1033590,
    1050108,
    1067046,
    1084697,
    1101037,
    1117133,
    1133757,
    1150065,
    1167057,
    1183743,
    1200505,
    1217149,
    1233848,
    1250557,
    1267126,
    1283712,
    1303184,
    1339091,
    1350848,
    1367427,
    1384153,
    1400846,
    1417621,
    1434141,
    1450807,
    1467043,
    1484107,
    1501047,
    1517316,
    1534243,
    1550882,
    1567004,
    1583834,
    1600522,
    1617070,
    1633636,
    1650742,
    1667007,
    1683350,
    1700450,
    1717138,
    1737044,
    1766485,
    1790369,
    1801368,
    1817477,
    1834144,
    1851069,
    1867697,
    1884286,
    1901299,
    1917640,
    1934197,
    1950923,
    1967731,
    1984192,
    2000461,
    2017035,
    2033838,
    2050520,
    2067037,
    2083683,
    2100045,
    2117040,
    2133814,
    2150439,
    2167084,
    2183806,
    2203767
  ],
  "average_vsync_transitions_missed": 1.25,
  "90th_percentile_vsync_transitions_missed": 2.0,
  "99th_percentile_vsync_transitions_missed": 2.0
}