{
  "average_frame_build_time_millis": 1.345928,
  "90th_percentile_frame_build_time_millis": 1.67,
  "99th_percentile_frame_build_time_millis": 6.137,
  "worst_frame_build_time_millis": 6.557,
  "missed_frame_build_budget_count": 0,
  "average_frame_rasterizer_time_millis": 2.2514682539682536,
  "90th_percentile_frame_rasterizer_time_millis": 2.471,
  "99th_percentile_frame_rasterizer_time_millis": 3.522,
  "worst_frame_rasterizer_time_millis": 41.864,
  "missed_frame_rasterizer_budget_count": 1,
  "frame_count": 125,
  "frame_rasterizer_count": 126,
  "frame_build_times": [
    923,
    472,
    518,
    554,
    787,
    766,
    785,
    1019,
    946,
    274,
    293,
    301,
    356,
    423,
    423,
    440,
    450,
    451,
    433,
    434,
    437,
    458,
    5387,
    1524,
    1518,
    1413,
    1492,
    1465,
    1573,
    1894,
    1432,
    1670,
    1458,
    1556,
    1436,
    2178,
    970,
    965,
    1057,
    792,
    1018,
    1117,
    990,
    1002,
    1193,
    1039,
    999,
    4180,
    5454,
    1374,
    868,
    570,
    350,
    443,
    496,
    995,
    1067,
    1017,
    1045,
    1173,
    1644,
    1043,
    1042,
    1086,
    1035,
    1017,
    1068,
    1054,
    1040,
    1017,
    1008,
    989,
    4314,
    6137,
    2149,
    1422,
    1445,
    1452,
    1446,
    1386,
    1439,
    1608,
    1435,
    1463,
    1370,
    1412,
    1414,
    955,
    983,
    942,
    956,
    964,
    979,
    974,
    751,
    995,
    957,
    1012,
    4394,
    6557,
    1893,
    1127,
    1478,
    1563,
    1488,
    1471,
    1100,
    1450,
    1445,
    1452,
    1460,
    1478,
    1496,
    1079,
    1050,
    1076,
    1058,
    1049,
    1084,
    1109,
    1036,
    1064,
    1101,
    1072,
    5095
  ],
  "frame_rasterizer_times": [
    1166,
    467,
    487,
    360,
    583,
    721,
    408,
    710,
    570,
    533,
    1203,
    1266,
    1401,
    1422,
    1836,
    1970,
    2040,
    1798,
    2043,
    1771,
    2390,
    1800,
    1837,
    1512,
    2160,
    1989,
    2430,
    3522,
    2622,
    2353,
    2358,
    2452,
    2811,
    2349,
    2488,
    2404,
    2453,
    2328,
    2338,
    2388,
    1772,
    2297,
    2290,
    2358,
    2257,
    2208,
    2272,
    2700,
    1294,
    1628,
    41864,
    874,
    697,
    490,
    722,
    753,
    1495,
    1667,
    1548,
    1570,
    2041,
    2003,
    2418,
    2334,
    3521,
    2476,
    2274,
    2351,
    2643,
    2254,
    2471,
    2255,
    1880,
    2170,
    1651,
    2121,
    2497,
    2515,
    3084,
    2414,
    2272,
    2344,
    1961,
    2113,
    2203,
    2326,
    2390,
    2333,
    2231,
    2206,
    1764,
    2265,
    2174,
    2242,
    2334,
    1694,
    2209,
    2339,
    2341,
    1636,
    1231,
    1579,
    1569,
    1861,
    2014,
    2056,
    2003,
    1613,
    2112,
    2090,
    2055,
    2038,
    2110,
    1934,
    2056,
    2146,
    2008,
    2034,
    1956,
    2236,
    2053,
    1950,
    1914,
    2134,
    1954,
    1734
  ],
  "frame_begin_times": [
    0,
    16576,
    33307,
    49998,
    66607,
    83315,
    99995,
    116693,
    133375,
    150274,
    166873,
    183581,
    200242,
    216996,
    233617,
    250724,
    267055,
    283690,
    300360,
    317194,
    333657,
    350351,
    416683,
    433502,
    450433,
    466988,
    483697,
    500622,
    517082,
    533803,
    550390,
    567418,
    583703,
    600340,
    617065,
    634141,
    650295,
    667041,
    683514,
    700241,
    716993,
    733668,
    750447,
    767049,
    783651,
    800293,
    817363,
    833681,
    866905,
    883653,
    900037,
    933259,
    949929,
    966609,
    983320,
    1000201,
    1016822,
    1033465,
    1050066,
    1066856,
    1083596,
    1100304,
    1116929,
    1133754,
    1150387,
    1166930,
    1183702,
    1200417,
    1216958,
    1233817,
    1250244,
    1267103,
    1283759,
    1316726,
    1333697,
    1350261,
    1367001,
    1383708,
    1400219,
    1416918,
    1433646,
    1450618,
    1466955,
    1483602,
    1500273,
    1517109,
    1533690,
    1550254,
    1566916,
    1583908,
    1600249,
    1616907,
    1633543,
    1650269,
    1666926,
    1683656,
    1700323,
    1716891,
    1733687,
    1767156,
    1783405,
    1800087,
    1816936,
    1833950,
    1850130,
    1866894,
    1883446,
    1900283,
    1916909,
    1933606,
    1950227,
    1966963,
    1983560,
    2000305,
    2016933,
    2033684,
    2050272,
    2066951,
    2083650,
    2100285,
    2116902,
    2133526,
    2150421,
    2166974,
    2183533
  ],
  "frame_rasterizer_begin_times": [
    0,
    6690,
    22823,
    39643,
    56318,
    73180,
    89852,
    106583,
    123519,
    140079,
    156321,
    172941,
    189661,
    206400,
    223234,
    239872,
    256990,
    273289,
    289984,
    306605,
    323460,
    339912,
    356596,
    427589,
    440839,
    457771,
    474255,
    491017,
    508015,
    524363,
    541398,
    557647,
    574809,
    590973,
    607732,
    624325,
    642126,
    657052,
    673827,
    690269,
    706846,
    723803,
    740616,
    757228,
    773871,
    790631,
    807152,
    824312,
    843589,
    877897,
    890832,
    932811,
    939630,
    956065,
    972817,
    989571,
    1006975,
    1023680,
    1040269,
    1056908,
    1073821,
    1091032,
    1107159,
    1123786,
    1140666,
    1157269,
    1173763,
    1190560,
    1207334,
    1223789,
    1240654,
    1257057,
    1273818,
    1293405,
    1328331,
    1341665,
    1357526,
    1374229,
    1390979,
    1407453,
    1424108,
    1440880,
    1457955,
    1474192,
    1490913,
    1507420,
    1524343,
    1540948,
    1557040,
    1573705,
    1590630,
    1606975,
    1623669,
    1640325,
    1657062,
    1673548,
    1690458,
    1707090,
    1723706,
    1743876,
    1779303,
    1791052,
    1806963,
    1824231,
    1841296,
    1857527,
    1874140,
    1890366,
    1907552,
    1924175,
    1940875,
    1957502,
    1974255,
    1990874,
    2007205,
    2023805,
    2040567,
    2057167,
    2073793,
    2090550,
    2107231,
    2123774,
    2140412,
    2157363,
    2173861,
    2193991
  ],
  "average_vsync_transitions_missed": 1.75,
  "90th_percentile_vsync_transitions_missed": 3.0,
  "99th_percentile_vsync_transitions_missed": 3.0
}