{
  "average_frame_build_time_millis": 1.3202992125984245,
  "90th_percentile_frame_build_time_millis": 1.609,
  "99th_percentile_frame_build_time_millis": 7.305,
  "worst_frame_build_time_millis": 7.309,
  "missed_frame_build_budget_count": 0,
  "average_frame_rasterizer_time_millis": 2.397367187500001,
  "90th_percentile_frame_rasterizer_time_millis": 2.453,
  "99th_percentile_frame_rasterizer_time_millis": 3.58,
  "worst_frame_rasterizer_time_millis": 43.329,
  "missed_frame_rasterizer_budget_count": 1,
  "frame_count": 127,
  "frame_rasterizer_count": 128,
  "frame_build_times": [
    427,
    433,
    441,
    439,
    423,
    433,
    357,
    436,
    449,
    5723,
    1643,
    1446,
    1418,
    1395,
    1510,
    1407,
    1362,
    1383,
    1984,
    1427,
    1030,
    1297,
    1463,
    943,
    946,
    987,
    794,
    939,
    940,
    954,
    999,
    992,
    932,
    769,
    4106,
    3142,
    604,
    361,
    292,
    142,
    191,
    188,
    439,
    410,
    450,
    532,
    653,
    663,
    4076,
    1386,
    1318,
    981,
    1351,
    1038,
    1362,
    1288,
    1283,
    1381,
    1337,
    1323,
    1369,
    1544,
    936,
    958,
    1005,
    1038,
    976,
    915,
    950,
    947,
    945,
    952,
    793,
    4127,
    7305,
    1349,
    835,
    1034,
    1171,
    1426,
    1358,
    1387,
    1609,
    1470,
    1412,
    1418,
    1543,
    1458,
    685,
    920,
    771,
    981,
    893,
    962,
    952,
    884,
    887,
    942,
    1021,
    4407,
    757,
    7309,
    2028,
    1017,
    1694,
    1374,
    1457,
    1484,
    1436,
    1390,
    1416,
    1402,
    1560,
    1433,
    1011,
    1009,
    1118,
    986,
    1032,
    1052,
    1038,
    1015,
    1039,
    1012,
    1026,
    797,
    4433
  ],
  "frame_rasterizer_times": [
    1176,
    1864,
    1772,
    2262,
    1786,
    1765,
    1776,
    1523,
    1756,
    1870,
    1671,
    2423,
    2491,
    2453,
    3580,
    2518,
    2295,
    2307,
    2335,
    2068,
    2286,
    1792,
    1971,
    2240,
    2220,
    2179,
    2208,
    2313,
    2206,
    2228,
    2466,
    2326,
    2233,
    2177,
    1886,
    1380,
    1647,
    43329,
    567,
    1754,
    1347,
    1829,
    1781,
    2264,
    1739,
    1074,
    1536,
    1695,
    1734,
    2353,
    3039,
    3086,
    1731,
    2251,
    1730,
    2366,
    2422,
    2542,
    2424,
    2411,
    2366,
    2522,
    2372,
    2285,
    2340,
    2202,
    2315,
    2192,
    2309,
    1971,
    2267,
    2299,
    2406,
    1899,
    2079,
    1756,
    1679,
    1495,
    1568,
    2954,
    2167,
    2188,
    2294,
    2492,
    2346,
    2267,
    2204,
    1752,
    2206,
    1510,
    2140,
    2087,
    2305,
    2170,
    2367,
    2082,
    2207,
    2200,
    2588,
    2262,
    1674,
    1371,
    1278,
    3206,
    1551,
    2118,
    2413,
    1979,
    1987,
    2095,
    2015,
    1987,
    2277,
    2070,
    1949,
    1884,
    2282,
    1941,
    1975,
    1869,
    2247,
    1933,
    1909,
    1953,
    2387,
    2074,
    1499,
    1377
  ],
  "frame_begin_times": [
    0,
    16599,
    33420,
    49950,
    66615,
    83280,
    100078,
    116645,
    133297,
    199678,
    216492,
    233287,
    249910,
    266613,
    283452,
    299916,
    316440,
    333231,
    350250,
    366610,
    383159,
    399797,
    416852,
    433331,
    449976,
    466573,
    483207,
    499924,
    516553,
    533261,
    549934,
    566612,
    583249,
    599907,
    616586,
    736217,
    749898,
    766281,
    799596,
    816182,
    832877,
    849513,
    866511,
    883069,
    899763,
    916667,
    933266,
    949905,
    966575,
    983510,
    999959,
    1016501,
    1033312,
    1049849,
    1066596,
    1083207,
    1099855,
    1116636,
    1133193,
    1149925,
    1166657,
    1183339,
    1199896,
    1216751,
    1233459,
    1249887,
    1266566,
    1283235,
    1300117,
    1316633,
    1333214,
    1349865,
    1366504,
    1383263,
    1416526,
    1432983,
    1449685,
    1466414,
    1483287,
    1499933,
    1516559,
    1533104,
    1550344,
    1566555,
    1583298,
    1599839,
    1616988,
    1633153,
    1649768,
    1666672,
    1683129,
    1699857,
    1716540,
    1733169,
    1749915,
    1766428,
    1783386,
    1800094,
    1816570,
    1833207,
    1866941,
    1883149,
    1899740,
    1916399,
    1933408,
    1949862,
    1966534,
    1983127,
    1999818,
    2016521,
    2033158,
    2049824,
    2066451,
    2083171,
    2099814,
    2116601,
    2133222,
    2149853,
    2166503,
    2183319,
    2199816,
    2216458,
    2233149,
    2249979,
    2266538,
    2283039,
    2299768
  ],
  "frame_rasterizer_begin_times": [
    0,
    17093,
    33598,
    50500,
    67030,
    83784,
    100335,
    117038,
    133736,
    150368,
    221769,
    234756,
    251376,
    267982,
    284641,
    301620,
    317966,
    334438,
    351223,
    368939,
    384692,
    400741,
    417761,
    434968,
    450916,
    467579,
    484230,
    500655,
    517530,
    534118,
    550857,
    567557,
    584248,
    600806,
    617312,
    637331,
    756010,
    767157,
    810589,
    816573,
    832895,
    849684,
    866365,
    883548,
    900070,
    916808,
    933841,
    950573,
    967168,
    986831,
    1001477,
    1017943,
    1034128,
    1051194,
    1067516,
    1084595,
    1101081,
    1117780,
    1134677,
    1151088,
    1167929,
    1184675,
    1201572,
    1217490,
    1234360,
    1251112,
    1267446,
    1284193,
    1300793,
    1317680,
    1334205,
    1350798,
    1367460,
    1383913,
    1403496,
    1440190,
    1450920,
    1467136,
    1484058,
    1501265,
    1518006,
    1534561,
    1551035,
    1568765,
    1584669,
    1601324,
    1617864,
    1635120,
    1651145,
    1667059,
    1684186,
    1700504,
    1717449,
    1734072,
    1750792,
    1767461,
    1784047,
    1800937,
    1817638,
    1834238,
    1854223,
    1884300,
    1906879,
    1918348,
    1934038,
    1951747,
    1967896,
    1984618,
    2001251,
    2017916,
    2034529,
    2051220,
    2067866,
    2084597,
    2101252,
    2117460,
    2134245,
    2150859,
    2167474,
    2184179,
    2201001,
    2217505,
    2234131,
    2250873,
    2267647,
    2284207,
    2300448,
    2320426
  ],
  "average_vsync_transitions_missed": 1.5,
  "90th_percentile_vsync_transitions_missed": 2.0,
  "99th_percentile_vsync_transitions_missed": 2.0
}