{
  "average_frame_build_time_millis": 1.3248333333333326,
  "90th_percentile_frame_build_time_millis": 1.588,
  "99th_percentile_frame_build_time_millis": 6.28,
  "worst_frame_build_time_millis": 8.64,
  "missed_frame_build_budget_count": 0,
  "average_frame_rasterizer_time_millis": 2.382539682539684,
  "90th_percentile_frame_rasterizer_time_millis": 2.516,
  "99th_percentile_frame_rasterizer_time_millis": 16.064,
  "worst_frame_rasterizer_time_millis": 42.924,
  "missed_frame_rasterizer_budget_count": 2,
  "frame_count": 126,
  "frame_rasterizer_count": 126,
  "frame_build_times": [
    1257,
    444,
    687,
    576,
    567,
    776,
    726,
    992,
    927,
    509,
    285,
    283,
    338,
    428,
    437,
    432,
    470,
    449,
    434,
    429,
    445,
    449,
    5548,
    1519,
    1386,
    1515,
    1388,
    1409,
    1352,
    1314,
    1554,
    1369,
    1541,
    1143,
    1321,
    1413,
    998,
    1016,
    928,
    963,
    967,
    958,
    963,
    927,
    738,
    947,
    928,
    4015,
    6136,
    1669,
    778,
    542,
    316,
    372,
    415,
    977,
    871,
    922,
    1118,
    1145,
    1507,
    862,
    974,
    978,
    987,
    996,
    968,
    1027,
    984,
    988,
    964,
    1116,
    4116,
    6280,
    1933,
    1548,
    1439,
    1062,
    1392,
    1453,
    1471,
    1454,
    1588,
    1507,
    1387,
    1422,
    1647,
    1002,
    987,
    980,
    1123,
    1050,
    982,
    770,
    1202,
    995,
    1037,
    943,
    3529,
    847,
    8640,
    2409,
    1099,
    1446,
    1469,
    1145,
    1456,
    1449,
    1471,
    1461,
    1458,
    1451,
    1485,
    1056,
    1037,
    1058,
    807,
    1088,
    1022,
    1054,
    1045,
    1059,
    1052,
    1078,
    1090,
    4826
  ],
  "frame_rasterizer_times": [
    16064,
    1455,
    363,
    623,
    553,
    397,
    749,
    566,
    548,
    1205,
    1142,
    1202,
    1427,
    1899,
    1806,
    1803,
    1787,
    1919,
    1788,
    1774,
    2081,
    1891,
    1680,
    2283,
    2431,
    2516,
    3496,
    2226,
    2210,
    2326,
    2221,
    2213,
    2527,
    1779,
    1978,
    2240,
    2420,
    2257,
    2212,
    2165,
    2383,
    2158,
    2192,
    2169,
    1738,
    2317,
    2180,
    1624,
    1719,
    42924,
    777,
    498,
    511,
    695,
    714,
    1491,
    1407,
    1447,
    1775,
    1868,
    2394,
    1901,
    2349,
    3266,
    2334,
    2395,
    2306,
    2363,
    2633,
    2023,
    2339,
    2350,
    2235,
    1502,
    2302,
    2831,
    2852,
    2494,
    2353,
    2335,
    1715,
    2394,
    2411,
    2389,
    2442,
    2431,
    2708,
    2306,
    2285,
    2975,
    2581,
    2400,
    2332,
    1652,
    2220,
    2260,
    2216,
    2156,
    1750,
    1618,
    1399,
    2009,
    1557,
    2020,
    2680,
    1665,
    2052,
    1983,
    2254,
    2087,
    1993,
    2028,
    1778,
    1939,
    1941,
    1930,
    1569,
    2023,
    1952,
    1869,
    2098,
    1923,
    1927,
    2158,
    2008,
    1751
  ],
  "frame_begin_times": [
    0,
    16587,
    33284,
    49953,
    66641,
    83333,
    99987,
    116670,
    133322,
    150410,
    166852,
    183487,
    200261,
    217077,
    233669,
    250335,
    266980,
    283671,
    300317,
    317015,
    333751,
    350383,
    416908,
    433545,
    450273,
    467425,
    483641,
    500490,
    516967,
    533572,
    550260,
    566997,
    583675,
    600234,
    616933,
    633691,
    650416,
    667064,
    683626,
    700298,
    717154,
    733705,
    750332,
    767055,
    783988,
    800331,
    816950,
    833680,
    866727,
    883740,
    900073,
    933182,
    949909,
    966603,
    983286,
    1000218,
    1016766,
    1033476,
    1050097,
    1066848,
    1083704,
    1100831,
    1116939,
    1133630,
    1150327,
    1166971,
    1183699,
    1200283,
    1216938,
    1233681,
    1250304,
    1266919,
    1283719,
    1316729,
    1333516,
    1350703,
    1367118,
    1383445,
    1400410,
    1417611,
    1433812,
    1450380,
    1467064,
    1483690,
    1500313,
    1516923,
    1533618,
    1550456,
    1566963,
    1583641,
    1600761,
    1616894,
    1633664,
    1650189,
    1667473,
    1683643,
    1700308,
    1716931,
    1733936,
    1767007,
    1783520,
    1800254,
    1816757,
    1833550,
    1850148,
    1866779,
    1883545,
    1900237,
    1917004,
    1933584,
    1950240,
    1966905,
    1983767,
    2000226,
    2016915,
    2033578,
    2050329,
    2066845,
    2083471,
    2100259,
    2116905,
    2133554,
    2150232,
    2167068,
    2183583,
    2200209
  ],
  "frame_rasterizer_begin_times": [
    0,
    16163,
    32687,
    49224,
    65922,
    82777,
    99422,
    116342,
    132934,
    149535,
    165819,
    182461,
    199293,
    216238,
    232842,
    249510,
    266099,
    282769,
    299572,
    316193,
    332955,
    349552,
    420848,
    433791,
    450392,
    467699,
    483753,
    500636,
    517081,
    533617,
    550451,
    567100,
    583954,
    600049,
    616913,
    633847,
    650042,
    666822,
    683274,
    699988,
    716858,
    733356,
    750016,
    766703,
    783433,
    800012,
    816614,
    836385,
    871321,
    884118,
    927158,
    932421,
    948893,
    965717,
    982427,
    999888,
    1016330,
    1033086,
    1049904,
    1066671,
    1083929,
    1100394,
    1116567,
    1133374,
    1150049,
    1166732,
    1183415,
    1200047,
    1216659,
    1233415,
    1250020,
    1266674,
    1286075,
    1321465,
    1334193,
    1351011,
    1367284,
    1383213,
    1400547,
    1417800,
    1433924,
    1450564,
    1467391,
    1483906,
    1500440,
    1517084,
    1533980,
    1550206,
    1566721,
    1583376,
    1600487,
    1616665,
    1633414,
    1649658,
    1667455,
    1683377,
    1700078,
    1716611,
    1736162,
    1766572,
    1790621,
    1801345,
    1816554,
    1833765,
    1850408,
    1866570,
    1883739,
    1900316,
    1917220,
    1933767,
    1950434,
    1967089,
    1983986,
    2000008,
    2016727,
    2033387,
    2049851,
    2066688,
    2083246,
    2100048,
    2116693,
    2133330,
    2150017,
    2166877,
    2183397,
    2203309
  ],
  "average_vsync_transitions_missed": 1.75,
  "90th_percentile_vsync_transitions_missed": 3.0,
  "99th_percentile_vsync_transitions_missed": 3.0
}