{
  "average_frame_build_time_millis": 1.333362204724409,
  "90th_percentile_frame_build_time_millis": 1.691,
  "99th_percentile_frame_build_time_millis": 7.475,
  "worst_frame_build_time_millis": 8.161,
  "missed_frame_build_budget_count": 0,
  "average_frame_rasterizer_time_millis": 2.4283984374999994,
  "90th_percentile_frame_rasterizer_time_millis": 2.457,
  "99th_percentile_frame_rasterizer_time_millis": 3.554,
  "worst_frame_rasterizer_time_millis": 46.686,
  "missed_frame_rasterizer_budget_count": 1,
  "frame_count": 127,
  "frame_rasterizer_count": 128,
  "frame_build_times": [
    346,
    438,
    451,
    443,
    522,
    462,
    436,
    430,
    445,
    5501,
    1511,
    1051,
    1775,
    1403,
    1483,
    1439,
    1674,
    1430,
    1386,
    1508,
    1691,
    1699,
    1433,
    934,
    999,
    939,
    993,
    1053,
    977,
    997,
    950,
    997,
    959,
    958,
    4254,
    3252,
    775,
    404,
    200,
    185,
    182,
    207,
    439,
    376,
    435,
    508,
    548,
    717,
    4171,
    1480,
    1452,
    1392,
    1329,
    1352,
    1278,
    1321,
    1317,
    1352,
    1099,
    1341,
    1302,
    1465,
    1058,
    950,
    941,
    981,
    977,
    948,
    959,
    978,
    930,
    957,
    914,
    3054,
    7475,
    1229,
    1052,
    1384,
    1351,
    1325,
    1113,
    1338,
    1387,
    1429,
    1439,
    1342,
    1365,
    1484,
    923,
    911,
    871,
    898,
    898,
    905,
    913,
    913,
    886,
    891,
    723,
    4376,
    830,
    8161,
    2130,
    1027,
    1033,
    1845,
    1486,
    1416,
    1424,
    1451,
    1370,
    1382,
    1386,
    1160,
    1010,
    982,
    1007,
    1027,
    1006,
    982,
    1031,
    1071,
    1025,
    998,
    1068,
    1028,
    4687
  ],
  "frame_rasterizer_times": [
    1265,
    2010,
    1786,
    1754,
    1919,
    1686,
    1751,
    1795,
    1784,
    1921,
    1391,
    1864,
    2093,
    2861,
    3554,
    2254,
    2347,
    2426,
    2330,
    2346,
    2469,
    1826,
    2378,
    2389,
    2246,
    2234,
    2328,
    2295,
    2642,
    2253,
    2217,
    2228,
    2835,
    2263,
    2279,
    1256,
    1683,
    46686,
    494,
    1713,
    1321,
    1837,
    1864,
    2111,
    1624,
    1489,
    1594,
    1527,
    1845,
    2282,
    3388,
    3212,
    2273,
    2220,
    2210,
    1919,
    2457,
    2006,
    2336,
    2487,
    2404,
    2420,
    2523,
    2357,
    2402,
    2198,
    2542,
    2258,
    2192,
    2259,
    2802,
    2234,
    2239,
    2220,
    1633,
    1553,
    1798,
    1899,
    2079,
    2796,
    2368,
    1734,
    2053,
    2213,
    2321,
    2273,
    2244,
    2231,
    2133,
    2186,
    2210,
    2135,
    1749,
    2323,
    1997,
    2146,
    2315,
    2145,
    2196,
    2042,
    1750,
    1310,
    1411,
    1639,
    1546,
    1580,
    1962,
    2027,
    1987,
    1936,
    2232,
    2003,
    2070,
    2073,
    1986,
    1883,
    2033,
    2118,
    1640,
    1894,
    1949,
    2126,
    2004,
    1863,
    2004,
    2388,
    1934,
    1812
  ],
  "frame_begin_times": [
    0,
    16591,
    33269,
    49883,
    66746,
    83339,
    99922,
    116587,
    133303,
    199667,
    216317,
    233031,
    250131,
    266727,
    283239,
    299922,
    317069,
    333243,
    349788,
    366573,
    383663,
    399984,
    416558,
    433215,
    450021,
    466453,
    483331,
    499897,
    516647,
    533208,
    549910,
    566831,
    583316,
    599915,
    616488,
    683040,
    700066,
    716303,
    749472,
    766120,
    782781,
    799471,
    816446,
    833012,
    849699,
    866455,
    883279,
    899898,
    916616,
    933273,
    950212,
    966534,
    983257,
    999873,
    1016738,
    1033230,
    1049912,
    1066590,
    1083117,
    1099960,
    1116547,
    1133226,
    1150226,
    1166550,
    1183272,
    1200162,
    1216535,
    1233218,
    1250022,
    1267265,
    1283240,
    1299941,
    1316526,
    1333558,
    1366436,
    1382989,
    1399840,
    1416561,
    1433117,
    1449912,
    1466364,
    1483196,
    1499825,
    1516773,
    1533195,
    1549886,
    1566437,
    1583352,
    1599920,
    1616485,
    1633193,
    1650228,
    1666464,
    1683157,
    1699857,
    1716552,
    1733164,
    1749837,
    1766429,
    1783247,
    1816317,
    1833353,
    1849764,
    1866388,
    1883035,
    1900203,
    1916492,
    1933137,
    1949768,
    1966980,
    1983163,
    1999820,
    2016389,
    2033100,
    2049860,
    2066427,
    2083126,
    2099755,
    2116474,
    2133130,
    2149932,
    2166530,
    2183121,
    2199802,
    2216654,
    2233110,
    2249803
  ],
  "frame_rasterizer_begin_times": [
    0,
    16957,
    33674,
    50317,
    66972,
    83888,
    100448,
    116965,
    133636,
    150378,
    221569,
    234452,
    250699,
    268511,
    284785,
    301273,
    317985,
    335441,
    351326,
    367741,
    384641,
    402001,
    418339,
    434659,
    450799,
    467667,
    484034,
    500977,
    517556,
    534299,
    550843,
    567512,
    584439,
    600908,
    617438,
    637351,
    702984,
    717519,
    764275,
    766327,
    782867,
    799637,
    816269,
    833485,
    849983,
    866655,
    883562,
    900465,
    917246,
    936957,
    951400,
    968307,
    984570,
    1001220,
    1017874,
    1034635,
    1051214,
    1067899,
    1084554,
    1100866,
    1117911,
    1134393,
    1151303,
    1167840,
    1184119,
    1200875,
    1217763,
    1234159,
    1250784,
    1267738,
    1284896,
    1300818,
    1317554,
    1334112,
    1352884,
    1390293,
    1400837,
    1417499,
    1434618,
    1451113,
    1467883,
    1484081,
    1501185,
    1517820,
    1534858,
    1551270,
    1567874,
    1584452,
    1601539,
    1617487,
    1634060,
    1650700,
    1667740,
    1683955,
    1700710,
    1717412,
    1734112,
    1750722,
    1767380,
    1783717,
    1804232,
    1833779,
    1857915,
    1868488,
    1884047,
    1900691,
    1918702,
    1934496,
    1951198,
    1967840,
    1985075,
    2001181,
    2017830,
    2034390,
    2050833,
    2067434,
    2084061,
    2100787,
    2117393,
    2134122,
    2150748,
    2167649,
    2184246,
    2200781,
    2217445,
    2234379,
    2250789,
    2270696
  ],
  "average_vsync_transitions_missed": 1.5,
  "90th_percentile_vsync_transitions_missed": 2.0,
  "99th_percentile_vsync_transitions_missed": 2.0
}