{
  "average_frame_build_time_millis": 1.3296507936507937,
  "90th_percentile_frame_build_time_millis": 1.606,
  "99th_percentile_frame_build_time_millis": 7.507,
  "worst_frame_build_time_millis": 7.679,
  "missed_frame_build_budget_count": 0,
  "average_frame_rasterizer_time_millis": 2.2316719999999997,
  "90th_percentile_frame_rasterizer_time_millis": 2.446,
  "99th_percentile_frame_rasterizer_time_millis": 4.089,
  "worst_frame_rasterizer_time_millis": 35.269,
  "missed_frame_rasterizer_budget_count": 1,
  "frame_count": 126,
  "frame_rasterizer_count": 125,
  "frame_build_times": [
    891,
    468,
    604,
    560,
    560,
    739,
    753,
    1026,
    919,
    326,
    315,
    352,
    436,
    432,
    458,
    466,
    434,
    431,
    349,
    431,
    443,
    450,
    7507,
    1574,
    1084,
    1623,
    1519,
    1516,
    1486,
    1456,
    1532,
    1533,
    1435,
    1421,
    1152,
    1460,
    991,
    1135,
    1011,
    1014,
    1058,
    1008,
    1068,
    957,
    960,
    1023,
    1031,
    4126,
    6194,
    962,
    566,
    519,
    273,
    423,
    408,
    926,
    829,
    975,
    1181,
    1703,
    1499,
    988,
    998,
    1015,
    984,
    1017,
    1069,
    1025,
    1039,
    1012,
    1031,
    1051,
    4202,
    4850,
    1513,
    1403,
    1547,
    1458,
    1425,
    1382,
    1513,
    1421,
    1377,
    1413,
    1656,
    1060,
    1395,
    955,
    793,
    949,
    983,
    988,
    1058,
    969,
    947,
    981,
    996,
    973,
    4212,
    689,
    7679,
    2151,
    1115,
    1478,
    1411,
    1470,
    1483,
    1410,
    1452,
    1606,
    1503,
    1478,
    1441,
    1071,
    1077,
    1049,
    1034,
    1202,
    1159,
    1041,
    1060,
    1408,
    1110,
    1121,
    1051,
    4158
  ],
  "frame_rasterizer_times": [
    471,
    430,
    647,
    502,
    403,
    656,
    537,
    508,
    1144,
    1535,
    1804,
    2417,
    2446,
    2216,
    2013,
    1931,
    2524,
    1733,
    2125,
    1884,
    2426,
    1993,
    2196,
    1934,
    2078,
    4089,
    2262,
    2197,
    2299,
    2468,
    2185,
    2345,
    2237,
    1739,
    2181,
    2148,
    1693,
    2282,
    2167,
    2137,
    2573,
    2338,
    2236,
    2219,
    2446,
    2221,
    1553,
    1763,
    35269,
    779,
    498,
    501,
    765,
    708,
    1500,
    1433,
    1560,
    2085,
    2280,
    2389,
    2198,
    2562,
    3315,
    2527,
    2388,
    2185,
    2323,
    2266,
    2352,
    2373,
    2359,
    2253,
    1434,
    1945,
    2037,
    2646,
    2989,
    2356,
    2237,
    2531,
    2295,
    2317,
    2214,
    2328,
    1708,
    2267,
    2202,
    1752,
    2206,
    2188,
    2277,
    2370,
    2197,
    2276,
    2593,
    2298,
    2280,
    1294,
    1300,
    1346,
    1715,
    1629,
    2014,
    2389,
    2006,
    2147,
    2001,
    2024,
    2282,
    2166,
    2061,
    1918,
    2144,
    2011,
    1977,
    1893,
    2157,
    2035,
    1875,
    1902,
    2017,
    1769,
    1917,
    1969,
    1859
  ],
  "frame_begin_times": [
    0,
    16714,
    33360,
    50078,
    66765,
    83401,
    100075,
    116798,
    133451,
    150391,
    167307,
    183747,
    200492,
    217221,
    234285,
    250475,
    267194,
    283788,
    300545,
    317138,
    333838,
    350361,
    416894,
    433711,
    450294,
    467049,
    483972,
    500429,
    517208,
    533849,
    550688,
    567139,
    583772,
    600472,
    617074,
    633821,
    650499,
    667112,
    683820,
    700368,
    717181,
    733874,
    750451,
    767169,
    783787,
    800588,
    817078,
    833727,
    867029,
    883762,
    900090,
    933321,
    949987,
    966738,
    983361,
    1000335,
    1016865,
    1033576,
    1050316,
    1067123,
    1083776,
    1100380,
    1117448,
    1133747,
    1150486,
    1167188,
    1183837,
    1200436,
    1217168,
    1233745,
    1250417,
    1267111,
    1283711,
    1316762,
    1333576,
    1350280,
    1367373,
    1383892,
    1400400,
    1417289,
    1433902,
    1450407,
    1467077,
    1483709,
    1500566,
    1516934,
    1533718,
    1550359,
    1566957,
    1583697,
    1600369,
    1616948,
    1633658,
    1650401,
    1667029,
    1683796,
    1700342,
    1717100,
    1733700,
    1766738,
    1783780,
    1800239,
    1816935,
    1833685,
    1850286,
    1866999,
    1883676,
    1900379,
    1916990,
    1933844,
    1950471,
    1967017,
    1983732,
    2000465,
    2017053,
    2033711,
    2050357,
    2067205,
    2083677,
    2100346,
    2117015,
    2133843,
    2150462,
    2166943,
    2183709,
    2200271
  ],
  "frame_rasterizer_begin_times": [
    0,
    16819,
    33502,
    50142,
    67025,
    83713,
    100708,
    117256,
    133521,
    150444,
    166909,
    183770,
    200506,
    217709,
    233735,
    250562,
    267056,
    283698,
    300411,
    317097,
    333631,
    406807,
    418089,
    434167,
    451525,
    468344,
    484784,
    501507,
    518146,
    534987,
    551516,
    568049,
    584739,
    600982,
    618107,
    634362,
    651013,
    667619,
    684234,
    701083,
    717730,
    734330,
    750971,
    767592,
    784484,
    800932,
    820670,
    855741,
    867605,
    902997,
    916641,
    933035,
    949982,
    966606,
    984122,
    1000454,
    1017368,
    1034244,
    1051630,
    1068125,
    1084211,
    1101291,
    1117589,
    1134316,
    1151046,
    1167655,
    1184300,
    1201048,
    1217594,
    1234285,
    1251005,
    1270238,
    1304278,
    1317929,
    1334531,
    1351770,
    1368198,
    1384669,
    1401528,
    1418230,
    1434633,
    1451293,
    1467965,
    1485043,
    1500795,
    1517952,
    1534145,
    1550534,
    1567513,
    1584053,
    1600774,
    1617530,
    1634259,
    1650810,
    1667619,
    1684198,
    1700936,
    1720718,
    1750301,
    1774041,
    1785172,
    1800841,
    1818016,
    1834564,
    1851331,
    1868003,
    1884624,
    1901299,
    1918310,
    1934823,
    1951338,
    1968030,
    1984387,
    2001004,
    2017608,
    2034249,
    2051287,
    2067526,
    2084227,
    2100933,
    2117978,
    2134436,
    2150898,
    2167626,
    2186759
  ],
  "average_vsync_transitions_missed": 1.5,
  "90th_percentile_vsync_transitions_missed": 2.0,
  "99th_percentile_vsync_transitions_missed": 2.0
}