{
  "average_frame_build_time_millis": 1.317071428571429,
  "90th_percentile_frame_build_time_millis": 1.662,
  "99th_percentile_frame_build_time_millis": 5.525,
  "worst_frame_build_time_millis": 5.863,
  "missed_frame_build_budget_count": 0,
  "average_frame_rasterizer_time_millis": 4.963536000000003,
  "90th_percentile_frame_rasterizer_time_millis": 16.645,
  "99th_percentile_frame_rasterizer_time_millis": 17.408,
  "worst_frame_rasterizer_time_millis": 43.468,
  "missed_frame_rasterizer_budget_count": 20,
  "frame_count": 126,
  "frame_rasterizer_count": 125,
  "frame_build_times": [
    1581,
    976,
    556,
    651,
    580,
    599,
    742,
    695,
    783,
    929,
    112,
    279,
    287,
    340,
    440,
    424,
    441,
    505,
    440,
    457,
    455,
    448,
    437,
    5371,
    1533,
    911,
    1168,
    1381,
    1361,
    1370,
    1413,
    1435,
    1382,
    1603,
    1473,
    1412,
    1453,
    936,
    745,
    969,
    987,
    1014,
    990,
    921,
    984,
    977,
    1030,
    946,
    3987,
    5863,
    1662,
    876,
    361,
    297,
    405,
    414,
    1020,
    1152,
    1312,
    1572,
    1691,
    1596,
    1001,
    1051,
    979,
    971,
    1042,
    1288,
    964,
    974,
    996,
    936,
    946,
    5158,
    5436,
    1504,
    1459,
    1416,
    1470,
    1375,
    1436,
    1434,
    1367,
    1449,
    1456,
    1372,
    1106,
    1713,
    984,
    996,
    1069,
    1057,
    930,
    1068,
    935,
    1039,
    1214,
    938,
    950,
    3272,
    5525,
    1990,
    1119,
    1468,
    1455,
    1514,
    1559,
    1423,
    1450,
    1953,
    1459,
    1481,
    1485,
    1463,
    1043,
    1075,
    1060,
    1084,
    1095,
    1055,
    1077,
    1093,
    1057,
    1060,
    1078,
    4949
  ],
  "frame_rasterizer_times": [
    16156,
    1284,
    447,
    658,
    574,
    412,
    750,
    438,
    596,
    1508,
    1102,
    1214,
    1609,
    1858,
    1866,
    1797,
    2091,
    1818,
    1818,
    1768,
    1916,
    1849,
    1838,
    2219,
    1530,
    1894,
    3450,
    2228,
    2469,
    2331,
    2294,
    2250,
    2409,
    2228,
    2177,
    2165,
    1935,
    1711,
    2148,
    2135,
    2255,
    2142,
    2127,
    2347,
    2294,
    2181,
    2200,
    1849,
    1706,
    43468,
    737,
    16807,
    16577,
    16702,
    17221,
    16570,
    16745,
    17408,
    15946,
    17217,
    15974,
    16237,
    16665,
    17391,
    15857,
    16377,
    16645,
    17163,
    16102,
    16466,
    16847,
    17264,
    12841,
    1545,
    1935,
    2513,
    2505,
    3060,
    2608,
    2488,
    2518,
    2389,
    2631,
    2370,
    2392,
    1954,
    2309,
    2549,
    2464,
    2855,
    1745,
    2287,
    2215,
    2147,
    2282,
    2323,
    2264,
    2608,
    1272,
    1130,
    1591,
    1640,
    2011,
    2328,
    2140,
    2096,
    2015,
    2014,
    2134,
    2066,
    1866,
    1927,
    2051,
    1894,
    1870,
    2092,
    2088,
    1897,
    1898,
    2157,
    2019,
    1899,
    2125,
    2260,
    1738
  ],
  "frame_begin_times": [
    0,
    50077,
    66548,
    83279,
    99924,
    116599,
    133242,
    149951,
    166625,
    183307,
    199990,
    216833,
    233523,
    250345,
    267043,
    283727,
    300332,
    317146,
    333729,
    350367,
    367001,
    383863,
    400270,
    466714,
    483535,
    500185,
    516942,
    533674,
    550350,
    567063,
    583777,
    600382,
    616957,
    633830,
    650324,
    666940,
    683700,
    700502,
    716839,
    733633,
    750194,
    766994,
    783637,
    800335,
    816921,
    833645,
    850333,
    866935,
    883719,
    916771,
    933651,
    950148,
    983184,
    999836,
    1016566,
    1033274,
    1050199,
    1066748,
    1083527,
    1100514,
    1116858,
    1133650,
    1150369,
    1166874,
    1183634,
    1200558,
    1217015,
    1233609,
    1250228,
    1267357,
    1283584,
    1300362,
    1317149,
    1334026,
    1366769,
    1383450,
    1400327,
    1416942,
    1433569,
    1450250,
    1466970,
    1483479,
    1500243,
    1517305,
    1533630,
    1550243,
    1567050,
    1584080,
    1600170,
    1616954,
    1633715,
    1650739,
    1666879,
    1683556,
    1700242,
    1716847,
    1733542,
    1750307,
    1767043,
    1783485,
    1816885,
    1833579,
    1850196,
    1866898,
    1883516,
    1900409,
    1916913,
    1933495,
    1950223,
    1967081,
    1983556,
    2000164,
    2016860,
    2033614,
    2050211,
    2066900,
    2083565,
    2100229,
    2116896,
    2133653,
    2150358,
    2166931,
    2183647,
    2200224,
    2217051,
    2233572
  ],
  "frame_rasterizer_begin_times": [
    0,
    16298,
    32850,
    49410,
    66101,
    82964,
    99560,
    116339,
    133170,
    149317,
    166006,
    182685,
    199538,
    216417,
    233110,
    249738,
    266525,
    283135,
    299787,
    316416,
    333256,
    349626,
    420745,
    433985,
    449997,
    466961,
    484018,
    500622,
    517384,
    534144,
    550761,
    567281,
    584294,
    600707,
    617262,
    634061,
    650362,
    666495,
    683558,
    700116,
    716948,
    733479,
    750177,
    766794,
    783530,
    800261,
    816818,
    836544,
    871314,
    884257,
    927843,
    932445,
    949344,
    965995,
    982764,
    1000135,
    1016753,
    1033663,
    1051217,
    1067461,
    1084746,
    1100802,
    1117162,
    1133900,
    1151401,
    1167341,
    1183815,
    1200545,
    1217777,
    1233962,
    1250492,
    1267414,
    1287650,
    1320919,
    1333876,
    1350727,
    1367301,
    1383883,
    1400557,
    1417370,
    1433839,
    1450554,
    1467720,
    1484029,
    1500560,
    1517073,
    1534748,
    1550085,
    1566814,
    1583734,
    1600754,
    1616693,
    1633567,
    1650141,
    1666816,
    1683781,
    1700202,
    1716918,
    1735657,
    1771093,
    1784460,
    1800213,
    1817334,
    1833910,
    1850876,
    1867410,
    1883854,
    1900612,
    1917936,
    1933960,
    1950572,
    1967299,
    1984036,
    2000200,
    2016917,
    2033562,
    2050251,
    2066876,
    2083675,
    2100434,
    2116976,
    2133660,
    2150270,
    2167083,
    2187001
  ],
  "average_vsync_transitions_missed": 1.1153846153846154,
  "90th_percentile_vsync_transitions_missed": 1.0,
  "99th_percentile_vsync_transitions_missed": 3.0
}