{
  "average_frame_build_time_millis": 1.3572559999999996,
  "90th_percentile_frame_build_time_millis": 1.607,
  "99th_percentile_frame_build_time_millis": 6.98,
  "worst_frame_build_time_millis": 8.824,
  "missed_frame_build_budget_count": 0,
  "average_frame_rasterizer_time_millis": 4.8996587301587295,
  "90th_percentile_frame_rasterizer_time_millis": 16.582,
  "99th_percentile_frame_rasterizer_time_millis": 18.315,
  "worst_frame_rasterizer_time_millis": 40.773,
  "missed_frame_rasterizer_budget_count": 19,
  "frame_count": 125,
  "frame_rasterizer_count": 126,
  "frame_build_times": [
    767,
    600,
    645,
    542,
    849,
    834,
    722,
    1596,
    145,
    294,
    279,
    297,
    349,
    450,
    458,
    470,
    621,
    451,
    428,
    652,
    368,
    6980,
    1974,
    1453,
    1444,
    1494,
    1375,
    1368,
    1374,
    1021,
    1029,
    1431,
    1362,
    1413,
    1406,
    892,
    1037,
    973,
    935,
    943,
    966,
    975,
    913,
    956,
    972,
    942,
    4147,
    5407,
    1216,
    689,
    556,
    297,
    437,
    447,
    957,
    956,
    1148,
    1628,
    1502,
    1543,
    981,
    955,
    978,
    1034,
    1132,
    751,
    954,
    961,
    963,
    992,
    958,
    4144,
    6250,
    1954,
    1388,
    1607,
    1411,
    1384,
    1393,
    1374,
    1382,
    1371,
    1399,
    1081,
    1378,
    1409,
    1031,
    992,
    952,
    970,
    1009,
    1028,
    981,
    1032,
    999,
    984,
    971,
    4430,
    901,
    8824,
    2296,
    1161,
    1142,
    1125,
    1524,
    1582,
    1530,
    1539,
    1583,
    1572,
    1532,
    1528,
    1139,
    1170,
    1182,
    1115,
    1192,
    1119,
    1066,
    1099,
    922,
    1116,
    1212,
    1063,
    5085
  ],
  "frame_rasterizer_times": [
    16907,
    15821,
    16735,
    16614,
    16582,
    16427,
    16532,
    16555,
    15513,
    18315,
    15589,
    16249,
    16826,
    17138,
    16298,
    16591,
    16655,
    16760,
    16486,
    16657,
    18144,
    14667,
    1582,
    2268,
    2476,
    2377,
    2969,
    2204,
    2247,
    2192,
    1974,
    1757,
    2265,
    2399,
    2306,
    2149,
    2214,
    2480,
    2299,
    2160,
    2224,
    2552,
    2391,
    2262,
    1935,
    1939,
    2222,
    1581,
    1862,
    40773,
    777,
    511,
    489,
    702,
    751,
    1541,
    1578,
    1761,
    2405,
    2132,
    2405,
    2335,
    2153,
    3271,
    2433,
    2313,
    2102,
    2335,
    2246,
    2350,
    2464,
    2298,
    2123,
    1578,
    2243,
    2544,
    2593,
    3008,
    2319,
    2237,
    1803,
    2339,
    2241,
    2234,
    2276,
    2246,
    2153,
    2538,
    2274,
    2163,
    2208,
    2413,
    2292,
    2228,
    2263,
    2471,
    2277,
    2184,
    1668,
    1393,
    1373,
    1750,
    1635,
    1513,
    1795,
    2079,
    2098,
    2077,
    1984,
    2165,
    2097,
    1940,
    1958,
    2153,
    2033,
    1918,
    1783,
    1543,
    1946,
    1932,
    1867,
    2057,
    1984,
    1951,
    2124,
    1821
  ],
  "frame_begin_times": [
    0,
    16622,
    33364,
    50067,
    66715,
    83374,
    99936,
    116673,
    133404,
    150768,
    167041,
    183598,
    200339,
    217217,
    233714,
    250444,
    267109,
    283822,
    300530,
    317056,
    334119,
    400162,
    417128,
    433740,
    450440,
    467349,
    483767,
    500391,
    516955,
    533686,
    550286,
    567107,
    583788,
    600492,
    617226,
    633792,
    650674,
    667201,
    683787,
    700386,
    717430,
    733762,
    750389,
    767086,
    783931,
    800402,
    817210,
    850114,
    867006,
    883463,
    916705,
    933336,
    950056,
    966627,
    983703,
    1000234,
    1017004,
    1033873,
    1050378,
    1067052,
    1083787,
    1100517,
    1117103,
    1133667,
    1150677,
    1167015,
    1183676,
    1200387,
    1217065,
    1233704,
    1250353,
    1267015,
    1300093,
    1317066,
    1333663,
    1350558,
    1367024,
    1383678,
    1400371,
    1417312,
    1433695,
    1450340,
    1466979,
    1483580,
    1500331,
    1516978,
    1533635,
    1550353,
    1566994,
    1583693,
    1600656,
    1617039,
    1633678,
    1650588,
    1667198,
    1683696,
    1700358,
    1717013,
    1750228,
    1766903,
    1783576,
    1800248,
    1816864,
    1833529,
    1850315,
    1867054,
    1883515,
    1900291,
    1917107,
    1933619,
    1950327,
    1967004,
    1983841,
    2000388,
    2016957,
    2033718,
    2050456,
    2067023,
    2083657,
    2100330,
    2116892,
    2133735,
    2150461,
    2167002,
    2183727
  ],
  "frame_rasterizer_begin_times": [
    0,
    16959,
    32858,
    49688,
    66356,
    83204,
    99923,
    116502,
    134037,
    149669,
    168129,
    183758,
    200044,
    216926,
    234186,
    250552,
    267215,
    283954,
    300802,
    317359,
    334088,
    352330,
    422528,
    434769,
    450909,
    467472,
    484468,
    500872,
    517467,
    533954,
    550374,
    566996,
    584112,
    600830,
    617611,
    634361,
    650385,
    667285,
    683893,
    700450,
    717036,
    734128,
    750447,
    766986,
    783751,
    800619,
    817022,
    837032,
    870808,
    883847,
    924719,
    932909,
    949300,
    966188,
    982825,
    1000329,
    1016870,
    1033850,
    1051119,
    1067589,
    1084372,
    1100478,
    1117147,
    1133786,
    1150281,
    1167529,
    1183536,
    1200320,
    1217041,
    1233745,
    1250402,
    1267041,
    1286332,
    1321836,
    1334757,
    1350671,
    1367801,
    1384146,
    1400775,
    1417469,
    1434278,
    1450788,
    1467409,
    1484085,
    1500344,
    1517400,
    1534098,
    1550314,
    1567058,
    1583637,
    1600382,
    1617330,
    1633784,
    1650322,
    1667324,
    1683904,
    1700360,
    1717061,
    1737114,
    1766840,
    1791242,
    1801389,
    1817039,
    1833664,
    1850321,
    1867573,
    1884342,
    1900749,
    1917489,
    1934413,
    1950884,
    1967597,
    1984244,
    2000685,
    2017252,
    2033850,
    2050502,
    2067299,
    2083830,
    2100448,
    2117133,
    2133525,
    2150578,
    2167254,
    2184065,
    2204045
  ],
  "average_vsync_transitions_missed": 1.04,
  "90th_percentile_vsync_transitions_missed": 1.0,
  "99th_percentile_vsync_transitions_missed": 2.0
}