{
  "average_frame_build_time_millis": 1.3328968253968256,
  "90th_percentile_frame_build_time_millis": 1.71,
  "99th_percentile_frame_build_time_millis": 6.467,
  "worst_frame_build_time_millis": 7.205,
  "missed_frame_build_budget_count": 0,
  "average_frame_rasterizer_time_millis": 4.943936507936509,
  "90th_percentile_frame_rasterizer_time_millis": 16.556,
  "99th_percentile_frame_rasterizer_time_millis": 17.08,
  "worst_frame_rasterizer_time_millis": 42.893,
  "missed_frame_rasterizer_budget_count": 23,
  "frame_count": 126,
  "frame_rasterizer_count": 126,
  "frame_build_times": [
    907,
    516,
    612,
    666,
    793,
    818,
    907,
    1105,
    1045,
    294,
    355,
    350,
    446,
    449,
    407,
    441,
    451,
    443,
    436,
    327,
    487,
    493,
    6467,
    1875,
    1474,
    1462,
    1551,
    1710,
    1223,
    1353,
    1362,
    1425,
    1531,
    1400,
    1576,
    1001,
    975,
    1064,
    949,
    966,
    997,
    930,
    972,
    801,
    939,
    932,
    1014,
    4046,
    5889,
    1267,
    826,
    544,
    337,
    417,
    472,
    1069,
    1043,
    1144,
    1113,
    1484,
    1791,
    965,
    1028,
    962,
    976,
    988,
    968,
    932,
    1044,
    965,
    948,
    1034,
    4250,
    7205,
    2035,
    1526,
    1074,
    1401,
    1428,
    1462,
    1349,
    1431,
    1390,
    1383,
    1476,
    1410,
    1432,
    937,
    1063,
    725,
    955,
    1039,
    940,
    960,
    1049,
    959,
    946,
    990,
    4430,
    1019,
    5814,
    1762,
    1080,
    1453,
    1489,
    1577,
    1453,
    1444,
    1479,
    1443,
    1429,
    1483,
    1468,
    812,
    1013,
    1081,
    1099,
    1038,
    1034,
    1470,
    1069,
    1044,
    1050,
    826,
    1030,
    4792
  ],
  "frame_rasterizer_times": [
    16427,
    16345,
    16447,
    16829,
    16427,
    16520,
    16690,
    16332,
    16710,
    16455,
    16863,
    17080,
    16430,
    16595,
    16556,
    16755,
    16258,
    16625,
    16838,
    16398,
    16709,
    16583,
    1603,
    2167,
    2438,
    2471,
    3469,
    2273,
    2374,
    1886,
    2245,
    2409,
    2363,
    2255,
    2616,
    2547,
    2295,
    1886,
    2236,
    2307,
    2211,
    2109,
    2247,
    1776,
    2232,
    2177,
    2205,
    1604,
    1683,
    42893,
    735,
    495,
    514,
    700,
    739,
    1551,
    1763,
    1787,
    1837,
    2493,
    2877,
    2340,
    2411,
    3293,
    2340,
    2306,
    2240,
    2421,
    2422,
    2243,
    2300,
    2510,
    2368,
    1663,
    2889,
    2397,
    1553,
    2521,
    2473,
    2281,
    2238,
    2249,
    1819,
    2340,
    2410,
    2281,
    2315,
    2298,
    2230,
    1760,
    2317,
    2369,
    2216,
    2520,
    2318,
    2291,
    2196,
    2562,
    1671,
    1734,
    1207,
    1641,
    1555,
    1628,
    2476,
    2068,
    2057,
    2286,
    2093,
    2008,
    2030,
    2252,
    2005,
    1505,
    1996,
    2337,
    1984,
    1922,
    1929,
    2047,
    1970,
    2040,
    1916,
    1847,
    1972,
    1720
  ],
  "frame_begin_times": [
    0,
    16642,
    33359,
    49961,
    66673,
    83342,
    100004,
    116688,
    133366,
    150308,
    166849,
    183647,
    200470,
    217098,
    233808,
    250388,
    267147,
    283686,
    300392,
    317244,
    333756,
    350444,
    416782,
    433796,
    450354,
    467065,
    483712,
    501224,
    516986,
    533626,
    550374,
    567170,
    583809,
    600374,
    617022,
    633995,
    650342,
    667122,
    683697,
    700527,
    716969,
    733715,
    750375,
    767252,
    783739,
    800406,
    817048,
    833768,
    866773,
    883456,
    900211,
    933336,
    949946,
    966642,
    983271,
    1000478,
    1016867,
    1033562,
    1050247,
    1067099,
    1083968,
    1100329,
    1117027,
    1133685,
    1150285,
    1167081,
    1183718,
    1200212,
    1217074,
    1233693,
    1250349,
    1267024,
    1283741,
    1316754,
    1333749,
    1350322,
    1366931,
    1383583,
    1400469,
    1417039,
    1433552,
    1450383,
    1467222,
    1483662,
    1500575,
    1517007,
    1533655,
    1550319,
    1567017,
    1583569,
    1600422,
    1617135,
    1633683,
    1650448,
    1667002,
    1683671,
    1700341,
    1717297,
    1733679,
    1766801,
    1783482,
    1800184,
    1816896,
    1833664,
    1850379,
    1867000,
    1883650,
    1900173,
    1917050,
    1933620,
    1950280,
    1967148,
    1983660,
    2000158,
    2016905,
    2033752,
    2050287,
    2067032,
    2083592,
    2100493,
    2117049,
    2133637,
    2150318,
    2166948,
    2183576,
    2200265
  ],
  "frame_rasterizer_begin_times": [
    0,
    16522,
    32984,
    49707,
    66666,
    83216,
    99995,
    116782,
    133424,
    150179,
    166679,
    183594,
    200751,
    217278,
    233998,
    250712,
    267551,
    283891,
    300608,
    317558,
    334038,
    350862,
    422060,
    434735,
    450896,
    467595,
    484218,
    501978,
    517459,
    533960,
    550783,
    567613,
    584288,
    600843,
    617669,
    634071,
    650353,
    667133,
    683710,
    700567,
    717036,
    733722,
    750389,
    767076,
    783721,
    800413,
    816984,
    836839,
    871391,
    883768,
    926770,
    932912,
    949367,
    966068,
    982750,
    1000508,
    1016912,
    1033734,
    1050390,
    1067654,
    1084736,
    1100339,
    1117041,
    1133732,
    1150319,
    1167154,
    1183753,
    1200197,
    1217160,
    1233725,
    1250289,
    1267131,
    1286516,
    1322735,
    1334818,
    1350883,
    1366984,
    1383968,
    1400947,
    1417553,
    1433887,
    1450843,
    1467674,
    1484143,
    1501124,
    1517486,
    1534184,
    1550340,
    1567152,
    1583342,
    1600446,
    1617191,
    1633718,
    1650486,
    1667115,
    1683712,
    1700353,
    1717360,
    1737142,
    1766892,
    1788182,
    1800947,
    1817005,
    1834158,
    1850894,
    1867604,
    1884151,
    1900662,
    1917599,
    1934135,
    1950738,
    1967708,
    1984199,
    2000026,
    2016982,
    2033908,
    2050449,
    2067111,
    2083703,
    2101035,
    2117229,
    2133735,
    2150461,
    2166804,
    2183677,
    2203680
  ],
  "average_vsync_transitions_missed": 1.04,
  "90th_percentile_vsync_transitions_missed": 1.0,
  "99th_percentile_vsync_transitions_missed": 2.0
}