{
  "average_frame_build_time_millis": 1.234837209302325,
  "90th_percentile_frame_build_time_millis": 1.566,
  "99th_percentile_frame_build_time_millis": 6.766,
  "worst_frame_build_time_millis": 7.754,
  "missed_frame_build_budget_count": 0,
  "average_frame_rasterizer_time_millis": 2.3353671875000006,
  "90th_percentile_frame_rasterizer_time_millis": 2.441,
  "99th_percentile_frame_rasterizer_time_millis": 3.641,
  "worst_frame_rasterizer_time_millis": 45.586,
  "missed_frame_rasterizer_budget_count": 1,
  "frame_count": 129,
  "frame_rasterizer_count": 128,
  "frame_build_times": [
    281,
    333,
    441,
    426,
    442,
    448,
    442,
    443,
    447,
    446,
    450,
    6766,
    1543,
    1443,
    1515,
    1428,
    1442,
    1412,
    1509,
    1467,
    1409,
    1570,
    1448,
    1388,
    1447,
    1042,
    1003,
    933,
    948,
    976,
    941,
    968,
    930,
    680,
    684,
    732,
    3935,
    3351,
    654,
    395,
    230,
    128,
    196,
    169,
    372,
    360,
    413,
    494,
    528,
    666,
    4124,
    1618,
    1223,
    1254,
    1295,
    1350,
    1247,
    1364,
    1029,
    1404,
    1341,
    1276,
    1405,
    1339,
    909,
    982,
    963,
    651,
    622,
    716,
    954,
    896,
    912,
    887,
    977,
    4072,
    6638,
    1915,
    1243,
    1316,
    1159,
    1352,
    1271,
    1257,
    969,
    1329,
    1216,
    1234,
    1438,
    1002,
    605,
    1018,
    647,
    532,
    489,
    942,
    950,
    979,
    1041,
    862,
    862,
    4405,
    690,
    7754,
    2042,
    990,
    1490,
    969,
    867,
    759,
    883,
    696,
    1269,
    1566,
    1532,
    1314,
    914,
    968,
    943,
    1010,
    756,
    974,
    958,
    988,
    932,
    852,
    708,
    500,
    2375
  ],
  "frame_rasterizer_times": [
    1465,
    1882,
    1772,
    1922,
    2048,
    1889,
    1938,
    1717,
    2099,
    1938,
    1631,
    2254,
    2538,
    2450,
    3536,
    2247,
    2298,
    2326,
    2311,
    2257,
    1990,
    2185,
    2257,
    2250,
    2646,
    2319,
    2373,
    2176,
    2227,
    2200,
    2198,
    2319,
    1641,
    1596,
    2007,
    1671,
    1456,
    45586,
    787,
    1624,
    1255,
    1784,
    2027,
    2251,
    1112,
    2093,
    1380,
    1326,
    1711,
    2810,
    3641,
    3140,
    2224,
    2358,
    2382,
    2342,
    2422,
    1969,
    2037,
    2364,
    2311,
    2646,
    2290,
    2302,
    2293,
    1878,
    1653,
    1540,
    1592,
    2442,
    2174,
    2238,
    2497,
    2344,
    2029,
    1602,
    2175,
    2389,
    2441,
    2348,
    2278,
    2333,
    2243,
    1700,
    2197,
    2216,
    2575,
    2378,
    1669,
    1741,
    1866,
    1429,
    1270,
    1282,
    2430,
    2230,
    2168,
    2159,
    2080,
    2190,
    1654,
    1276,
    1333,
    1592,
    1543,
    2088,
    1776,
    1322,
    1359,
    1193,
    1193,
    1926,
    2624,
    2024,
    1851,
    1866,
    1687,
    1892,
    1870,
    1412,
    1927,
    1884,
    1874,
    2121,
    1522,
    1456,
    959,
    1431
  ],
  "frame_begin_times": [
    0,
    16644,
    33518,
    50083,
    66763,
    83544,
    100118,
    116795,
    133438,
    150264,
    166720,
    233229,
    250000,
    266788,
    283434,
    300115,
    316760,
    333533,
    350097,
    366706,
    383329,
    400412,
    416764,
    433443,
    450079,
    466934,
    483400,
    500129,
    516711,
    533922,
    550092,
    566715,
    583405,
    599985,
    616529,
    633427,
    650145,
    666569,
    683396,
    699846,
    733011,
    749672,
    766371,
    783032,
    799883,
    816471,
    833187,
    850030,
    866667,
    883381,
    900063,
    916798,
    933382,
    950055,
    966895,
    983439,
    1000039,
    1016786,
    1033439,
    1050076,
    1066678,
    1083298,
    1100378,
    1116792,
    1133361,
    1149956,
    1166988,
    1183244,
    1199896,
    1216604,
    1233393,
    1250022,
    1266754,
    1283451,
    1300161,
    1316735,
    1350365,
    1366775,
    1383403,
    1400011,
    1417027,
    1433311,
    1449981,
    1466725,
    1483284,
    1500030,
    1516718,
    1533364,
    1550074,
    1566536,
    1583124,
    1600140,
    1616589,
    1633093,
    1649687,
    1667078,
    1683319,
    1699945,
    1716755,
    1733526,
    1749980,
    1766704,
    1799868,
    1816691,
    1833150,
    1849818,
    1866616,
    1883231,
    1899842,
    1916480,
    1933049,
    1949697,
    1966597,
    1983638,
    1999958,
    2016629,
    2033248,
    2050174,
    2066678,
    2083256,
    2099825,
    2116696,
    2133281,
    2149885,
    2166612,
    2183192,
    2199808,
    2216400,
    2233104
  ],
  "frame_rasterizer_begin_times": [
    0,
    16974,
    33548,
    50225,
    67098,
    83579,
    100270,
    116910,
    133730,
    150174,
    222620,
    234508,
    251277,
    267962,
    284565,
    301240,
    317887,
    334626,
    351117,
    367676,
    384953,
    401237,
    417854,
    434517,
    450941,
    467423,
    484082,
    500653,
    517838,
    534060,
    550621,
    567354,
    583668,
    600177,
    617145,
    637084,
    652957,
    667070,
    712822,
    716293,
    732837,
    749608,
    766134,
    783228,
    799798,
    816576,
    833518,
    850216,
    867052,
    886811,
    901395,
    917539,
    934248,
    951224,
    967799,
    984231,
    1001038,
    1017482,
    1034486,
    1050952,
    1067546,
    1084777,
    1101108,
    1117275,
    1133948,
    1150906,
    1166851,
    1183456,
    1200309,
    1217356,
    1233959,
    1250702,
    1267382,
    1284158,
    1303302,
    1339710,
    1351743,
    1367584,
    1384263,
    1401191,
    1417681,
    1434224,
    1450925,
    1467234,
    1484355,
    1500909,
    1517560,
    1534537,
    1550476,
    1566715,
    1584078,
    1600256,
    1616599,
    1633142,
    1651035,
    1667262,
    1683934,
    1700858,
    1717384,
    1733884,
    1754186,
    1783598,
    1807205,
    1818146,
    1834040,
    1851094,
    1867131,
    1883691,
    1900211,
    1916919,
    1933359,
    1950808,
    1968132,
    1984507,
    2000873,
    2017217,
    2034077,
    2050676,
    2067283,
    2083538,
    2100670,
    2117260,
    2133888,
    2150553,
    2166984,
    2183502,
    2199863,
    2218242
  ],
  "average_vsync_transitions_missed": 1.5,
  "90th_percentile_vsync_transitions_missed": 2.0,
  "99th_percentile_vsync_transitions_missed": 2.0
}