{
  "average_frame_build_time_millis": 1.3301120000000004,
  "90th_percentile_frame_build_time_millis": 1.532,
  "99th_percentile_frame_build_time_millis": 7.005,
  "worst_frame_build_time_millis": 7.981,
  "missed_frame_build_budget_count": 0,
  "average_frame_rasterizer_time_millis": 4.842808,
  "90th_percentile_frame_rasterizer_time_millis": 16.474,
  "99th_percentile_frame_rasterizer_time_millis": 17.547,
  "worst_frame_rasterizer_time_millis": 42.354,
  "missed_frame_rasterizer_budget_count": 21,
  "frame_count": 125,
  "frame_rasterizer_count": 125,
  "frame_build_times": [
    904,
    521,
    614,
    528,
    1025,
    968,
    738,
    702,
    140,
    108,
    322,
    319,
    323,
    349,
    422,
    465,
    432,
    450,
    415,
    466,
    478,
    7005,
    1532,
    1076,
    1476,
    1371,
    1364,
    1413,
    1413,
    1385,
    1386,
    1409,
    1379,
    1394,
    1442,
    970,
    969,
    942,
    1044,
    1048,
    939,
    948,
    1003,
    936,
    939,
    951,
    4197,
    4630,
    1284,
    780,
    526,
    325,
    442,
    460,
    940,
    1111,
    1139,
    1517,
    1188,
    1190,
    960,
    1014,
    977,
    1015,
    965,
    982,
    1070,
    996,
    965,
    977,
    1020,
    4202,
    6594,
    1528,
    1437,
    1483,
    1371,
    1420,
    1438,
    1384,
    1402,
    1536,
    1444,
    1375,
    1460,
    1443,
    934,
    957,
    634,
    952,
    960,
    955,
    763,
    939,
    926,
    967,
    968,
    4570,
    839,
    7981,
    2160,
    1457,
    1485,
    1502,
    1532,
    1485,
    1659,
    1169,
    1127,
    1516,
    1524,
    1097,
    1114,
    1118,
    1121,
    1130,
    1108,
    1104,
    1155,
    1250,
    1079,
    1161,
    1125,
    1105,
    5026
  ],
  "frame_rasterizer_times": [
    16757,
    16012,
    16720,
    16852,
    16277,
    16441,
    16194,
    16439,
    16600,
    16847,
    16817,
    17162,
    15960,
    17547,
    16416,
    16129,
    16620,
    17093,
    16196,
    16474,
    16811,
    1575,
    2312,
    1898,
    2401,
    3582,
    2359,
    2309,
    2297,
    2244,
    2432,
    2344,
    2234,
    2228,
    2061,
    2203,
    2223,
    2186,
    1755,
    2210,
    2138,
    2151,
    2280,
    2153,
    2143,
    2358,
    1610,
    1700,
    42354,
    695,
    518,
    479,
    735,
    725,
    1540,
    1638,
    1856,
    2335,
    1861,
    1931,
    2300,
    2329,
    3438,
    2459,
    2327,
    2351,
    2600,
    2294,
    2474,
    2273,
    2237,
    2016,
    1662,
    2028,
    2048,
    2511,
    3098,
    2322,
    2390,
    2494,
    2657,
    2434,
    2596,
    2307,
    2794,
    2282,
    2247,
    2233,
    1793,
    2252,
    2227,
    2146,
    1677,
    2377,
    2290,
    2250,
    2335,
    2318,
    1373,
    1389,
    1734,
    1744,
    2236,
    2349,
    2138,
    1993,
    2463,
    1463,
    1585,
    1952,
    2008,
    1978,
    1913,
    1958,
    2055,
    1903,
    2011,
    2195,
    2069,
    2018,
    1658,
    2147,
    2037,
    1924,
    1775
  ],
  "frame_begin_times": [
    0,
    16665,
    33363,
    50091,
    66772,
    83441,
    100075,
    116735,
    133461,
    150068,
    166926,
    183663,
    200516,
    216999,
    234110,
    250475,
    267040,
    283756,
    300827,
    317118,
    333786,
    400234,
    417020,
    433717,
    450474,
    467110,
    483754,
    500499,
    516987,
    533809,
    550682,
    567128,
    583765,
    600458,
    617327,
    633780,
    650445,
    667117,
    683896,
    700412,
    717150,
    733803,
    750469,
    767094,
    783751,
    800388,
    817087,
    850115,
    867104,
    883527,
    916734,
    933377,
    950052,
    966738,
    983710,
    1000275,
    1016985,
    1033742,
    1050282,
    1066975,
    1083723,
    1100394,
    1117112,
    1133819,
    1150425,
    1167097,
    1183815,
    1200429,
    1217096,
    1233740,
    1250832,
    1267098,
    1300243,
    1316978,
    1333757,
    1350642,
    1367048,
    1383764,
    1400612,
    1417049,
    1433732,
    1450865,
    1467101,
    1483738,
    1500833,
    1517094,
    1533603,
    1550459,
    1566937,
    1583725,
    1600701,
    1617094,
    1633983,
    1650378,
    1667104,
    1683902,
    1700616,
    1717038,
    1750339,
    1767088,
    1783626,
    1800424,
    1817197,
    1833765,
    1850418,
    1867031,
    1883916,
    1900281,
    1916927,
    1933682,
    1950936,
    1967047,
    1983714,
    2000282,
    2017078,
    2033718,
    2050330,
    2067178,
    2083753,
    2100405,
    2117023,
    2133807,
    2150379,
    2167034,
    2183651
  ],
  "frame_rasterizer_begin_times": [
    0,
    16808,
    33122,
    49957,
    66917,
    83561,
    100101,
    116585,
    133161,
    149955,
    166839,
    183711,
    200965,
    216969,
    234616,
    251153,
    267355,
    284051,
    301237,
    317512,
    334074,
    405988,
    417647,
    433907,
    451088,
    467607,
    484447,
    501048,
    517446,
    534345,
    551216,
    567675,
    584256,
    600989,
    617907,
    633878,
    650506,
    667220,
    683946,
    700597,
    717225,
    733803,
    750564,
    767166,
    783810,
    800459,
    820390,
    853602,
    867536,
    909953,
    916325,
    932801,
    949585,
    966289,
    983746,
    1000441,
    1017211,
    1034329,
    1050511,
    1067213,
    1083818,
    1100522,
    1117228,
    1133972,
    1150514,
    1167212,
    1183859,
    1200552,
    1217214,
    1233877,
    1250944,
    1269927,
    1305728,
    1317634,
    1334335,
    1351271,
    1367556,
    1384323,
    1401179,
    1417570,
    1434298,
    1451412,
    1467620,
    1484207,
    1501456,
    1517688,
    1533662,
    1550572,
    1566668,
    1583840,
    1600802,
    1617170,
    1633865,
    1650454,
    1667167,
    1683969,
    1700740,
    1720711,
    1750286,
    1773954,
    1784875,
    1801017,
    1817825,
    1834399,
    1851080,
    1867625,
    1884704,
    1900564,
    1917146,
    1934349,
    1951561,
    1967254,
    1983943,
    2000409,
    2017345,
    2033959,
    2050525,
    2067430,
    2083964,
    2100714,
    2117238,
    2134092,
    2150595,
    2167270,
    2187329
  ],
  "average_vsync_transitions_missed": 1.0416666666666667,
  "90th_percentile_vsync_transitions_missed": 1.0,
  "99th_percentile_vsync_transitions_missed": 2.0
}