{
  "average_frame_build_time_millis": 1.3244140624999998,
  "90th_percentile_frame_build_time_millis": 1.555,
  "99th_percentile_frame_build_time_millis": 6.694,
  "worst_frame_build_time_millis": 7.042,
  "missed_frame_build_budget_count": 0,
  "average_frame_rasterizer_time_millis": 2.421543307086614,
  "90th_percentile_frame_rasterizer_time_millis": 2.468,
  "99th_percentile_frame_rasterizer_time_millis": 3.523,
  "worst_frame_rasterizer_time_millis": 43.899,
  "missed_frame_rasterizer_budget_count": 1,
  "frame_count": 128,
  "frame_rasterizer_count": 127,
  "frame_build_times": [
    339,
    498,
    426,
    436,
    460,
    344,
    459,
    436,
    444,
    341,
    450,
    6694,
    2022,
    1445,
    1472,
    1468,
    1409,
    1233,
    1375,
    1461,
    1358,
    1516,
    1371,
    1423,
    1408,
    970,
    996,
    1083,
    992,
    963,
    923,
    953,
    970,
    985,
    932,
    926,
    3458,
    3101,
    635,
    354,
    227,
    144,
    201,
    176,
    488,
    384,
    461,
    511,
    663,
    701,
    3901,
    1555,
    1358,
    1427,
    1335,
    1344,
    992,
    1305,
    1380,
    1303,
    1672,
    1274,
    1505,
    1025,
    935,
    999,
    1095,
    978,
    896,
    995,
    952,
    964,
    933,
    962,
    972,
    4255,
    7042,
    1926,
    1295,
    1483,
    1410,
    1235,
    1258,
    1375,
    1387,
    1348,
    1412,
    1369,
    1385,
    889,
    902,
    1008,
    905,
    674,
    880,
    901,
    883,
    910,
    883,
    1283,
    877,
    4298,
    6526,
    2237,
    974,
    1468,
    1466,
    1406,
    1417,
    1227,
    1399,
    1384,
    1377,
    1482,
    1397,
    1360,
    992,
    1103,
    982,
    1008,
    1043,
    1100,
    1019,
    1001,
    1023,
    1141,
    1072,
    4906
  ],
  "frame_rasterizer_times": [
    1886,
    1756,
    1782,
    1749,
    1506,
    1762,
    1739,
    1795,
    1437,
    1899,
    1705,
    2303,
    2406,
    2468,
    3523,
    2248,
    2074,
    2311,
    2288,
    2236,
    2272,
    2261,
    2336,
    2243,
    2314,
    2319,
    2168,
    2354,
    2313,
    2239,
    2248,
    2543,
    2254,
    2193,
    2204,
    1612,
    1339,
    43899,
    624,
    1735,
    1294,
    1863,
    1910,
    2173,
    972,
    2547,
    1311,
    1672,
    1653,
    2231,
    3475,
    3119,
    2154,
    1782,
    2259,
    1822,
    2356,
    2453,
    2421,
    2405,
    2478,
    2608,
    2026,
    2346,
    2472,
    2385,
    2285,
    2338,
    2381,
    2282,
    2185,
    2199,
    1801,
    2235,
    2051,
    1552,
    2021,
    2396,
    2510,
    2510,
    2246,
    2222,
    2451,
    2275,
    2176,
    2233,
    2184,
    2213,
    2191,
    2217,
    1729,
    2158,
    1731,
    2129,
    2244,
    2179,
    2130,
    2320,
    2640,
    2166,
    1672,
    1187,
    1589,
    1633,
    3194,
    2022,
    2044,
    1984,
    1591,
    2024,
    1972,
    1962,
    2083,
    2057,
    1920,
    2035,
    1937,
    1912,
    1908,
    2237,
    1984,
    1925,
    1879,
    2023,
    1965,
    1916,
    1771
  ],
  "frame_begin_times": [
    0,
    17510,
    33463,
    50131,
    66742,
    83405,
    100106,
    116854,
    133491,
    150074,
    166917,
    233208,
    249995,
    267169,
    283473,
    300100,
    316847,
    333606,
    350138,
    366805,
    383451,
    400127,
    416830,
    433454,
    450074,
    466859,
    483369,
    500046,
    516903,
    533461,
    550065,
    566786,
    583712,
    600168,
    616868,
    633430,
    650258,
    666682,
    683438,
    699840,
    732983,
    749633,
    766365,
    783042,
    800040,
    816541,
    833283,
    849966,
    866796,
    883437,
    900431,
    916776,
    933389,
    950050,
    966878,
    983375,
    999964,
    1016757,
    1033475,
    1050062,
    1066721,
    1083327,
    1100049,
    1116596,
    1133365,
    1150156,
    1166766,
    1183384,
    1200174,
    1216842,
    1233349,
    1250034,
    1266729,
    1283533,
    1300094,
    1316732,
    1349858,
    1366753,
    1383391,
    1400033,
    1416718,
    1433245,
    1449960,
    1466775,
    1483420,
    1500051,
    1516697,
    1533560,
    1550068,
    1566709,
    1583356,
    1600163,
    1616688,
    1633273,
    1650005,
    1666761,
    1683381,
    1700049,
    1716682,
    1733587,
    1750019,
    1766723,
    1799718,
    1816579,
    1833212,
    1850011,
    1866596,
    1883358,
    1899997,
    1916867,
    1933325,
    1950023,
    1966693,
    1983360,
    1999963,
    2016717,
    2033364,
    2050215,
    2066622,
    2083326,
    2100081,
    2116649,
    2133350,
    2150033,
    2166794,
    2183417,
    2199987,
    2216693
  ],
  "frame_rasterizer_begin_times": [
    0,
    15864,
    32557,
    49194,
    65730,
    82550,
    99278,
    115926,
    132380,
    149337,
    221562,
    234054,
    250613,
    266935,
    283561,
    300212,
    316740,
    333528,
    350145,
    366801,
    383554,
    400194,
    416871,
    433470,
    449816,
    466335,
    483087,
    499854,
    516396,
    532984,
    549753,
    566680,
    583068,
    599793,
    616367,
    635671,
    651708,
    666432,
    710421,
    715202,
    731696,
    748485,
    765184,
    782485,
    798869,
    815686,
    832439,
    849392,
    866108,
    885844,
    900324,
    916741,
    933455,
    949982,
    966714,
    982936,
    1000068,
    1016830,
    1033344,
    1050367,
    1066509,
    1083547,
    1099567,
    1116308,
    1133128,
    1149732,
    1166338,
    1183057,
    1199802,
    1216452,
    1232989,
    1249635,
    1266388,
    1283060,
    1302374,
    1338679,
    1350645,
    1366610,
    1383481,
    1400090,
    1416429,
    1433127,
    1450031,
    1466797,
    1483302,
    1499992,
    1516923,
    1533466,
    1549585,
    1566229,
    1583157,
    1599563,
    1615896,
    1632867,
    1649657,
    1666272,
    1682962,
    1699582,
    1716747,
    1732888,
    1752987,
    1787936,
    1800737,
    1816137,
    1833450,
    1849893,
    1866670,
    1883403,
    1900047,
    1916703,
    1933360,
    1950037,
    1966817,
    1983338,
    2000073,
    2016330,
    2033280,
    2049572,
    2066369,
    2083119,
    2099725,
    2116332,
    2132996,
    2149815,
    2166534,
    2183015,
    2203140
  ],
  "average_vsync_transitions_missed": 1.5,
  "90th_percentile_vsync_transitions_missed": 2.0,
  "99th_percentile_vsync_transitions_missed": 2.0
}