{
  "average_frame_build_time_millis": 1.33624,
  "90th_percentile_frame_build_time_millis": 1.595,
  "99th_percentile_frame_build_time_millis": 8.258,
  "worst_frame_build_time_millis": 8.827,
  "missed_frame_build_budget_count": 0,
  "average_frame_rasterizer_time_millis": 2.3621349206349214,
  "90th_percentile_frame_rasterizer_time_millis": 2.392,
  "99th_percentile_frame_rasterizer_time_millis": 16.712,
  "worst_frame_rasterizer_time_millis": 41.726,
  "missed_frame_rasterizer_budget_count": 2,
  "frame_count": 125,
  "frame_rasterizer_count": 126,
  "frame_build_times": [
    519,
    596,
    581,
    517,
    807,
    752,
    1007,
    925,
    260,
    256,
    323,
    436,
    347,
    437,
    437,
    437,
    452,
    366,
    459,
    454,
    482,
    8258,
    1539,
    1053,
    1431,
    1592,
    1428,
    1382,
    1446,
    1340,
    1478,
    1455,
    1409,
    1241,
    955,
    933,
    942,
    975,
    975,
    982,
    980,
    1001,
    963,
    930,
    986,
    973,
    4010,
    4897,
    1310,
    770,
    547,
    320,
    453,
    427,
    991,
    1008,
    1186,
    1695,
    1270,
    1717,
    1062,
    1071,
    1085,
    1008,
    1019,
    1201,
    1010,
    1055,
    562,
    618,
    979,
    2959,
    5499,
    1281,
    892,
    1595,
    1497,
    1404,
    1432,
    1568,
    1468,
    1426,
    1442,
    1594,
    1397,
    1455,
    1002,
    999,
    1052,
    1003,
    981,
    1037,
    984,
    1019,
    1091,
    1052,
    1014,
    4500,
    983,
    8827,
    2147,
    1122,
    1475,
    1404,
    1469,
    1603,
    1472,
    1461,
    1555,
    1515,
    1455,
    1521,
    1099,
    1064,
    1083,
    1080,
    1106,
    1087,
    1072,
    1074,
    955,
    1067,
    1061,
    1024,
    4838
  ],
  "frame_rasterizer_times": [
    16712,
    1189,
    387,
    639,
    526,
    408,
    667,
    557,
    524,
    1130,
    1207,
    1173,
    1723,
    1396,
    1921,
    1811,
    1767,
    1819,
    1517,
    1870,
    1889,
    1879,
    2305,
    2053,
    1816,
    2385,
    3743,
    2283,
    2325,
    2351,
    1890,
    2416,
    2393,
    2309,
    2290,
    2230,
    2220,
    2293,
    2332,
    2275,
    2386,
    2392,
    2271,
    2170,
    2219,
    2285,
    2272,
    1640,
    1664,
    41726,
    775,
    505,
    476,
    711,
    701,
    1540,
    1590,
    1837,
    3097,
    1939,
    2113,
    2335,
    2930,
    3318,
    2340,
    2244,
    2394,
    2294,
    2350,
    1385,
    1299,
    2372,
    1708,
    1607,
    1747,
    1543,
    2054,
    2581,
    2253,
    2298,
    2170,
    2297,
    2249,
    2286,
    1786,
    2230,
    2244,
    2278,
    2249,
    2185,
    2226,
    2401,
    2345,
    2272,
    2269,
    2364,
    2316,
    2208,
    1704,
    1392,
    1564,
    1917,
    1610,
    1989,
    2444,
    2089,
    2166,
    2037,
    2096,
    2237,
    2187,
    2226,
    2057,
    2267,
    2053,
    1941,
    1895,
    2031,
    1992,
    2025,
    2088,
    1641,
    2101,
    1860,
    1919,
    1745
  ],
  "frame_begin_times": [
    0,
    16711,
    33419,
    50033,
    66700,
    83385,
    100117,
    116754,
    133618,
    150506,
    166893,
    183815,
    200335,
    217249,
    233765,
    250435,
    267097,
    283734,
    300407,
    317166,
    333709,
    400253,
    417013,
    433646,
    450461,
    467377,
    483674,
    500344,
    517036,
    533903,
    550419,
    567107,
    583767,
    600422,
    617098,
    633663,
    650434,
    667143,
    683827,
    700340,
    717266,
    733748,
    750400,
    767088,
    783983,
    800480,
    816987,
    850178,
    866961,
    883491,
    916636,
    933348,
    950028,
    966722,
    983641,
    1000278,
    1016990,
    1033804,
    1050361,
    1067068,
    1083739,
    1100548,
    1117046,
    1133689,
    1150404,
    1167245,
    1183725,
    1200376,
    1216797,
    1233566,
    1250265,
    1266941,
    1300055,
    1316777,
    1333520,
    1350576,
    1367011,
    1383775,
    1400302,
    1417216,
    1433743,
    1450370,
    1467064,
    1483791,
    1500410,
    1517023,
    1533653,
    1550359,
    1567098,
    1583755,
    1600297,
    1616987,
    1633595,
    1650295,
    1667135,
    1683643,
    1700372,
    1717055,
    1750164,
    1767093,
    1783726,
    1800289,
    1817020,
    1833587,
    1850351,
    1867004,
    1883736,
    1900344,
    1917281,
    1933710,
    1950285,
    1967004,
    1983886,
    2000363,
    2017119,
    2033682,
    2050560,
    2067144,
    2083690,
    2100271,
    2117023,
    2133685,
    2150333,
    2167082,
    2183593
  ],
  "frame_rasterizer_begin_times": [
    0,
    16759,
    33124,
    49806,
    66355,
    83269,
    99994,
    116943,
    133515,
    149661,
    166551,
    183010,
    200109,
    216476,
    233534,
    250032,
    266728,
    283379,
    299847,
    316619,
    333454,
    350014,
    423578,
    434346,
    450515,
    467711,
    484710,
    500940,
    517564,
    534242,
    551106,
    567707,
    584360,
    600984,
    617413,
    633879,
    650452,
    667215,
    683951,
    700645,
    717175,
    734067,
    750551,
    767191,
    783869,
    800812,
    817280,
    836792,
    870616,
    884096,
    925938,
    932953,
    949470,
    966287,
    982956,
    1000435,
    1017096,
    1033929,
    1051746,
    1067427,
    1084583,
    1100639,
    1117455,
    1133929,
    1150527,
    1167289,
    1184248,
    1200580,
    1217235,
    1233154,
    1249970,
    1267073,
    1285376,
    1321168,
    1333861,
    1350211,
    1367914,
    1384312,
    1401012,
    1417480,
    1434596,
    1451048,
    1467628,
    1484344,
    1501074,
    1517642,
    1534310,
    1550487,
    1567197,
    1583986,
    1600546,
    1617116,
    1633825,
    1650368,
    1667148,
    1684066,
    1700482,
    1717233,
    1737349,
    1766963,
    1791580,
    1801654,
    1817176,
    1834328,
    1850806,
    1867657,
    1884445,
    1901078,
    1917639,
    1934648,
    1951085,
    1967550,
    1984296,
    2000830,
    2017248,
    2034034,
    2050587,
    2067462,
    2084077,
    2100657,
    2117092,
    2133793,
    2150580,
    2167216,
    2183927,
    2203804
  ],
  "average_vsync_transitions_missed": 1.25,
  "90th_percentile_vsync_transitions_missed": 2.0,
  "99th_percentile_vsync_transitions_missed": 2.0
}