{
  "average_frame_build_time_millis": 1.3781666666666668,
  "90th_percentile_frame_build_time_millis": 1.665,
  "99th_percentile_frame_build_time_millis": 6.458,
  "worst_frame_build_time_millis": 9.329,
  "missed_frame_build_budget_count": 0,
  "average_frame_rasterizer_time_millis": 2.437007874015749,
  "90th_percentile_frame_rasterizer_time_millis": 2.518,
  "99th_percentile_frame_rasterizer_time_millis": 16.405,
  "worst_frame_rasterizer_time_millis": 43.088,
  "missed_frame_rasterizer_budget_count": 2,
  "frame_count": 126,
  "frame_rasterizer_count": 127,
  "frame_build_times": [
    908,
    454,
    591,
    539,
    624,
    741,
    765,
    1018,
    920,
    279,
    297,
    309,
    338,
    453,
    440,
    447,
    442,
    470,
    451,
    454,
    519,
    460,
    6458,
    1683,
    1446,
    1528,
    1493,
    1493,
    1441,
    1892,
    1445,
    1413,
    1414,
    1126,
    1416,
    1589,
    979,
    986,
    1030,
    772,
    996,
    977,
    954,
    962,
    1034,
    1045,
    1282,
    4229,
    5622,
    1360,
    810,
    544,
    348,
    379,
    420,
    982,
    1054,
    1094,
    1217,
    1212,
    1635,
    1091,
    1051,
    1000,
    996,
    1040,
    1024,
    982,
    1017,
    830,
    1019,
    1027,
    4250,
    6111,
    1612,
    1499,
    1524,
    1420,
    1427,
    1513,
    1452,
    1414,
    1430,
    1733,
    1390,
    1393,
    1495,
    1009,
    984,
    959,
    1021,
    993,
    1031,
    1000,
    1003,
    990,
    978,
    1009,
    4233,
    727,
    9329,
    2408,
    1485,
    1476,
    1665,
    1229,
    1491,
    1501,
    1506,
    1531,
    1539,
    1486,
    1654,
    1098,
    1100,
    1075,
    1439,
    1105,
    1094,
    1048,
    1589,
    1098,
    1115,
    1109,
    1108,
    5015
  ],
  "frame_rasterizer_times": [
    1231,
    16405,
    1400,
    399,
    578,
    675,
    385,
    679,
    528,
    516,
    1667,
    1416,
    1323,
    1493,
    1937,
    1934,
    1923,
    1921,
    1922,
    1959,
    1886,
    2023,
    1973,
    1584,
    2300,
    2429,
    3041,
    3808,
    2215,
    2322,
    1993,
    2488,
    2321,
    2409,
    1710,
    2287,
    2334,
    2314,
    2156,
    2878,
    2101,
    2414,
    2442,
    2124,
    2197,
    2641,
    2345,
    1760,
    1648,
    1640,
    43088,
    869,
    491,
    452,
    654,
    664,
    1569,
    1621,
    1876,
    1850,
    1929,
    2498,
    2510,
    2484,
    3345,
    2589,
    2045,
    2394,
    2372,
    2376,
    1858,
    2472,
    2398,
    2234,
    1533,
    2048,
    2418,
    2539,
    3022,
    2341,
    2466,
    2362,
    2053,
    2373,
    2374,
    2352,
    2398,
    2289,
    2320,
    2293,
    2395,
    2523,
    2365,
    2322,
    2336,
    2518,
    2339,
    2334,
    2281,
    1362,
    1195,
    1518,
    2061,
    1677,
    2117,
    2666,
    1546,
    2053,
    2109,
    2415,
    2075,
    2309,
    2095,
    2218,
    2043,
    2057,
    2649,
    2259,
    2091,
    1713,
    1917,
    2051,
    1951,
    2020,
    1920,
    2260,
    1847
  ],
  "frame_begin_times": [
    0,
    16680,
    33326,
    49988,
    66647,
    83389,
    100022,
    116707,
    133334,
    150453,
    166962,
    183525,
    200274,
    217288,
    233735,
    250394,
    267082,
    283952,
    300362,
    317067,
    333821,
    350368,
    416877,
    433545,
    450515,
    467452,
    483883,
    500500,
    517145,
    534501,
    550715,
    567127,
    583818,
    600310,
    617024,
    633915,
    650402,
    667118,
    683791,
    700432,
    717354,
    733802,
    750403,
    767152,
    784367,
    800464,
    817106,
    833945,
    866854,
    883586,
    900043,
    933312,
    949936,
    966819,
    983338,
    1000229,
    1016788,
    1033716,
    1050222,
    1066833,
    1083994,
    1100641,
    1116903,
    1133768,
    1150323,
    1167146,
    1183683,
    1200354,
    1216911,
    1233600,
    1250277,
    1266973,
    1283736,
    1316779,
    1333555,
    1350442,
    1366910,
    1383673,
    1400292,
    1417223,
    1433761,
    1450268,
    1466989,
    1483917,
    1500305,
    1516882,
    1533606,
    1550344,
    1566952,
    1583652,
    1600441,
    1617169,
    1633654,
    1650403,
    1667145,
    1683676,
    1700312,
    1716907,
    1733787,
    1766880,
    1783623,
    1800310,
    1817066,
    1833775,
    1850422,
    1866890,
    1883707,
    1900399,
    1917020,
    1933677,
    1950362,
    1966996,
    1984004,
    2000379,
    2016984,
    2033854,
    2050678,
    2067105,
    2083727,
    2100348,
    2117420,
    2133627,
    2150581,
    2166962,
    2183816,
    2200344
  ],
  "frame_rasterizer_begin_times": [
    0,
    3240,
    19742,
    36273,
    52833,
    69638,
    86432,
    103138,
    120095,
    136529,
    153003,
    169515,
    186143,
    202954,
    220091,
    236433,
    253181,
    269873,
    286711,
    303103,
    319873,
    336590,
    353146,
    425343,
    437484,
    454225,
    471232,
    487674,
    504295,
    520866,
    538624,
    554489,
    570837,
    587527,
    603728,
    620739,
    637817,
    653737,
    670399,
    687094,
    703484,
    720631,
    737070,
    753653,
    770417,
    787711,
    803772,
    820608,
    840479,
    874452,
    887260,
    930433,
    936127,
    952591,
    969561,
    986119,
    1003513,
    1020130,
    1037139,
    1053696,
    1070282,
    1087966,
    1104026,
    1120291,
    1137108,
    1153643,
    1170384,
    1187051,
    1203693,
    1220254,
    1236731,
    1253605,
    1270342,
    1289758,
    1324977,
    1337440,
    1354222,
    1370774,
    1387394,
    1404057,
    1421052,
    1437476,
    1453994,
    1470764,
    1487918,
    1504021,
    1520623,
    1537440,
    1553673,
    1570270,
    1586938,
    1603748,
    1620526,
    1636907,
    1653661,
    1670439,
    1686960,
    1703644,
    1720258,
    1740160,
    1769862,
    1794869,
    1804950,
    1820935,
    1837551,
    1854383,
    1870358,
    1887471,
    1904161,
    1920845,
    1937506,
    1954213,
    1970804,
    1988068,
    2003856,
    2020402,
    2037241,
    2054474,
    2070510,
    2087120,
    2103660,
    2121269,
    2137002,
    2153986,
    2170364,
    2187219,
    2207178
  ],
  "average_vsync_transitions_missed": 1.25,
  "90th_percentile_vsync_transitions_missed": 2.0,
  "99th_percentile_vsync_transitions_missed": 2.0
}