{
  "average_frame_build_time_millis": 1.3271760000000004,
  "90th_percentile_frame_build_time_millis": 1.642,
  "99th_percentile_frame_build_time_millis": 6.508,
  "worst_frame_build_time_millis": 6.813,
  "missed_frame_build_budget_count": 0,
  "average_frame_rasterizer_time_millis": 4.9299126984126955,
  "90th_percentile_frame_rasterizer_time_millis": 16.534,
  "99th_percentile_frame_rasterizer_time_millis": 17.814,
  "worst_frame_rasterizer_time_millis": 39.264,
  "missed_frame_rasterizer_budget_count": 21,
  "frame_count": 125,
  "frame_rasterizer_count": 126,
  "frame_build_times": [
    1209,
    465,
    540,
    610,
    511,
    904,
    788,
    1045,
    856,
    287,
    305,
    348,
    514,
    422,
    441,
    446,
    389,
    427,
    449,
    452,
    450,
    447,
    6508,
    1548,
    1472,
    1528,
    1433,
    1404,
    1415,
    1401,
    1432,
    1406,
    1056,
    1441,
    1379,
    1451,
    989,
    962,
    961,
    959,
    907,
    967,
    1107,
    1071,
    1015,
    1017,
    980,
    3607,
    5745,
    1025,
    426,
    549,
    363,
    441,
    431,
    1050,
    1026,
    1047,
    1195,
    1585,
    1642,
    1168,
    1015,
    1099,
    1043,
    1031,
    996,
    1027,
    1048,
    1013,
    1001,
    986,
    4215,
    6813,
    1711,
    1046,
    1103,
    1429,
    1673,
    1412,
    1462,
    1452,
    1963,
    1426,
    1501,
    1371,
    1449,
    973,
    953,
    1033,
    996,
    949,
    936,
    993,
    961,
    1020,
    947,
    993,
    4541,
    5744,
    1896,
    1107,
    1429,
    1435,
    1144,
    1485,
    1411,
    1460,
    1535,
    1481,
    1450,
    1472,
    1626,
    1050,
    1074,
    1072,
    1086,
    1063,
    1099,
    818,
    1051,
    1046,
    1092,
    1054,
    4723
  ],
  "frame_rasterizer_times": [
    1281,
    15877,
    16534,
    16508,
    16552,
    16820,
    16280,
    16726,
    16646,
    17142,
    16018,
    16732,
    17814,
    15872,
    16467,
    16658,
    17035,
    16437,
    16339,
    16417,
    16739,
    16613,
    16471,
    1608,
    2231,
    2652,
    2429,
    3547,
    1947,
    2066,
    2246,
    2267,
    2255,
    1820,
    2277,
    2244,
    2336,
    2359,
    2232,
    2151,
    2400,
    1725,
    2141,
    2215,
    2479,
    2187,
    2270,
    2127,
    1366,
    1692,
    39264,
    913,
    759,
    482,
    689,
    744,
    1433,
    1769,
    1618,
    1851,
    2404,
    2654,
    2426,
    2290,
    3283,
    2677,
    2272,
    2257,
    2340,
    2381,
    2328,
    2329,
    2568,
    2110,
    1502,
    2186,
    1627,
    1882,
    3006,
    2550,
    2493,
    2539,
    2443,
    1864,
    2419,
    2472,
    2420,
    2494,
    2686,
    2310,
    3530,
    2474,
    2328,
    2419,
    2524,
    2463,
    2328,
    2321,
    2708,
    1765,
    1176,
    1568,
    1564,
    1920,
    2375,
    1982,
    2101,
    2033,
    2118,
    2095,
    2023,
    2020,
    2215,
    1559,
    1991,
    1957,
    2147,
    1983,
    2007,
    1988,
    1674,
    1986,
    1917,
    1947,
    2087,
    1895
  ],
  "frame_begin_times": [
    0,
    16542,
    33232,
    49911,
    66527,
    83247,
    99945,
    116605,
    133249,
    150252,
    166749,
    183475,
    200702,
    217068,
    233634,
    250302,
    267508,
    283692,
    300299,
    316920,
    333723,
    350243,
    416719,
    433491,
    450408,
    466927,
    483622,
    500300,
    517106,
    533549,
    550325,
    566980,
    583781,
    600274,
    616925,
    633597,
    650316,
    666919,
    683647,
    700338,
    716980,
    733636,
    750241,
    767039,
    783634,
    800240,
    816937,
    833729,
    866768,
    883304,
    899852,
    933222,
    949778,
    966573,
    983179,
    1000189,
    1016803,
    1033376,
    1050104,
    1066903,
    1083908,
    1100309,
    1116981,
    1133509,
    1150478,
    1166885,
    1183549,
    1200249,
    1217096,
    1233554,
    1250227,
    1266888,
    1283433,
    1316688,
    1333499,
    1350047,
    1366816,
    1383537,
    1400796,
    1417022,
    1433533,
    1450456,
    1467495,
    1483729,
    1500392,
    1517166,
    1533628,
    1550404,
    1566892,
    1583543,
    1600398,
    1616833,
    1633784,
    1650736,
    1666929,
    1683755,
    1700356,
    1717324,
    1733568,
    1766659,
    1783442,
    1800081,
    1816922,
    1833526,
    1850184,
    1866857,
    1883429,
    1900205,
    1916878,
    1933564,
    1950200,
    1967037,
    1983553,
    2000165,
    2016897,
    2033681,
    2050220,
    2066901,
    2083574,
    2100481,
    2116899,
    2133526,
    2150185,
    2166934,
    2183559
  ],
  "frame_rasterizer_begin_times": [
    0,
    1712,
    17684,
    34296,
    51025,
    67621,
    84656,
    101241,
    118077,
    134783,
    151975,
    168036,
    184822,
    202727,
    218682,
    235285,
    252027,
    269112,
    285632,
    302033,
    318540,
    335356,
    352063,
    423441,
    435507,
    452378,
    468937,
    485529,
    502227,
    519024,
    535463,
    552246,
    568876,
    585288,
    602231,
    618813,
    635535,
    651800,
    668362,
    685087,
    701835,
    718366,
    735062,
    751837,
    768607,
    785140,
    801734,
    818409,
    837802,
    872704,
    884782,
    924132,
    934228,
    950567,
    967481,
    984086,
    1001682,
    1018291,
    1034890,
    1051707,
    1068959,
    1086006,
    1101920,
    1118516,
    1135082,
    1151991,
    1168414,
    1184985,
    1201765,
    1218643,
    1235050,
    1251718,
    1268362,
    1287486,
    1323778,
    1335567,
    1351566,
    1368412,
    1385425,
    1402879,
    1418998,
    1435429,
    1452405,
    1469856,
    1485655,
    1502387,
    1519037,
    1535573,
    1551887,
    1568342,
    1585059,
    1601891,
    1618306,
    1635238,
    1652231,
    1668382,
    1685193,
    1701797,
    1718835,
    1738566,
    1772635,
    1785767,
    1801639,
    1818873,
    1835470,
    1851780,
    1868835,
    1885354,
    1902153,
    1918865,
    1935522,
    1952145,
    1968960,
    1985558,
    2001710,
    2018463,
    2035263,
    2051795,
    2068478,
    2085090,
    2101752,
    2118405,
    2135070,
    2151743,
    2168500,
    2188336
  ],
  "average_vsync_transitions_missed": 1.12,
  "90th_percentile_vsync_transitions_missed": 1.0,
  "99th_percentile_vsync_transitions_missed": 3.0
}