{
  "average_frame_build_time_millis": 1.3231599999999992,
  "90th_percentile_frame_build_time_millis": 1.56,
  "99th_percentile_frame_build_time_millis": 7.34,
  "worst_frame_build_time_millis": 7.351,
  "missed_frame_build_budget_count": 0,
  "average_frame_rasterizer_time_millis": 2.267176,
  "90th_percentile_frame_rasterizer_time_millis": 2.417,
  "99th_percentile_frame_rasterizer_time_millis": 3.276,
  "worst_frame_rasterizer_time_millis": 42.596,
  "missed_frame_rasterizer_budget_count": 1,
  "frame_count": 125,
  "frame_rasterizer_count": 125,
  "frame_build_times": [
    931,
    646,
    524,
    545,
    712,
    728,
    956,
    938,
    275,
    267,
    375,
    463,
    445,
    450,
    444,
    457,
    434,
    446,
    435,
    461,
    430,
    7340,
    1602,
    1092,
    1114,
    1433,
    1942,
    1421,
    1385,
    1390,
    1040,
    1379,
    1495,
    1490,
    1386,
    921,
    742,
    926,
    957,
    928,
    924,
    1017,
    983,
    1016,
    976,
    991,
    3976,
    5526,
    1336,
    784,
    524,
    295,
    463,
    445,
    1046,
    978,
    1122,
    1503,
    1579,
    1560,
    1033,
    1006,
    960,
    1016,
    942,
    1043,
    772,
    969,
    954,
    991,
    987,
    4184,
    5201,
    1480,
    1430,
    1421,
    1511,
    1494,
    1354,
    1488,
    1516,
    1384,
    1390,
    1395,
    1045,
    1392,
    992,
    961,
    999,
    1007,
    928,
    966,
    1051,
    966,
    1000,
    978,
    975,
    3972,
    681,
    7351,
    2232,
    1089,
    1432,
    1379,
    1447,
    1446,
    1517,
    1465,
    1448,
    1528,
    1472,
    1468,
    1102,
    1087,
    1148,
    1108,
    1039,
    1132,
    1077,
    1067,
    1051,
    1069,
    1091,
    1099,
    4828
  ],
  "frame_rasterizer_times": [
    699,
    471,
    620,
    537,
    388,
    705,
    516,
    525,
    1128,
    1072,
    1480,
    1636,
    1977,
    1937,
    1893,
    1790,
    1752,
    1777,
    1930,
    1823,
    1981,
    1682,
    2251,
    1661,
    1810,
    3276,
    3173,
    2266,
    2226,
    2205,
    1881,
    2289,
    2238,
    2386,
    2275,
    2270,
    1624,
    2383,
    2368,
    2220,
    2284,
    2463,
    2448,
    2233,
    2357,
    2178,
    1657,
    1779,
    42596,
    736,
    540,
    459,
    759,
    739,
    1785,
    1605,
    1839,
    2018,
    2716,
    2265,
    2387,
    2334,
    2867,
    2622,
    2247,
    2284,
    1944,
    2343,
    2364,
    2288,
    2436,
    2099,
    1525,
    1923,
    2362,
    2473,
    2996,
    2313,
    2264,
    2244,
    1900,
    2344,
    2242,
    2241,
    1769,
    2206,
    2207,
    2440,
    2357,
    2265,
    2205,
    2417,
    2329,
    2189,
    2224,
    2396,
    2314,
    1395,
    1288,
    1285,
    1882,
    1592,
    2095,
    2352,
    2000,
    2149,
    2060,
    2116,
    2077,
    2213,
    2261,
    1926,
    1961,
    2224,
    1962,
    1951,
    1912,
    1793,
    1933,
    1970,
    2005,
    2153,
    2058,
    1970,
    1877
  ],
  "frame_begin_times": [
    0,
    16608,
    33273,
    49900,
    66585,
    83265,
    99923,
    116642,
    133571,
    150119,
    166963,
    183705,
    200240,
    216999,
    233797,
    250420,
    266985,
    283662,
    300379,
    317015,
    333635,
    400064,
    416972,
    433492,
    450156,
    466952,
    484067,
    500297,
    517004,
    533656,
    550388,
    567036,
    583693,
    600325,
    617030,
    633611,
    650170,
    667055,
    683629,
    700328,
    716941,
    733849,
    750301,
    766992,
    783621,
    800517,
    816935,
    850094,
    866844,
    883343,
    916530,
    933287,
    949949,
    966622,
    983590,
    1000138,
    1016838,
    1033678,
    1050571,
    1066945,
    1083661,
    1100307,
    1117189,
    1133572,
    1150270,
    1166923,
    1183555,
    1200200,
    1216876,
    1233607,
    1250199,
    1266922,
    1299975,
    1316828,
    1333550,
    1350170,
    1367209,
    1383578,
    1400225,
    1416895,
    1434044,
    1450341,
    1467029,
    1483516,
    1500283,
    1516892,
    1533578,
    1550277,
    1566876,
    1583586,
    1600453,
    1617121,
    1633798,
    1650341,
    1666889,
    1683829,
    1700155,
    1716819,
    1750056,
    1766791,
    1783435,
    1800095,
    1817005,
    1833632,
    1850205,
    1866954,
    1883606,
    1900206,
    1916945,
    1933643,
    1950333,
    1966850,
    1983514,
    2000397,
    2016892,
    2033667,
    2050225,
    2067076,
    2083598,
    2100199,
    2116857,
    2133665,
    2150140,
    2166943,
    2183561
  ],
  "frame_rasterizer_begin_times": [
    0,
    16310,
    32879,
    49505,
    66435,
    83084,
    100021,
    116673,
    132913,
    149441,
    166428,
    183239,
    199710,
    216461,
    233344,
    249981,
    266522,
    283225,
    299923,
    316508,
    333156,
    406229,
    417671,
    433667,
    450353,
    467474,
    484921,
    500780,
    517523,
    534148,
    550464,
    567522,
    584266,
    600923,
    617532,
    633638,
    650001,
    667088,
    683693,
    700380,
    716978,
    733988,
    750396,
    767069,
    783739,
    800620,
    819983,
    854431,
    867245,
    909947,
    916090,
    932651,
    949477,
    966156,
    983627,
    1000186,
    1017054,
    1034313,
    1051214,
    1067536,
    1083756,
    1100431,
    1117224,
    1133593,
    1150337,
    1167080,
    1183351,
    1200267,
    1216965,
    1233722,
    1250293,
    1269663,
    1303999,
    1317373,
    1334037,
    1350696,
    1367747,
    1384162,
    1400712,
    1417493,
    1434592,
    1450820,
    1467467,
    1484001,
    1500344,
    1517372,
    1533677,
    1550268,
    1566900,
    1583702,
    1600486,
    1617216,
    1633988,
    1650411,
    1666970,
    1683924,
    1700240,
    1719843,
    1749821,
    1772885,
    1784722,
    1800250,
    1817536,
    1834119,
    1850784,
    1867531,
    1884261,
    1900806,
    1917509,
    1934290,
    1950929,
    1967457,
    1983715,
    2000648,
    2017015,
    2033801,
    2050373,
    2067262,
    2083767,
    2100282,
    2117014,
    2133776,
    2150314,
    2167094,
    2186979
  ],
  "average_vsync_transitions_missed": 1.3333333333333333,
  "90th_percentile_vsync_transitions_missed": 2.0,
  "99th_percentile_vsync_transitions_missed": 2.0
}